timestamp_ms,datetime_utc,close,volume,dif,dea,hist,dif_pct,dea_pct,hist_pct,hist_z,hist_slope_pct,hist_accel_pct,zl_dif,zl_dea,zl_hist,zl_dif_pct,zl_dea_pct,zl_hist_pct,zl_hist_z,zl_hist_slope_pct,zl_hist_accel_pct
1790087580000,2026-09-22T14:33:00+00:00,85771.1,7.55698234,,,,,,,,,,,,,,,,,,
1790087640000,2026-09-22T14:34:00+00:00,85761.4,12.1347182,,,,,,,,,,,,,,,,,,
1790087700000,2026-09-22T14:35:00+00:00,85477,80.97556475,,,,,,,,,,,,,,,,,,
1790087760000,2026-09-22T14:36:00+00:00,85612.3,16.2899439,,,,,,,,,,,,,,,,,,
1790087820000,2026-09-22T14:37:00+00:00,85683.3,9.70964723,,,,,,,,,,,,,,,,,,
1790087880000,2026-09-22T14:38:00+00:00,85797.9,7.97017273,,,,,,,,,,,,,,,,,,
1790087940000,2026-09-22T14:39:00+00:00,85885.5,3.55990902,,,,,,,,,,,,,,,,,,
1790088000000,2026-09-22T14:40:00+00:00,85979.9,5.01232264,,,,,,,,,,,,,,,,,,
1790088060000,2026-09-22T14:41:00+00:00,85913.9,6.30559095,,,,,,,,,,,,,,,,,,
1790088120000,2026-09-22T14:42:00+00:00,85811.4,3.14257232,,,,,,,,,,,,,,,,,,
1790088180000,2026-09-22T14:43:00+00:00,85840.5,32.65804953,,,,,,,,,,,,,,,,,,
1790088240000,2026-09-22T14:44:00+00:00,85897,1.77189101,,,,,,,,,,,,,,,,,,
1790088300000,2026-09-22T14:45:00+00:00,85905.7,3.34616474,,,,,,,,,,,,,,,,,,
1790088360000,2026-09-22T14:46:00+00:00,85978.9,3.34377739,,,,,,,,,,,,,,,,,,
1790088420000,2026-09-22T14:47:00+00:00,86006.5,4.81661102,,,,,,,,,,,,,,,,,,
1790088480000,2026-09-22T14:48:00+00:00,85998.9,4.10703617,,,,,,,,,,,,,,,,,,
1790088540000,2026-09-22T14:49:00+00:00,86022.7,5.01728978,,,,,,,,,,,,,,,,,,
1790088600000,2026-09-22T14:50:00+00:00,86045.2,6.18386394,,,,,,,,,,,,,,,,,,
1790088660000,2026-09-22T14:51:00+00:00,86030.3,2.24555254,,,,,,,,,,,,,,,,,,
1790088720000,2026-09-22T14:52:00+00:00,86009.1,1.79182694,,,,,,,,,,,,,,,,,,
1790088780000,2026-09-22T14:53:00+00:00,86043.6,3.66604254,,,,,,,,,,,,,,,,,,
1790088840000,2026-09-22T14:54:00+00:00,86081.3,3.78977329,,,,,,,,,,,,,,,,,,
1790088900000,2026-09-22T14:55:00+00:00,86159.9,4.46509163,,,,,,,,,,,,,,,,,,
1790088960000,2026-09-22T14:56:00+00:00,86153.8,4.72863918,,,,,,,,,,,,,,,,,,
1790089020000,2026-09-22T14:57:00+00:00,86209.2,6.15024077,,,,,,,,,,,,,,,,,,
1790089080000,2026-09-22T14:58:00+00:00,86219.6,3.39092257,,,,,,,,,,,,,,,,,,
1790089140000,2026-09-22T14:59:00+00:00,86256.4,3.31042388,,,,,,,,,,,,,,,,,,
1790089200000,2026-09-22T15:00:00+00:00,86218.9,7.47704307,,,,,,,,,,,,,,,,,,
1790089260000,2026-09-22T15:01:00+00:00,86254.8,5.47236148,,,,,,,,,,,,,,,,,,
1790089320000,2026-09-22T15:02:00+00:00,86270.5,2.98264996,,,,,,,,,,,,,,,,,,
1790089380000,2026-09-22T15:03:00+00:00,86204.8,2.87176497,,,,,,,,,,,,,,,,,,
1790089440000,2026-09-22T15:04:00+00:00,86254.2,9.02823127,,,,,,,,,,,,,,,,,,
1790089500000,2026-09-22T15:05:00+00:00,86291.7,3.80120451,,,,,,,,,,,,,,,,,,
1790089560000,2026-09-22T15:06:00+00:00,86297.7,3.64452669,,,,,,,,,,,,,,,,,,
1790089620000,2026-09-22T15:07:00+00:00,86313.2,2.66191002,,,,,,,,,,,,,,,,,,
1790089680000,2026-09-22T15:08:00+00:00,86373.2,5.81969344,,,,,,,,,,,,,,,,,,
1790089740000,2026-09-22T15:09:00+00:00,86247.5,5.3595781,,,,,,,,,,,,,,,,,,
1790089800000,2026-09-22T15:10:00+00:00,86197.7,5.59914525,,,,,,,,,,,,,,,,,,
1790089860000,2026-09-22T15:11:00+00:00,86192.8,11.14087947,,,,,,,,,,,,,,,,,,
1790089920000,2026-09-22T15:12:00+00:00,86249.8,4.6656247,,,,,,,,,,,,,,,,,,
1790089980000,2026-09-22T15:13:00+00:00,86261.1,7.03285383,,,,,,,,,,,,,,,,,,
1790090040000,2026-09-22T15:14:00+00:00,86305.6,5.54594066,,,,,,,,,,,,,,,,,,
1790090100000,2026-09-22T15:15:00+00:00,86226.1,4.80006852,,,,,,,,,,,,,,,,,,
1790090160000,2026-09-22T15:16:00+00:00,86223.9,1.76307354,,,,,,,,,,,,,,,,,,
1790090220000,2026-09-22T15:17:00+00:00,86158.6,4.42192967,,,,,,,,,,,,,,,,,,
1790090280000,2026-09-22T15:18:00+00:00,86144.2,2.31550863,,,,,,,,,,,,,,,,,,
1790090340000,2026-09-22T15:19:00+00:00,86215.8,6.12740863,,,,,,,,,,,,,,,,,,
1790090400000,2026-09-22T15:20:00+00:00,86158.6,2.1427108,,,,,,,,,,,,,,,,,,
1790090460000,2026-09-22T15:21:00+00:00,86248.9,4.47374086,,,,,,,,,,,,,,,,,,
1790090520000,2026-09-22T15:22:00+00:00,86285.5,2.96729027,,,,,,,,,,,,,,,,,,
1790090580000,2026-09-22T15:23:00+00:00,86304.4,3.97369331,,,,,,,,,,,,,,,,,,
1790090640000,2026-09-22T15:24:00+00:00,86246.1,3.44283712,,,,,,,,,,,,,,,,,,
1790090700000,2026-09-22T15:25:00+00:00,86317,1.35342133,,,,,,,,,,,,,,,,,,
1790090760000,2026-09-22T15:26:00+00:00,86308.2,1.18558067,,,,,,,,,,,,,,,,,,
1790090820000,2026-09-22T15:27:00+00:00,86290.7,2.51733036,,,,,,,,,,,,,,,,,,
1790090880000,2026-09-22T15:28:00+00:00,86286,2.54458058,,,,,,,,,,,,,,,,,,
1790090940000,2026-09-22T15:29:00+00:00,86283.3,0.66952576,,,,,,,,,,,,,,,,,,
1790091000000,2026-09-22T15:30:00+00:00,86288.3,1.02673424,,,,,,,,,,,,,,,,,,
1790091060000,2026-09-22T15:31:00+00:00,86295.9,1.83161175,,,,,,,,,,,,,,,,,,
1790091120000,2026-09-22T15:32:00+00:00,86324.6,3.78225699,,,,,,,,,,,,,,,,,,
1790091180000,2026-09-22T15:33:00+00:00,86323.4,1.06177703,,,,,,,,,,,,,,,,,,
1790091240000,2026-09-22T15:34:00+00:00,86281.7,2.80637376,,,,,,,,,,,,,,,,,,
1790091300000,2026-09-22T15:35:00+00:00,86289,1.69203495,,,,,,,,,,,,,,,,,,
1790091360000,2026-09-22T15:36:00+00:00,86387.4,1.97462344,,,,,,,,,,,,,,,,,,
1790091420000,2026-09-22T15:37:00+00:00,86368.6,3.21356581,,,,,,,,,,,,,,,,,,
1790091480000,2026-09-22T15:38:00+00:00,86277.8,4.96830158,,,,,,,,,,,,,,,,,,
1790091540000,2026-09-22T15:39:00+00:00,86337.9,1.5320031,,,,,,,,,,,,,,,,,,
1790091600000,2026-09-22T15:40:00+00:00,86374.3,11.61358297,,,,,,,,,,,,,,,,,,
1790091660000,2026-09-22T15:41:00+00:00,86426.8,3.01709029,,,,,,,,,,,,,,,,,,
1790091720000,2026-09-22T15:42:00+00:00,86452.4,20.36690168,,,,,,,,,,,,,,,,,,
1790091780000,2026-09-22T15:43:00+00:00,86485.5,3.28877882,,,,,,,,,,,,,,,,,,
1790091840000,2026-09-22T15:44:00+00:00,86554.6,10.13593016,,,,,,,,,,,,,,,,,,
1790091900000,2026-09-22T15:45:00+00:00,86613.2,4.93091305,,,,,,,,,,,,,,,,,,
1790091960000,2026-09-22T15:46:00+00:00,86511.6,21.28477795,,,,,,,,,,,,,,,,,,
1790092020000,2026-09-22T15:47:00+00:00,86509.7,18.94542262,,,,,,,,,,,,,,,,,,
1790092080000,2026-09-22T15:48:00+00:00,86566.5,3.27054964,,,,,,,,,,,,,,,,,,
1790092140000,2026-09-22T15:49:00+00:00,86490.7,103.43509012,,,,,,,,,,,,,,,,,,
1790092200000,2026-09-22T15:50:00+00:00,86414.6,3.07593629,,,,,,,,,,,,,,,,,,
1790092260000,2026-09-22T15:51:00+00:00,86354.4,9.84314236,,,,,,,,,,,,,,,,,,
1790092320000,2026-09-22T15:52:00+00:00,86415.7,6.66121364,,,,,,,,,,,,,,,,,,
1790092380000,2026-09-22T15:53:00+00:00,86398.5,5.19057103,,,,,,,,,,,,,,,,,,
1790092440000,2026-09-22T15:54:00+00:00,86394.6,0.93590015,,,,,,,,,,,,,,,,,,
1790092500000,2026-09-22T15:55:00+00:00,86423.1,3.52203903,,,,,,,,,,,,,,,,,,
1790092560000,2026-09-22T15:56:00+00:00,86472.9,0.70694753,,,,,,,,,,,,,,,,,,
1790092620000,2026-09-22T15:57:00+00:00,86457.2,1.79949293,,,,,,,,,,,,,,,,,,
1790092680000,2026-09-22T15:58:00+00:00,86412.7,0.75429217,,,,,,,,,,,,,,,,,,
1790092740000,2026-09-22T15:59:00+00:00,86419,1.7350374,,,,,,,,,,,,,,,,,,
1790092800000,2026-09-22T16:00:00+00:00,86423.5,2.22205728,,,,,,,,,,,,,,,,,,
1790092860000,2026-09-22T16:01:00+00:00,86411.9,3.13604047,,,,,,,,,,,,,,,,,,
1790092920000,2026-09-22T16:02:00+00:00,86434.6,6.89806679,,,,,,,,,,,,,,,,,,
1790092980000,2026-09-22T16:03:00+00:00,86523.8,1.433379,,,,,,,,,,,,,,,,,,
1790093040000,2026-09-22T16:04:00+00:00,86417,16.04353552,,,,,,,,,,,,,,,,,,
1790093100000,2026-09-22T16:05:00+00:00,86346.8,6.88765975,,,,,,,,,,,,,,,,,,
1790093160000,2026-09-22T16:06:00+00:00,86391.2,8.90649258,,,,,,,,,,,,,,,,,,
1790093220000,2026-09-22T16:07:00+00:00,86429.8,4.16387865,,,,,,,,,,,,,,,,,,
1790093280000,2026-09-22T16:08:00+00:00,86364.7,9.35949997,,,,,,,,,,,,,,,,,,
1790093340000,2026-09-22T16:09:00+00:00,86266.4,3.55737857,,,,,,,,,,,,,,,,,,
1790093400000,2026-09-22T16:10:00+00:00,86222,5.19662059,,,,,,,,,,,,,,,,,,
1790093460000,2026-09-22T16:11:00+00:00,86247.6,4.74869025,,,,,,,,,,,,,,,,,,
1790093520000,2026-09-22T16:12:00+00:00,86236.5,4.05866498,-37.35853290036903,-11.412856160834286,-25.94567673953474,-0.04332102172556751,-0.013234368464437082,-0.030086653261130424,-1.7085979548447336,-3.76944860254122e-06,0.0012762314760848617,-83.94051869184477,-47.892907821164656,-36.04761087068012,-0.09733757595895563,-0.05553670176916347,-0.04180087418979216,-1.1438038165259743,-0.005287855277527717,-0.003607587915783153
1790093580000,2026-09-22T16:13:00+00:00,86167.1,4.6890159,-47.55085993843386,-18.640456916354204,-28.910403022079656,-0.05518447288864759,-0.02163291664260977,-0.03355155624603782,-1.856298577863925,-0.003464902984907394,-0.003461133536304853,-95.60209554285393,-57.434745365502515,-38.167350177351416,-0.11094964962596389,-0.06665507527293191,-0.044294574353031975,-1.194395230510362,-0.002493700163239812,0.002794155114287905
1790093640000,2026-09-22T16:14:00+00:00,86182.1,4.17610658,-53.79783001169562,-25.671931535422488,-28.125898476273136,-0.06242343829135705,-0.02978800880394245,-0.032635429487414595,-1.758056170524445,0.000916126758623223,0.004381029743530617,-83.91356349684065,-62.73050899177015,-21.1830545050705,-0.09736774051321637,-0.07278832726490785,-0.02457941324830852,-0.620896066694754,0.019715161104723454,0.022208861267963266
1790093700000,2026-09-22T16:15:00+00:00,86182.9,4.63347902,-58.015281436484656,-32.14060151563492,-25.874679920849736,-0.06731646467742981,-0.03729347877088718,-0.03002298590654264,-1.5982625734354727,0.0026124435808719537,0.0016963168222487307,-58.31698068592232,-61.847803330600584,3.530822644678267,-0.06766653325186588,-0.07176342793129563,0.004096894679429756,0.1876113092219298,0.028676307927738277,0.00896114682301482
1790093760000,2026-09-22T16:16:00+00:00,86205.5,4.81850863,-58.85556068456208,-37.48359334942035,-21.371967335141726,-0.06827355642570611,-0.04348167268842516,-0.024791883737280945,-1.307309542915446,0.005231102169261696,0.0026186585883897426,-42.40265534190985,-57.95877373286244,15.55611839095259,-0.049187877040223475,-0.06723326670904112,0.01804538966881764,0.5748588677895463,0.013948494989387883,-0.014727812938350394
1790093820000,2026-09-22T16:17:00+00:00,86166.7,1.49674529,-61.9383371816657,-42.374542115869424,-19.563795065796278,-0.07188198826422006,-0.04917739929215048,-0.02270458897206958,-1.1869801336837182,0.0020872947652113664,-0.00314380740405033,-37.20308243314503,-53.80763547291896,16.604553039773933,-0.04317570759138394,-0.06244597445755607,0.01927026686617212,0.596041101375272,0.0012248771973544827,-0.0127236177920334
1790093880000,2026-09-22T16:18:00+00:00,86128.2,3.71130874,-66.71899298785138,-47.243432290265815,-19.475560697585564,-0.07746474788495682,-0.05485245516598027,-0.022612292718976554,-1.1651723813706067,9.229625309302436e-05,-0.001994998512118342,-23.625034343014704,-47.77111524693811,24.146080903923405,-0.027430080209518724,-0.055465126691302165,0.028035046481783437,0.837425361831978,0.008764779615611316,0.007539902418256833
1790093940000,2026-09-22T16:19:00+00:00,86117.4,3.65948561,-70.56572909826355,-51.90789165186536,-18.657837446398183,-0.08194131394847447,-0.06027573016819524,-0.02166558378027923,-1.0913830851455049,0.0009467089386973257,0.0008544126856043013,-11.335395134577993,-40.48397122446608,29.14857608988809,-0.013162723369003237,-0.04701021074076329,0.03384748737176005,0.9988695367803234,0.005812440889976612,-0.002952338725634704
1790094000000,2026-09-22T16:20:00+00:00,86130.1,4.97545585,-71.76228042009461,-55.87876940551122,-15.88351101458339,-0.08331846871197712,-0.06487716768645481,-0.01844130102552231,-0.896963828600005,0.0032242827547569186,0.002277573816059593,-1.6738784312765347,-32.72195266582817,31.048074234551635,-0.0019434302656986752,-0.03799130927031104,0.036047879004612364,1.1147483324971141,0.002200391632852315,-0.0036120492571242967
1790094060000,2026-09-22T16:21:00+00:00,86201.8,3.09274876,-66.16228751929884,-57.93547302826875,-8.22681449103009,-0.07675279114739929,-0.06720912211609126,-0.009543669031308035,-0.38999876480956996,0.008897631994214275,0.005673349239457354,8.66746802777925,-24.444068527106687,33.11153655488594,0.010054857355390781,-0.02835679594522004,0.03841165330061082,1.2680286548097859,0.002363774295998454,0.0001633826631461388
1790094120000,2026-09-22T16:22:00+00:00,86149.9,2.58753084,-65.16101345150673,-59.38058111291635,-5.78043233859038,-0.07563678361960575,-0.068927045896648,-0.006709737722957751,-0.2170006667402121,0.002833931308350284,-0.006063700685863991,11.764905076575815,-17.20227380637019,28.967178882946005,0.013656318900632288,-0.019967839552187745,0.03362415845282003,1.176336530886263,-0.004787494847790785,-0.007151269143789239
1790094180000,2026-09-22T16:23:00+00:00,86165,5.52678486,-62.4294054103666,-59.9903459724064,-2.4390594379601964,-0.07245332259080439,-0.06962263793002542,-0.0028306846607789662,0.0150985386047975,0.003879053062178785,0.001045121753828501,24.91628846153617,-8.77856135278892,33.69484981432509,0.028916948252232542,-0.010188082577367748,0.03910503082960029,1.3782929149236756,0.0054808723767802575,0.010268367224571043
1790094240000,2026-09-22T16:24:00+00:00,86234.4,3.66398336,-54.04162810849084,-58.800602399623294,4.7589742911324535,-0.06266829491304032,-0.06818694442081501,0.0055186495077746865,0.5037039872630099,0.008349334168553654,0.0044702811063748685,48.20849722796993,2.6188503633628493,45.589646864607076,0.05590402116553247,0.003036897529713026,0.05286712363581944,1.809499347097021,0.01376209280621915,0.008281220429438893
1790094300000,2026-09-22T16:25:00+00:00,86252.4,4.92921843,-45.41825126959884,-56.124132173618406,10.705880904019565,-0.05265737680296298,-0.06506964695894654,0.012412270155983562,0.9095032817454749,0.006893620648208876,-0.0014557135203447768,63.04246709079598,14.703573708849477,48.338893381946505,0.07309068163992652,0.017047147336015554,0.05604353430391098,1.8623921731351527,0.003176410668091538,-0.010585682138127613
1790094360000,2026-09-22T16:26:00+00:00,86160.8,2.83181417,-45.4515799426008,-53.989621727414885,8.538041784814084,-0.0527520403044085,-0.06266146754372624,0.009909427239317745,0.7816356252507237,-0.002502842916665818,-0.009396463564874693,49.83383986547415,21.729626940174413,28.104212925299734,0.05783818147634904,0.02521985281029704,0.032618328666052,1.0920698000981837,-0.02342520563785898,-0.02660161630595051
1790094420000,2026-09-22T16:27:00+00:00,86145.7,4.33325732,-46.16428383237508,-52.424554148406926,6.26027031603185,-0.053588610728539064,-0.06085568304443161,0.007267072315892551,0.649306842988227,-0.0026423549234251935,-0.00013951200675937567,44.32754970474343,26.249211493088218,18.078338211655215,0.05145648558749123,0.030470715883773907,0.020985769703717325,0.7100143966764735,-0.011632558962334675,0.0117926466755243
1790094480000,2026-09-22T16:28:00+00:00,86083.1,3.14346196,-51.19031355988409,-52.17770603070236,0.9873924708182713,-0.059466159513172835,-0.06061318194942138,0.001147022436248545,0.30747193487344965,-0.006120049879644006,-0.0034776949562188124,29.247948585019913,26.848958911474558,2.398989673545355,0.033976411845089115,0.031189581824393586,0.0027868300206955313,0.12628095882900747,-0.018198939683021793,-0.006566380720687118
1790094540000,2026-09-22T16:29:00+00:00,86095.8,6.97834286,-53.53161532859667,-52.44848789028123,-1.0831274383154437,-0.06217680226979327,-0.06091875316830929,-0.001258049101483979,0.18304167008654093,-0.0024050715377325243,0.003714978341911482,6.036888464601361,22.68654482209992,-16.649656357498557,0.0070118269005007925,0.026350350216967515,-0.01933852331646672,-0.5764676219835362,-0.022125353337162253,-0.003926413654140457
1790094600000,2026-09-22T16:30:00+00:00,86138,2.44076331,-51.38953990150185,-52.236698292525354,0.8471583910235054,-0.05965954619506124,-0.06064303593364758,0.0009834897385863446,0.3431974167356623,0.0022415388400703236,0.004646610377802848,-11.877040558101726,15.773827746059592,-27.650868304161317,-0.013788386726069477,0.018312275355893557,-0.032100662081963036,-0.9707504139879422,-0.012762138765496315,0.009363214571665937
1790094660000,2026-09-22T16:31:00+00:00,86112.4,4.8349276,-51.16780513781123,-52.022919661582534,0.8551145237713058,-0.05941978755418643,-0.060412808912052786,0.0009930213578663535,0.3638131962067724,9.531619280008907e-06,-0.0022320072207903147,-17.984226652173675,9.022216866412938,-27.006443518586615,-0.020884595775026216,0.010477256314320515,-0.031361852089346734,-0.9377488493718299,0.0007388099926163016,0.013500948758112617
1790094720000,2026-09-22T16:32:00+00:00,86109.8,7.85526341,-50.61837983703299,-51.74201169667263,1.1236318596396373,-0.058783529676103057,-0.060088412348736873,0.0013048826726338202,0.39877829901811457,0.00031186131476746673,0.0003023296954874578,-20.20969465574308,3.175834561981735,-23.385529217724812,-0.02346968017083198,0.003688122097579759,-0.02715780226841174,-0.8000286018181056,0.004204049820934995,0.0034652398283186933
1790094780000,2026-09-22T16:33:00+00:00,86142,3.02651919,-47.04240981693147,-50.8020913207244,3.759681503792933,-0.05461030602601689,-0.05897482217817604,0.004364516152159148,0.6075761743982743,0.0030596334795253274,0.002747772164757861,-1.8215605314035201,2.176355543304684,-3.997916074708204,-0.0021146020888805927,0.0025264743601317403,-0.0046410764490123334,-0.09471611665211768,0.022516725819399404,0.01831267599846441
1790094840000,2026-09-22T16:34:00+00:00,86163.3,11.46992771,-42.005482766224304,-49.04276960982438,7.037286843600079,-0.0487510143718083,-0.056918397519389784,0.008167383147581486,0.8638692589047169,0.0038028669954223377,0.00074323351589701,11.55856233558734,4.052796901761215,7.505765433826125,0.013414716399658948,0.0047036231223284335,0.008711093277330516,0.3170019230242302,0.01335216972634285,-0.009164556093056556
1790094900000,2026-09-22T16:35:00+00:00,86135,4.25300331,-39.83802729609306,-47.20182114707812,7.363793850985061,-0.04625068473453655,-0.05479981557680167,0.00854913084226512,0.9053014570075256,0.00038174769468363526,-0.0034211193007387024,12.637478401346016,5.769733201678175,6.867745199667841,0.014671711152662699,0.006698477043801213,0.007973234108861485,0.2858077289873128,-0.0007378591684690308,-0.01409002889481188
1790094960000,2026-09-22T16:36:00+00:00,86184.6,5.02855734,-33.72918865374231,-44.50729464841096,10.77810599466865,-0.039135980968458765,-0.051641818432075985,0.012505837463617222,1.1802491321503434,0.003956706621352101,0.0035749589266684655,30.639051063684747,10.74359677407949,19.895454289605254,0.035550494013645996,0.012465796411516083,0.02308469760212991,0.7513684883856074,0.015111463493268425,0.015849322661737456
1790095020000,2026-09-22T16:37:00+00:00,86178.4,3.51421065,-29.053270188625902,-41.41648975645395,12.363219567828047,-0.033712937567448344,-0.04805901450532146,0.014346076937873117,1.3208617064744494,0.0018402394742558954,-0.0021164671470962054,46.52815726850531,17.900508872964657,28.627648395540653,0.05399050953429782,0.0207714565053014,0.03321905302899643,1.0562239612744602,0.010134355426866519,-0.004977108066401906
1790095080000,2026-09-22T16:38:00+00:00,86204.2,1.78796122,-23.000590249401284,-37.733309855043416,14.732719605642131,-0.026681519287228794,-0.04377200862028001,0.017090489333051212,1.5206083259463643,0.002744412395178095,0.0009041729209221996,52.44893099286128,24.810193296943982,27.638737695917296,0.06084266311022117,0.028780724485516926,0.032061938624704245,1.0099497468554963,-0.0011571144042921838,-0.011291469831158703
1790095140000,2026-09-22T16:39:00+00:00,86207.3,2.00187922,-17.749053656007163,-33.73645861523617,15.987404959229004,-0.020588805885356765,-0.03913410884604455,0.01854530296068779,1.6348800405197534,0.0014548136276365774,-0.0012895987675415176,52.80339552342775,30.408833742240738,22.394561781187015,0.061251652149444134,0.03527408205829522,0.025977570091148913,0.8167873836456497,-0.006084368533555332,-0.004927254129263148
1790095200000,2026-09-22T16:40:00+00:00,86247.2,4.72695301,-10.249427508402732,-29.03905239386948,18.789624885466747,-0.01188378000491927,-0.0336695595843917,0.02178577957947243,1.8502122028273078,0.0032404766187846407,0.0017856629911480633,58.36141308413062,35.999349610618715,22.362063473511903,0.06766760321973422,0.04173973138909868,0.025927871830635548,0.8059308366262403,-4.969826051336515e-05,0.006034670273041966
1790095260000,2026-09-22T16:41:00+00:00,86252.6,1.16055371,-3.8260802131699165,-23.996457957729568,20.17037774455965,-0.004435901309838679,-0.027821141574549135,0.023385240264710453,1.9425079986995992,0.001599460685238023,-0.0016410159335466176,55.630954898530035,39.92567066820098,15.705284230329056,0.0644977135744662,0.04628923727308044,0.01820847630138576,0.5592242359856554,-0.007719395529249787,-0.007669697268736425
1790095320000,2026-09-22T16:42:00+00:00,86224.8,1.7570688,-0.967604922465398,-19.390687350676735,18.423082428211337,-0.0011221886539202154,-0.022488526909516443,0.021366338255596227,1.7921657397991486,-0.0020189020091142262,-0.0036183626943522493,51.4902146688255,42.23857946832589,9.251635200499614,0.059716247145630376,0.04898657865060387,0.010729668495026504,0.3209041397543289,-0.007478807806359258,0.00024058772289052913
1790095380000,2026-09-22T16:43:00+00:00,86254.4,0.675288,3.6442216434370494,-14.783705551853979,18.427927195291026,0.004224968979480524,-0.017139653805317734,0.021364622784798257,1.7619035108462513,-1.7154707979694095e-06,0.002017186538316257,46.055843096604804,43.00203219398168,3.053810902623127,0.053395355015633764,0.04985488530901807,0.003540469706615694,0.08826966304280938,-0.00718919878841081,0.000289609017948448
1790095440000,2026-09-22T16:44:00+00:00,86234.8,5.33445672,5.6524137204978615,-10.696481697383613,16.348895417881472,0.006554678297506182,-0.01240390387335926,0.01895858217086544,1.5770232454478068,-0.002406040613932816,-0.0024043251431348465,36.43055661584367,41.687737078354075,-5.257180462510405,0.04224577156303913,0.04834212763101912,-0.006096356067979986,-0.22447854704271628,-0.009636825774595681,-0.0024476269861848712
1790095500000,2026-09-22T16:45:00+00:00,86276.4,1.41442225,10.4798871287785,-6.46120793215119,16.94109506092969,0.012146875772260434,-0.007488963299524772,0.019635839071785205,1.5941579601818419,0.0006772569009197635,0.0030832975148525794,30.246864283442846,39.399562519371834,-9.152698235928987,0.035058097328403655,0.04566667422304574,-0.010608576894642091,-0.3761135734337713,-0.004512220826662105,0.005124604947933575
1790095560000,2026-09-22T16:46:00+00:00,86243.3,3.43839707,11.50221088595572,-2.8685241685298086,14.370735054485529,0.0133369327077648,-0.003326083496955484,0.01666301620472028,1.3818014637072387,-0.0029728228670649233,-0.0036500797679846868,19.32463394572551,35.38457680464257,-16.05994285891706,0.022407113301236743,0.04102878345870644,-0.018621670157469693,-0.6368205902588839,-0.008013093262827602,-0.0035008724361654973
1790095620000,2026-09-22T16:47:00+00:00,86230.8,0.60319086,11.174946469080169,-0.05983004100781297,11.234776510087983,0.012959344537079753,-6.938360888199225e-05,0.013028728145961746,1.1356624570070062,-0.0036342880587585356,-0.0006614651916936123,9.715768194553675,30.250815082624793,-20.53504688807112,0.011267166945631579,0.03508121817566901,-0.023814051230037433,-0.8036616823781316,-0.005192381072567739,0.002820712190259863
1790095680000,2026-09-22T16:48:00+00:00,86288.9,6.12216315,15.425950741104316,3.037326115414613,12.388624625689703,0.01787709744950314,0.0035199499766651486,0.014357147472837995,1.2086461417585272,0.0013284193268762491,0.004962707385634785,9.443115333167952,26.089275132733427,-16.646159799565474,0.01094360379280296,0.03023479860414657,-0.019291194811343608,-0.6543660963013517,0.004522856418693825,0.009715237491261564
1790095740000,2026-09-22T16:49:00+00:00,86405.2,4.35029215,27.858208210760495,8.001502534483791,19.856705676276704,0.032241356088245264,0.009260440962446463,0.0229809151257988,1.7143271351251983,0.008623767652960804,0.007295348326084555,29.437554084695876,26.75893092312592,2.6786231615699556,0.03406919269291186,0.030969120982447727,0.003100071710464134,0.050379773706866054,0.022391266521807743,0.017868410103113918
1790095800000,2026-09-22T16:50:00+00:00,86450.9,4.85873608,40.92669245949946,14.586540519486926,26.34015194001254,0.047340967485011105,0.01687263003564674,0.030468337449364367,2.1102802096514304,0.007487422323565567,-0.0011363453293952372,46.926786108422675,30.79250196018527,16.134284148237406,0.05428143155065208,0.035618486285493,0.018662945265159075,0.5308672214172768,0.01556287355469494,-0.0068283929671128
1790095860000,2026-09-22T16:51:00+00:00,86578.5,11.77563794,60.8780497203843,23.8448423596664,37.033207360717896,0.07031543595740779,0.027541297619693574,0.04277413833771421,2.7320043848306157,0.01230580088834984,0.004818378564784273,84.95137773831084,41.624277115810386,43.32710062250045,0.09812063934846509,0.04807692107833975,0.050043718270125326,1.498740320339873,0.03138077300496625,0.01581789945027131
1790095920000,2026-09-22T16:52:00+00:00,86542.7,10.97086515,72.95984757754195,33.66784340324151,39.29200417430044,0.08430502812778196,0.03890315809795802,0.04540187002982393,2.7524446346029046,0.002627731692109725,-0.009678069196240115,112.53131274477346,55.805684241603004,56.725628503170455,0.1300298150447969,0.0644834102028282,0.06554640484196872,1.9385072375431895,0.015502686571843394,-0.015878086433122857
1790095980000,2026-09-22T16:53:00+00:00,86499.9,3.85984753,78.17994735078537,42.57026419275029,35.60968315803508,0.09038154651136635,0.04921423515258432,0.041167311358782016,2.4130141794919044,-0.004234558671041916,-0.006862290363151641,117.67705882966402,68.17995915921522,49.497099670448804,0.1360429998527906,0.07882085315614841,0.057222146696642204,1.6403662960712633,-0.008324258145326516,-0.02382694471716991
1790096040000,2026-09-22T16:54:00+00:00,86558,4.47289177,86.01358737425471,51.25892882905117,34.75465854520354,0.09937104297032592,0.059219169607721035,0.04015187336260489,2.270579535101551,-0.0010154379961771279,0.003219120674864788,109.27185067589744,76.39833746255167,32.873513213345774,0.12624119165865366,0.08826259555737385,0.03797859610127981,1.0163291410715491,-0.019243550595362396,-0.01091929245003588
1790096100000,2026-09-22T16:55:00+00:00,86501.6,3.39312071,86.67169750803441,58.34148256484782,28.33021494318659,0.10019664088067089,0.06744555310520016,0.03275108777547073,1.8163550767947805,-0.007400785587134161,-0.006385347590957033,85.54900268446363,78.22847050693406,7.3205321775295715,0.09889875179703453,0.09043586535617151,0.008462886440863026,0.08728495689297963,-0.02951570966041678,-0.010272159065054381
1790096160000,2026-09-22T16:56:00+00:00,86513.2,3.45013232,87.1249553335656,64.09817711859138,23.026778214974215,0.10070712369160498,0.07409063254924264,0.02661649114236234,1.4532063104253559,-0.006134596633108388,0.0012661889540257695,44.5165832873754,71.48609306302232,-26.969509775646927,0.05145640582867747,0.08263027267864595,-0.031173866849968476,-1.1369541038219295,-0.0396367532908315,-0.010121043630414717
1790096220000,2026-09-22T16:57:00+00:00,86505.3,1.32575276,85.8569954494742,68.44994078476795,17.40705466470625,0.09925056088988096,0.07912803121284817,0.020122529677032795,1.0843654251207326,-0.006493961465329545,-0.000359364832221154,15.273330673837336,60.24354058518533,-44.97020991134799,0.017655947871214057,0.06964144461112247,-0.05198549673990841,-1.7446288230921083,-0.020811629889939936,0.018825123400891566
1790096280000,2026-09-22T16:58:00+00:00,86465.7,13.00962235,80.72617792831443,70.90518821347725,9.820989714837182,0.09336208222256275,0.082003832980566,0.01135824924199675,0.5965284754350154,-0.008764280435036045,-0.0022703189697064995,-13.032047649277956,45.58842293829267,-58.62047058757063,-0.015071927538061863,0.05272428597500821,-0.06779621351307007,-2.1637898392254353,-0.015810716773161655,0.005000913116778281
1790096340000,2026-09-22T16:59:00+00:00,86422.1,4.473625,72.30828752936213,71.18580807665423,1.122479452707907,0.08366874622273947,0.08236991241436419,0.0012988338083752963,0.031855120906616435,-0.010059415433621453,-0.0012951349985854087,-54.80484208876442,25.50976993288126,-80.31461202164567,-0.06341530938123977,0.029517646450249714,-0.09293295583148947,-2.7809821760903475,-0.025136742318419406,-0.00932602554525775
1790096400000,2026-09-22T17:00:00+00:00,86389.5,6.03037549,62.28847838455113,69.40634213823361,-7.117863753682485,0.07210190866314903,0.08034117819669476,-0.008239269533545725,-0.5126526714349049,-0.009538103341921022,0.0005213120917004314,-82.85754608453135,3.8363067293987356,-86.69385281393008,-0.0959115935206609,0.004440709495249695,-0.1003523030159106,-2.843055918351723,-0.007419347184421124,0.01771739513399828
1790096460000,2026-09-22T17:01:00+00:00,86497.3,6.67956515,62.327790554467356,67.99063182148036,-5.6628412670130075,0.07205749838950737,0.07860434004469545,-0.006546841655188089,-0.4294155868397279,0.0016924278783576364,0.011230531220278658,-82.28678658166609,-13.388311932814231,-68.89847464885186,-0.09513220248685923,-0.015478300401069433,-0.0796539020857898,-2.191621373389444,0.02069840093012079,0.028117748114541916
1790096520000,2026-09-22T17:02:00+00:00,86520.3,2.5970169,63.48306031090033,67.08911751936435,-3.606057208464023,0.07337360169913919,0.07754147583788354,-0.004167874138744344,-0.30173130958940836,0.0023789675164437446,0.0006865396380861082,-73.86255293604336,-25.483160133460057,-48.3793928025833,-0.08537019975201583,-0.029453388549808605,-0.05591681120220722,-1.5154091718420037,0.023737090883582584,0.003038689953461793
1790096580000,2026-09-22T17:03:00+00:00,86563.7,2.87931327,67.1268407718162,67.09666216985472,0.030178601961480922,0.07754617786880205,0.07751131498521288,3.486288358917297e-05,-0.0684153203785575,0.004202737022333518,0.0018237695058897722,-44.57219833690033,-29.300967774148113,-15.271230562752216,-0.051490634454049826,-0.03384902421470907,-0.01764161023934076,-0.47827317778669665,0.03827520096286646,0.014538110079283878
1790096640000,2026-09-22T17:04:00+00:00,86478.9,5.39861739,62.45200391612889,66.16773051910955,-3.7157266029806664,0.07221646426599887,0.07651315005060143,-0.004296685784602564,-0.31546661676850685,-0.004331548668191737,-0.008534285690525254,-29.304003726909286,-29.30157496470035,-0.002428762208936064,-0.033885726722829836,-0.0338829182201674,-2.8085026624252436e-06,0.0075266685576814716,0.017638801736678335,-0.020636399226188124
1790096700000,2026-09-22T17:05:00+00:00,86514.1,1.87013373,60.88565590766666,65.11131559682099,-4.225659689154327,0.07037656972408735,0.07526092925525549,-0.004884359531168129,-0.34718399829889396,-0.0005876737465655649,0.003743874921626172,-8.172466596835875,-25.075753291127455,16.90328669429158,-0.009446398444688062,-0.02898458550817434,0.019538187063486274,0.5517165708570658,0.0195409955661487,0.0019021938294703639
1790096760000,2026-09-22T17:06:00+00:00,86492.2,3.27988066,57.21759799894062,63.532572077244915,-6.314974078304296,0.0661534774221729,0.07345468386426166,-0.007301206442088762,-0.4793504975165243,-0.0024168469109206326,-0.0018291731643550677,-6.0400945821311325,-21.26862154932819,15.228526967197059,-0.006983398019857435,-0.02459021917505647,0.017606821155199032,0.5125092167143408,-0.0019313659082872414,-0.02147236147443594
1790096820000,2026-09-22T17:07:00+00:00,86493.1,2.84463051,53.76350592801464,61.578758847398866,-7.815252919384228,0.06215930048525794,0.07119499572497559,-0.009035695239717652,-0.5715929419049393,-0.0017344887976288902,0.0006823581132917424,-11.181511441463954,-19.251199527755343,8.06968808629139,-0.01292763404417688,-0.02225749745095891,0.00932986340678203,0.2918545136067846,-0.008276957748417002,-0.0063455918401297585
1790096880000,2026-09-22T17:08:00+00:00,86443.8,2.14388924,46.51185537755373,58.56537815342985,-12.053522775876118,0.053805889349558586,0.0677496571800752,-0.01394376783051661,-0.8385244571722462,-0.004908072590798958,-0.0031735837931700676,-28.978558707996854,-21.196671363803645,-7.781887344193208,-0.03352300420388374,-0.024520753788939916,-0.009002250414943822,-0.20928499181245855,-0.01833211382172585,-0.010055156073308851
1790096940000,2026-09-22T17:09:00+00:00,86456,2.05780162,41.273532520310255,55.10700902680593,-13.833476506495678,0.047739350097518105,0.06373994751874472,-0.01600059742122661,-0.9424608026125346,-0.0020568295907100013,0.0028512430000889565,-28.75996544150985,-22.709330179344885,-6.050635262164963,-0.03326543610797382,-0.026266922109911266,-0.006998513998062557,-0.14996542778908767,0.0020037364168812655,0.020335850238607116
1790097000000,2026-09-22T17:10:00+00:00,86474,5.17368113,38.13497720457963,51.71260266236067,-13.577625457781046,0.04409993432081276,0.05980133064546647,-0.015701396324653706,-0.9149007082532281,0.00029920109657290486,0.002356030687282906,-33.43702239294362,-24.854868622064632,-8.582153770878985,-0.03866713971013671,-0.02874259155591812,-0.009924548154218593,-0.2313714469593363,-0.002926034156156036,-0.004929770573037302
1790097060000,2026-09-22T17:11:00+00:00,86535.2,2.67828416,40.12345976685174,49.394774083258895,-9.271314316407157,0.04636663434862546,0.057080556910088495,-0.010713922561463031,-0.6313101050062581,0.004987473763190675,0.004688272666617772,-27.368197811956634,-25.357534460043034,-2.0106633519135997,-0.031626665001013035,-0.029303144223440908,-0.002323520777572132,-0.02435379460817317,0.00760102737664646,0.010527061532802497
1790097120000,2026-09-22T17:12:00+00:00,86409,14.31201296,31.15690382826142,45.7472000322594,-14.59029620399798,0.03605747529570001,0.0529426333278471,-0.01688515803214709,-0.9616110172650287,-0.00617123547068406,-0.011158709233874735,-45.78814211105055,-29.443655990244537,-16.34448612080601,-0.05299001505751779,-0.03407475609050509,-0.018915258967012707,-0.48398177109423623,-0.016591738189440576,-0.024192765566087036
1790097180000,2026-09-22T17:13:00+00:00,86417.2,11.4261219,24.430891012234497,41.483938228254424,-17.053047216019927,0.02827086623060513,0.04800426099000479,-0.019733394759399666,-1.1018857470409937,-0.0028482367272525747,0.0033229987434314854,-44.00048431562027,-32.35502165531969,-11.64546266030058,-0.05091635035111097,-0.03744048830015285,-0.013475862050958121,-0.3321908478762936,0.0054393969160545855,0.02203113510549516
1790097240000,2026-09-22T17:14:00+00:00,86421.5,3.90286638,19.225828082169755,37.032316199037496,-17.80648811686774,0.02224657993921623,0.042850813974575186,-0.020604234035358954,-1.1331163447789425,-0.0008708392759592884,0.0019773974512932863,-40.97596058057388,-34.079209440370526,-6.896751140203357,-0.04741408165858482,-0.03943371665658491,-0.007980365001999916,-0.18035881823435157,0.005495497048958206,5.6100132903618566e-05
1790097300000,2026-09-22T17:15:00+00:00,86474.3,1.64008669,19.140655381022952,33.45398403543459,-14.313328654411634,0.02213450167393428,0.038686620227552676,-0.0165521185536184,-0.9015423912554746,0.004052115481740556,0.004922954757699844,-28.5370777615899,-32.970783104614405,4.433705343024506,-0.03300064615913618,-0.038127840415723986,0.005127194256587803,0.1797582586795805,0.013107559258587718,0.0076120622096295144
1790097360000,2026-09-22T17:16:00+00:00,86430.1,6.36767931,15.329871579495375,29.829161544246748,-14.499289964751373,0.017736727806048326,0.034512469086865276,-0.016775741280816953,-0.9001320548790076,-0.00022362272719855456,-0.00427573820893911,-40.19280116254231,-34.41518671619998,-5.7776144463423265,-0.04650324500670751,-0.039818520071364,-0.006684724935343505,-0.14491048811855572,-0.011811919191931308,-0.024919478450519027
1790097420000,2026-09-22T17:17:00+00:00,86304.2,9.40063146,2.126210520407767,24.288571339478956,-22.16236081907119,0.002463623462598306,0.028142977212556236,-0.02567935374995793,-1.3552559686825423,-0.008903612469140978,-0.008679989741942423,-47.5721536714118,-37.04658010724235,-10.525573564169449,-0.05512148154019364,-0.042925581961529506,-0.012195899578664132,-0.2919778477683871,-0.0055111746433206266,0.006300744548610682
1790097480000,2026-09-22T17:18:00+00:00,86258,6.09676159,-11.928238577384036,17.04520935610636,-28.973447933490394,-0.013828559179883647,0.0197607286931141,-0.03358928787299774,-1.7370806230306597,-0.007909934123039808,0.0009936783461011699,-61.86854491144186,-42.01097306808225,-19.857571843359608,-0.07172499352111324,-0.04870385711247913,-0.023021136408634107,-0.5856387771666751,-0.010825236829969975,-0.005314062186649348
1790097540000,2026-09-22T17:19:00+00:00,86380.5,10.50537275,-13.031544980753097,11.029858488734467,-24.061403469487566,-0.01508621156482435,0.012768921792226795,-0.027855133357051143,-1.4053760010070364,0.005734154515946596,0.013644088638986404,-52.5603779922385,-44.1208540529135,-8.439523939325,-0.060847503767908845,-0.051077331171865754,-0.009770172596043087,-0.21493302927287816,0.01325096381259102,0.02407620064256099
1790097600000,2026-09-22T17:20:00+00:00,86396.9,3.95390486,-12.43918908618798,6.336048973749978,-18.77523805993796,-0.014397726175578036,0.00733365314467299,-0.021731379320251026,-1.0662694906328203,0.006123754036800117,0.00038959952085351746,-53.01112609836855,-45.89890846200451,-7.112217636364036,-0.061357671511788676,-0.05312564277422513,-0.008232028737563544,-0.16694129742220473,0.0015381438584795432,-0.011712819954111477
1790097660000,2026-09-22T17:21:00+00:00,86421.2,1.73497353,-9.894873908546288,3.089864397290726,-12.984738305837013,-0.011449590966737661,0.0035753546552127562,-0.015024945621950416,-0.7043323174393107,0.0067064336983006095,0.0005826796615004924,-41.52711249378626,-45.024549268360865,3.4974367745746022,-0.04805199707223027,-0.05209896329646066,0.0040469662242304,0.1748310776965723,0.012278994961793945,0.010740851103314401
1790097720000,2026-09-22T17:22:00+00:00,86466.1,2.42802322,-4.206936103742919,1.6305042970839971,-5.837440400826916,-0.004865416739904909,0.0018857150919076922,-0.0067511318318126,-0.26512001538699553,0.008273813790137816,0.0015673800918372081,-3.895168928997009,-36.79867320048809,32.90350427149108,-0.00450485095198813,-0.04255849772394971,0.03805364677196159,1.104685369556964,0.03400668054773119,0.021727685585937243
1790097780000,2026-09-22T17:23:00+00:00,86482.3,1.87221672,1.589675408322364,1.6223385193316706,-0.03266311100930652,0.001838151168877752,0.0018759197192161525,-3.7768550338400484e-05,0.09292847193340058,0.0067133632814742,-0.0015604505086636161,41.79362068932096,-21.080214422526282,62.87383511184724,0.04832621321278569,-0.024375177836998187,0.07270139104978388,2.0155671421950845,0.03464774427782229,0.0006410637300910986
1790097840000,2026-09-22T17:24:00+00:00,86500,2.59108987,7.525030007149326,2.8028768168952016,4.722153190254124,0.00869945665566396,0.0032403200195320254,0.005459136636131935,0.3914509263293069,0.0054969051864703355,-0.0012164580950038643,54.90200434254075,-5.8837706695128755,60.78577501205363,0.0634705252514922,-0.006802047016777891,0.07027257226827009,1.923045019578669,-0.0024288187815137835,-0.03707656305933607
1790097900000,2026-09-22T17:25:00+00:00,86520.3,0.34167493,13.708854493306717,4.984072352177504,8.724782141129213,0.01584466823775081,0.0057605814498765074,0.010084086787874305,0.6515222586465419,0.00462495015174237,-0.000871955034727966,66.19430487604404,8.531844439598508,57.662460436445535,0.07650725306782806,0.009861089755350487,0.06664616331247757,1.8137314234021893,-0.003626408955792526,-0.0011975901742787426
1790097960000,2026-09-22T17:26:00+00:00,86535.5,0.55588243,19.610040577987093,7.909265997339422,11.700774580647671,0.02266126685347296,0.009139909051590876,0.013521357801882085,0.8441726735662287,0.0034372710140077797,-0.0011876791377345899,73.52366506753606,21.53020856518602,51.99345650235004,0.08496358727636179,0.024880203575626206,0.06008338370073559,1.615960050440046,-0.006562779611741974,-0.0029363706559494412
1790098020000,2026-09-22T17:27:00+00:00,86535.4,0.94006013,24.002023515247856,11.127817500921111,12.874206014326745,0.027736652878761592,0.012859266266662095,0.014877386612099495,0.9197042266590977,0.001356028810217411,-0.0020812422037903688,75.41904795184382,32.307976442517585,43.11107150932624,0.087153983169713,0.037334982495623274,0.049819000674089724,1.3227564366672273,-0.010264383026645868,-0.0037016034149039007
1790098080000,2026-09-22T17:28:00+00:00,86550,0.31096284,28.334180819176254,14.56909016457214,13.765090654604114,0.032737355077037844,0.01683314865923991,0.015904206417797936,0.9760255686536334,0.0010268198056984403,-0.0003292090045189707,72.70096846859087,40.38657484773224,32.31439362085863,0.08399880816706051,0.04666270924059184,0.03733609892646867,0.981911297773963,-0.012482901747621053,-0.002218518720975185
1790098140000,2026-09-22T17:29:00+00:00,86592.3,2.8099855,34.77978348387114,18.61122882843194,16.168554655439202,0.0401649840503961,0.021492937395625175,0.018672046654770923,1.1148583327771455,0.002767840236972987,0.0017410204312745467,63.847761255558,45.07881212929739,18.76894912626061,0.07373376299689233,0.05205868435103051,0.021675078645861823,0.5613510251544181,-0.015661020280606848,-0.003178118532985795
1790098200000,2026-09-22T17:30:00+00:00,86601.4,4.16147274,40.15933219855651,22.920849502456853,17.23848269609966,0.04637261314315533,0.026467065777755157,0.019905547365400168,1.1610678487898807,0.001233500710629245,-0.001534339526343742,48.859091658407124,45.834868035119335,3.0242236232877886,0.05641836235719876,0.05292624372714452,0.003492118630054235,0.06894714598896284,-0.01818296001580759,-0.0025219397352007414
1790098260000,2026-09-22T17:31:00+00:00,86610.8,2.95358194,44.66627968499961,27.269935538965406,17.396344146034203,0.0515712586478818,0.03148560634351075,0.02008565230437105,1.1471755629462677,0.00018010493897088406,-0.0010533957716583608,41.80518708330055,45.02893184475558,-3.2237447614550305,0.04826786853752713,0.05198997335754384,-0.0037221048200167077,-0.14843046856851724,-0.007214223450070943,0.010968736565736645
1790098320000,2026-09-22T17:32:00+00:00,86599.4,0.47915226,46.77894475631183,31.171737382434692,15.607207373877138,0.054017631480485814,0.03599532719907378,0.018022304281412042,1.0177060128393582,-0.0020633480229590093,-0.0022434529619298933,33.44722552638268,42.712590581081,-9.265365054698322,0.03862292986600679,0.04932203985371839,-0.010699109987711604,-0.3684297451774123,-0.006977005167694896,0.000237218282376047
1790098380000,2026-09-22T17:33:00+00:00,86626.2,1.13488788,50.038965028652456,34.945182911678245,15.09378211697421,0.05776423879686799,0.04034020066871021,0.01742403812815778,0.9666227475923477,-0.0005982661532542635,0.0014650818697047457,28.7690821353317,39.92388889193114,-11.154806756599442,0.033210601567807085,0.04608754498284716,-0.01287694341504007,-0.4637356652165549,-0.0021778334273284666,0.004799171740366429
1790098440000,2026-09-22T17:34:00+00:00,86583.2,5.93792881,48.59266791972914,37.67467991328843,10.917988006440709,0.05612251328170954,0.04351269058349475,0.012609822698214793,0.6971178597387679,-0.004814215429942986,-0.004215949276688724,13.26604577897524,34.592320269339965,-21.326274490364725,0.01532173190523709,0.03995269321223975,-0.02463096130700266,-0.8339623493935528,-0.01175401789196259,-0.009576184464634123
1790098500000,2026-09-22T17:35:00+00:00,86587.4,5.98798201,47.240809296868974,39.58790579000454,7.652903506864433,0.054558526179177315,0.045720169204762524,0.008838356974414792,0.48415348438110817,-0.0037714657238000007,0.001042749706142987,0.0005210464441915974,27.67396042476081,-27.67343937831662,6.017578125588682e-07,0.03196072456819447,-0.03196012281038191,-1.0566415980190516,-0.007329161503379249,0.00442485638858334
1790098560000,2026-09-22T17:36:00+00:00,86559.1,0.89521566,43.385754144517705,40.34747546090718,3.038278683610528,0.050122695527700385,0.04661263282648176,0.003510062701218622,0.19163113393818204,-0.0053282942731961705,-0.0015568285493961689,-16.40010968183924,18.8591464034408,-35.25925608528004,-0.01894671927254239,0.021787595300136898,-0.040734314572679294,-1.292946410996851,-0.008774191762297386,-0.0014450302589181369
1790098620000,2026-09-22T17:37:00+00:00,86499.6,6.23273514,35.12454849360802,39.30289006744735,-4.178341573839333,0.04060660221967271,0.04543707724364893,-0.0048304750239762185,-0.25757782732944096,-0.00834053772519484,-0.0030122434519986706,-36.56071655235428,7.775173812281785,-44.335890364636064,-0.042266919791946175,0.008988681811571133,-0.05125560160351731,-1.5630015123842587,-0.010521287030838017,-0.0017470952685406313
1790098680000,2026-09-22T17:38:00+00:00,86508.3,1.20171617,28.945831262899446,37.23147830653777,-8.28564704363832,0.03346017811342894,0.04303804179083136,-0.009577863677402423,-0.5141658302380414,-0.004747388653426205,0.0035931490717686356,-54.44995878363261,-4.6698527069010956,-49.780106076731514,-0.06294188971882768,-0.005398155676277415,-0.05754373404255027,-1.7001614301096166,-0.006288132439032958,0.004233154591805059
1790098740000,2026-09-22T17:39:00+00:00,86463,8.84379238,20.16141370307014,33.817465385844244,-13.656051682774105,0.023317966879555577,0.03911206572273024,-0.015794098843174658,-0.8450307154746246,-0.006216235165772235,-0.0014688465123460304,-69.49822595874139,-17.635527357269154,-51.86269860147223,-0.08037915172818591,-0.02039661746327233,-0.05998253426491358,-1.723995707963417,-0.002438800222363313,0.0038493322166696445
1790098800000,2026-09-22T17:40:00+00:00,86478.8,1.95832041,14.309674433083273,29.915907195292053,-15.60623276220878,0.016547031680693155,0.03459334217784249,-0.018046310497149335,-0.960824467805503,-0.002252211653974677,0.003964023511797558,-78.08478028730315,-29.725377943275955,-48.35940234402719,-0.0902935520466324,-0.03437302314934522,-0.05592052889728718,-1.5706476359150918,0.004062005367626402,0.006500805589989708
1790098860000,2026-09-22T17:41:00+00:00,86520.1,1.28642197,12.856492105522193,26.50402417733808,-13.647532071815888,0.01485954374246238,0.03063337210352055,-0.015773828361058166,-0.837490936009433,0.002272482136091169,0.004524693790065846,-70.27214017108781,-37.83473038883833,-32.43740978224948,-0.08122059518087452,-0.043729411303082555,-0.03749118387779196,-1.0314514365573302,0.018429345019495218,0.014367339651868816
1790098920000,2026-09-22T17:42:00+00:00,86527.7,4.19584712,12.177714018616825,23.63876214559383,-11.461048126977005,0.014073775240318217,0.02731930023055487,-0.013245524990236658,-0.7012759798946857,0.002528303370821508,0.00025582123473033916,-51.93150030600373,-40.65408437227141,-11.277415933732314,-0.06001719715883322,-0.04698389576086203,-0.013033301397971186,-0.33743592871986566,0.024457882479820774,0.006028537460325556
1790098980000,2026-09-22T17:43:00+00:00,86484.5,10.79328822,8.060976611275692,20.523205038730204,-12.462228427454512,0.009320718292035788,0.02373050088597402,-0.014409782593938235,-0.7551868408706727,-0.0011642576037015767,-0.0036925609745230847,-43.34460012330965,-41.19218752247906,-2.152412600830587,-0.05011834504831461,-0.047629560814341367,-0.0024887842339732405,-0.03399576722747945,0.010544517163997945,-0.01391336531582283
1790099040000,2026-09-22T17:44:00+00:00,86484.4,4.29197364,4.735772356405505,17.365718502265267,-12.629946145859762,0.005475868892430896,0.020079596438508297,-0.0146037275460774,-0.7590545209885076,-0.00019394495213916584,0.0009703126515624109,-28.84609314118279,-38.722968646219805,9.876875505037013,-0.03335409986215178,-0.044774512682310114,0.011420412820158333,0.35892952485536883,0.013909197054131574,0.003364679890133627
1790099100000,2026-09-22T17:45:00+00:00,86476.1,1.21602929,1.4144781697541475,14.175470435763044,-12.760992266008897,0.0016356868195422174,0.01639235631089173,-0.014756669491349511,-0.7656272893170843,-0.00015294194527211077,4.100300686705506e-05,-17.373518233333016,-34.45307856364245,17.079560330309434,-0.02009054320596444,-0.0398411567631316,0.019750613557167163,0.5862852946787723,0.00833020073700883,-0.005578996317122744
1790099160000,2026-09-22T17:46:00+00:00,86434.4,1.40840216,-4.530290531125502,10.434318242385336,-14.964608773510838,-0.005241305002551648,0.012071950800127422,-0.017313255802679072,-0.8974780229143035,-0.0025565863113295607,-0.00240364436605745,-22.69929551940004,-32.102321954793965,9.403026435393926,-0.026261876659524494,-0.03714067773339546,0.010878801073870967,0.3320751753289611,-0.008871812483296196,-0.017202013220305026
1790099220000,2026-09-22T17:47:00+00:00,86470.3,2.04793657,-6.272427940304624,7.092969005847344,-13.365396946151968,-0.007253852409792291,0.008202780614670406,-0.015456633024462697,-0.7953115110393506,0.0018566227782163755,0.004413209089545936,-21.024627632199554,-29.886783090275085,8.86215545807553,-0.024314276268498608,-0.03456306164113584,0.01024878537263723,0.31043025412622727,-0.0006300157012337371,0.008241796782062459
1790099280000,2026-09-22T17:48:00+00:00,86537.5,7.77694833,-2.2051859908824554,5.233338006501385,-7.43852399738384,-0.002548243236611244,0.006047480001734953,-0.008595723238346198,-0.4362159941462219,0.006860909786116498,0.005004287007900125,-3.52140204954776,-24.61370688212962,21.09230483258186,-0.004069220915265358,-0.0284428217618138,0.02437360084654844,0.6938853658864458,0.014124815473911211,0.014754831175144948
1790099340000,2026-09-22T17:49:00+00:00,86478.9,1.60553696,-3.6681139679567423,3.45304761160976,-7.121161579566502,-0.004241628845830304,0.003992936556327336,-0.00823456540215764,-0.4263213766978337,0.00036115783618855847,-0.00649975194992794,-2.6590868260973366,-20.222782870923165,17.56369604482583,-0.0030748388636966206,-0.023384643966242825,0.020309805102546204,0.5666764838819711,-0.004063795744002237,-0.018188611217913448
1790099400000,2026-09-22T17:50:00+00:00,86459.7,2.18584851,-6.304104673996335,1.501617154488541,-7.8057218284848755,-0.007291379306192752,0.0017367827490594359,-0.009028162055252188,-0.48407637027329137,-0.0007935966530945478,-0.0011547544892831062,-2.9218417156953365,-16.7625946398776,13.840752924182265,-0.0033794261554173062,-0.01938775480354154,0.01600832864812423,0.4331491430049432,-0.004301476454421974,-0.00023768071041973746
1790099460000,2026-09-22T17:51:00+00:00,86432.8,0.6931894,-10.443366854815395,-0.887379647372246,-9.555987207443149,-0.012082643226663251,-0.0010266700226907446,-0.011055973203972506,-0.6100810183003249,-0.002027811148720318,-0.0012342144956257704,-3.959363732152269,-14.201948458332534,10.242584726180265,-0.004580857882831829,-0.01643120257394477,0.011850344691112938,0.303674537319029,-0.004157983957011292,0.00014349249741068063
1790099520000,2026-09-22T17:52:00+00:00,86575.8,4.92456931,-2.1599583998468006,-1.1418953978671569,-1.0180630019796437,-0.002494875473107728,-0.0013189544859731667,-0.0011759209871345616,-0.09058948669977704,0.009880052216837944,0.011907863365558262,14.060918035393115,-8.549375159587406,22.61029319498052,0.016241164430930023,-0.009875017221426087,0.026116181652356112,0.6927259757698618,0.014265836961243174,0.018423820918254466
1790099580000,2026-09-22T17:53:00+00:00,86514.3,3.74098779,-0.5514764661784284,-1.0238116115294114,0.472335145350983,-0.000637439667405768,-0.0011834016012721726,0.0005459619338664046,-0.014838665198863808,0.0017218829210009661,-0.008158169295836978,11.024832035167492,-4.634533720636426,15.659365755803918,0.012743363854492831,-0.005356956850643681,0.018100320705136515,0.4498111941825873,-0.008015860947219598,-0.022281697908462773
1790099640000,2026-09-22T17:54:00+00:00,86530.9,8.78070157,2.03923133329954,-0.4112030225636211,2.450434355863161,0.002356651015185951,-0.00047520945993121663,0.0028318604751171677,0.09510480115743221,0.002285898541250763,0.0005640156202497968,20.548983094427967,0.40216964237645225,20.146813452051514,0.02374756658537929,0.00046476997509150176,0.02328279661028779,0.5857879623498815,0.005182475905151276,0.013198336852370873
1790099700000,2026-09-22T17:55:00+00:00,86592.3,6.58976303,8.943754750755033,1.4597885321001098,7.483966218654924,0.010328579736021602,0.0016858179446672622,0.00864276179135434,0.41094502479248307,0.005810901316237172,0.0035250027749864094,37.88273126799322,7.898281967499806,29.984449300493417,0.04374838324884917,0.009121228986295324,0.03462715426255385,0.8998063877812357,0.011344357652266056,0.006161881747114781
1790099760000,2026-09-22T17:56:00+00:00,86625,5.87580593,16.859905522258487,4.539811930131785,12.320093592126701,0.019463094397989596,0.005240764132908266,0.01422233026508133,0.7183497544250421,0.00557956847372699,-0.0002313328425101826,60.66236039236537,18.45109765247292,42.21126273989245,0.07002869886564544,0.02129996842998317,0.048728730435662275,1.2855236701380832,0.014101576173108428,0.0027572185208423715
1790099820000,2026-09-22T17:57:00+00:00,86625.7,5.66239969,22.925722730433336,8.216994090192095,14.70872864024124,0.0264652669247502,0.009485630811863103,0.016979636112887102,0.8623077952145526,0.0027573058478057716,-0.0028222626259212184,55.903239502440556,25.941526022466448,29.961713479974108,0.06453424272755147,0.029946685593843912,0.034587557133707564,0.8763359705861035,-0.014141173301954711,-0.02824274947506314
1790099880000,2026-09-22T17:58:00+00:00,86652.5,3.59192512,29.554773560419562,12.484549984237589,17.070223576181974,0.03410723702192039,0.01440760507110307,0.019699631950817316,1.003509429803181,0.002719995837930214,-3.731000987555744e-05,61.04976029235695,32.963172876444546,28.086587415912405,0.07045354755183861,0.038040648424967016,0.03241289912687159,0.8126469141413131,-0.002174658006835972,0.011966515295118739
1790099940000,2026-09-22T17:59:00+00:00,86579.3,5.48822837,28.572351577546215,15.702110302899314,12.8702412746469,0.033001365889474985,0.018136102166336886,0.014865263723138095,0.7011683704519599,-0.004834368227679221,-0.0075543640656094355,51.902450252644485,36.75102835168454,15.151421900959946,0.05994787466824574,0.04244782338467109,0.017500051283574646,0.3957862739706304,-0.014912847843296946,-0.012738189836460974
1790100000000,2026-09-22T18:00:00+00:00,86566.8,3.61531974,26.479885903478134,17.857665423015078,8.622220480463056,0.030588962400687255,0.02062876925451221,0.009960193146175042,0.3942058764389028,-0.004905070576963053,-7.07023492838299e-05,36.99099708473659,36.799022098294955,0.19197498644163602,0.042731159156554926,0.04250939401513623,0.00022176514141869171,-0.08549555520281509,-0.017278286142155954,-0.0023654382988590045
1790100060000,2026-09-22T18:01:00+00:00,86569.4,1.7279716,24.746132045955164,19.235358747603097,5.510773298352067,0.028585310797990014,0.02221958191647753,0.006365728881512483,0.16875252614472142,-0.0035944642646625587,0.0013106063123004934,15.305488225727458,32.50031532378146,-17.194827098054,0.01768002114572523,0.037542498069504306,-0.019862476923779075,-0.6441094005643695,-0.020084242065197766,-0.002805955923041812
1790100120000,2026-09-22T18:02:00+00:00,86565.4,1.66398102,22.786682362202555,19.94562347052299,2.841058891679566,0.02632308331296633,0.02304110357085278,0.0032819797421135537,-0.02350007487884996,-0.0030837491393989292,0.0005107151252636295,-5.692052768950816,24.861841705235005,-30.55389447418582,-0.006575436339404446,0.028720298993864763,-0.03529573533326921,-1.0643744612180746,-0.015433258409490138,0.004650983655707628
1790100180000,2026-09-22T18:03:00+00:00,86591.6,1.21203848,23.081852184186573,20.572869213255707,2.508982970930866,0.02665599455857909,0.02375850453537723,0.0028974900232018644,-0.05026166047694321,-0.0003844897189116893,0.00269925942048724,-25.9056013799418,14.708353088199647,-40.61395446814144,-0.0299169912323387,0.016985889033346937,-0.046902880265685634,-1.3663487061780262,-0.011607144932416422,0.0038261134770737164
1790100240000,2026-09-22T18:04:00+00:00,86591.3,7.53958557,23.026137917258893,21.063522954056346,1.9626149632025474,0.026591745264546083,0.024325218531257006,0.00226652673328908,-0.08649140044484269,-0.0006309632899127843,-0.000246473571001095,-22.14464258364751,7.337753953830217,-29.482396537477726,-0.02557374999988164,0.008474008305488214,-0.03404775830536985,-0.981657046775796,0.012855121960315782,0.024462266892732204
1790100300000,2026-09-22T18:05:00+00:00,86562.6,5.96070091,20.43062231875956,20.93694282699699,-0.5063205082374296,0.023602135701514926,0.02418705402448285,-0.000584918322967921,-0.2515184324419794,-0.002851445056257001,-0.0022204817663442167,-26.196943896153243,0.630814383833525,-26.827758279986767,-0.030263582535821752,0.0007287377965004804,-0.03099232033232223,-0.8772059835079435,0.0030554379730476228,-0.00979968398726816
1790100360000,2026-09-22T18:06:00+00:00,86544.2,5.14694094,16.696464829117758,20.088847227421144,-3.3923823983033863,0.019292413390057057,0.023212239788941543,-0.003919826398884485,-0.445133545855586,-0.003334908075916564,-0.000483463019659563,-31.777556674933294,-5.850859827919839,-25.926696847013453,-0.036718297326606864,-0.006760545279660381,-0.02995775204694648,-0.8301966340194239,0.0010345682853757504,-0.0020208696876718724
1790100420000,2026-09-22T18:07:00+00:00,86518.2,4.94025162,11.506495686757262,18.37237691928837,-6.865881232531109,0.013299508874152793,0.021235274103354407,-0.007935765229201612,-0.677850543790707,-0.004015938830317127,-0.000681030754400563,-35.211056069427286,-11.72289907622133,-23.488156993205955,-0.0406978601836692,-0.013549633575619151,-0.027148226608050045,-0.7344654327783936,0.0028095254388964333,0.001774957153520683
1790100480000,2026-09-22T18:08:00+00:00,86527.1,2.89697726,8.019123900754494,16.301726315581597,-8.282602414827103,0.009267759928108642,0.018840023894920316,-0.009572263966811672,-0.7680849492375981,-0.00163649873761006,0.002379440092707067,-37.38190538340132,-16.854700337657327,-20.52720504574399,-0.04320254045657524,-0.019479100001799813,-0.023723440454775428,-0.6265210929222056,0.003424786153274618,0.0006152607143781845
1790100540000,2026-09-22T18:09:00+00:00,86506,0.97387279,3.5122756478813244,13.743836182041543,-10.231560534160218,0.004060152645922045,0.01588772591732544,-0.011827573271403392,-0.8943711935070171,-0.0022553093045917204,-0.0006188105669816604,-41.54445791848411,-21.792651853822687,-19.751806064661427,-0.04802494384029329,-0.02519206974524621,-0.02283287409504708,-0.5994631338625432,0.0008905663597283467,-0.002534219793546271
1790100600000,2026-09-22T18:10:00+00:00,86449.4,4.12120986,-4.573856466464349,10.080297652340366,-14.654154118804716,-0.005290790296363364,0.011660344261892353,-0.016951134558255716,-1.1829966349862036,-0.005123561286852324,-0.002868251982260603,-46.569882748881355,-26.74809803283442,-19.821784716046935,-0.05386952685487853,-0.030940756133454275,-0.02292877072142425,-0.6060595499987969,-9.589662637717045e-05,-0.0009864629861055171
1790100660000,2026-09-22T18:11:00+00:00,86520.2,7.77793515,-5.209158191762981,7.022406483519697,-12.231564675282678,-0.006020742198657633,0.008116493585913691,-0.014137235784571323,-1.0010947681248066,0.002813898773684393,0.007937460060536717,-40.24769556187675,-29.448017538642887,-10.799678023233866,-0.046518264592403574,-0.034036002619784615,-0.012482261972618957,-0.31042280940975486,0.010446508748805294,0.010542405375182463
1790100720000,2026-09-22T18:12:00+00:00,86559.9,0.94968102,-2.4805865156668006,5.121807883682398,-7.6023943993491985,-0.0028657455885078434,0.0059170676995726635,-0.008782813288080506,-0.6758020999893833,0.0053544224964908165,0.002540523722806425,-25.02777459700883,-28.563968950316077,3.5361943533072484,-0.02891382106149479,-0.032999078037654936,0.004085256976160149,0.16153919118502064,0.016567518948779107,0.0061210101999738115
1790100780000,2026-09-22T18:13:00+00:00,86618.2,0.7413847,4.33616435895965,4.964679178737848,-0.6285148197781982,0.005006066114234249,0.005731681308013614,-0.0007256151937793654,-0.19568111082123932,0.008057198094301141,0.002702775597810323,-4.13948581146542,-23.67907232254595,19.53958651108053,-0.004779002347619115,-0.02733729438218059,0.022558292034561476,0.6892804668654795,0.018473035058401328,0.0019055161096222205
1790100840000,2026-09-22T18:14:00+00:00,86531,5.00374039,2.6713832566310884,4.506019994316496,-1.8346367376854076,0.0030871979482856877,0.005207405431945194,-0.0021202074836595064,-0.2722036152244313,-0.001394592289880141,-0.009451790384181282,1.7928143573954003,-18.58469498655768,20.37750934395308,0.0020718752324547277,-0.02147749937774633,0.02354937461020106,0.7121988874365764,0.0009910825756395854,-0.017481952482761742
1790100900000,2026-09-22T18:15:00+00:00,86587.8,1.28540056,5.8676785951829515,4.778351714489787,1.0893268806931644,0.006776565053255714,0.005518504586662078,0.001258060466593636,-0.06788869924985462,0.0033782679502531426,0.004772860240133283,26.807661334620207,-9.506223722322101,36.31388505694231,0.03096009060701416,-0.010978710305980867,0.04193880091299503,1.2258224350169804,0.01838942630279397,0.017398343727154385
1790100960000,2026-09-22T18:16:00+00:00,86635.6,2.33204791,12.118135870754486,6.246308545742727,5.8718273250117585,0.013987478439295722,0.007209863550021846,0.006777614889273876,0.26293009415813695,0.00551955442268024,0.0021412864724270975,44.43288148677675,1.2815973194976698,43.15128416727908,0.05128709385838702,0.0014792964087484472,0.04980779744963858,1.4326580642262847,0.007868996536643545,-0.010520429766150426
1790101020000,2026-09-22T18:17:00+00:00,86638.8,0.6857414,17.132390022597974,8.423524841113778,8.708865181484196,0.019774500596266308,0.009722577922494055,0.010051922673772253,0.46045689890914204,0.0032743077844983766,-0.0022452466381818635,50.8226365178125,11.189805159160636,39.63283135865186,0.05866036523799094,0.012915466464402366,0.04574489877358858,1.3079519256445158,-0.004062898676049996,-0.011931895212693541
1790101080000,2026-09-22T18:18:00+00:00,86632.1,1.61978306,20.331222876353422,10.805064448161708,9.526158428191714,0.02346846362532297,0.012472356607033315,0.010996107018289656,0.5215112033698723,0.0009441843445174031,-0.0023301234399809734,43.87930913166201,17.727705953660912,26.1516031780011,0.050650173701967297,0.02046320700255553,0.030186966699411764,0.8671145193733203,-0.015557932074176817,-0.011495033398126825
1790101140000,2026-09-22T18:19:00+00:00,86575.8,2.0583424,18.114568013887038,12.266965161306775,5.847602852580263,0.020923361971690747,0.014169046270790192,0.006754315700900554,0.27703525597764556,-0.004241791317389102,-0.005185975661906506,39.60314882476814,22.10279452788236,17.50035429688578,0.045743901673179044,0.025529991669591686,0.020213910003587354,0.5860627277040409,-0.00997305669582441,0.005584875378352408
1790101200000,2026-09-22T18:20:00+00:00,86572.9,2.08063175,15.940099753963295,13.00159207983808,2.9385076741252156,0.018412343532402516,0.015018085428393968,0.0033942581040085477,0.0875841460728698,-0.0033600575968920064,0.0008817337204970951,27.113813554969965,23.104998333299882,4.008815221670083,0.03131905429409199,0.0266884883529371,0.004630565941154892,0.149327939329774,-0.015583344062432461,-0.0056102873666080515
1790101260000,2026-09-22T18:21:00+00:00,86482.3,5.51147995,6.827452544574044,11.766764172785273,-4.939311628211229,0.007894624153814183,0.013605979689237302,-0.0057113555354231195,-0.44693331190106117,-0.009105613639431668,-0.005745556042539661,-7.0435153721191455,17.075295592216076,-24.11881096433522,-0.008144458891725988,0.01974426627438918,-0.02788872516611517,-0.7637698319203488,-0.03251929110727006,-0.0169359470448376
1790101320000,2026-09-22T18:22:00+00:00,86499.6,1.97988456,0.9901653857232304,9.611444415372866,-8.621279029649635,0.0011447051613223997,0.011111547816837146,-0.009966842655514747,-0.6896379639307711,-0.004255487120091627,0.0048501265193400395,-37.12639683498128,6.234957106776606,-43.36135394175788,-0.04292088846073424,0.007208076230152053,-0.05012896469088629,-1.3674277117532299,-0.02224023952477112,0.010279051582498942
1790101380000,2026-09-22T18:23:00+00:00,86526.9,0.90262256,-1.4167139026831137,7.40581275176167,-8.822526654444783,-0.0016373103655431013,0.008558971547301094,-0.010196281912844194,-0.6879504389376283,-0.00022943925732944737,0.00402604786276218,-51.80014844452671,-5.372064003484057,-46.42808444104266,-0.059865947404248526,-0.0062085478660209225,-0.0536573995382276,-1.4358337340358498,-0.003528434847341312,0.01871180467742981
1790101440000,2026-09-22T18:24:00+00:00,86468.9,2.8791331,-7.913081277903984,4.342033945828539,-12.255115223732524,-0.009151361099660091,0.005021497840065664,-0.014172858939725756,-0.9132654490350987,-0.0039765770268815614,-0.003747137769552114,-61.63285812785034,-16.624222828357315,-45.00863529949302,-0.07127748604162924,-0.0192256670645253,-0.05205181897710394,-1.3652020660724706,0.0016055805611236637,0.005134015408464976
1790101500000,2026-09-22T18:25:00+00:00,86376,4.7710694,-20.32347644334368,-0.5910681320059052,-19.732408311337775,-0.023529078034805594,-0.0006842967166873961,-0.022844781318118196,-1.4153139034815292,-0.008671922378392441,-0.0046953453515108795,-78.87235593525111,-29.073849449736073,-49.798506485515034,-0.09131281366959701,-0.03365963861458747,-0.05765317505500953,-1.4905092431326463,-0.0056013560779055935,-0.007206936639029257
1790101560000,2026-09-22T18:26:00+00:00,86378.4,2.2978464,-29.623660958226537,-6.397586697250032,-23.226074260976503,-0.03429521843218506,-0.007406465849390626,-0.02688875258279443,-1.6226881234447914,-0.004043971264676233,0.004627951113716208,-83.10190714121563,-39.87946098803199,-43.22244615318365,-0.09620681459857515,-0.04616832563237105,-0.05003848896620411,-1.2643849996528833,0.007614686088805424,0.013216042166711017
1790101620000,2026-09-22T18:27:00+00:00,86332.9,8.05213491,-40.20216835924657,-13.15850302964934,-27.043665329597232,-0.04656645190795927,-0.015241585802920257,-0.031324866105039026,-1.839015708236218,-0.004436113522244597,-0.00039214225756836404,-90.62703236365633,-50.02897526315686,-40.59805710049947,-0.10497392345636058,-0.05794891085919373,-0.04702501259716686,-1.1698668506432952,0.0030134763690372462,-0.0046012097197681776
1790101680000,2026-09-22T18:28:00+00:00,86319.3,2.75074143,-49.11692864939687,-20.35018815359885,-28.766740495798018,-0.056901444577744334,-0.023575478663055482,-0.03332596591468885,-1.9024184335029557,-0.0020010998096498256,0.002435013712594771,-97.31393067339377,-59.48596634520425,-37.82796432818952,-0.11273716384793872,-0.06891386554942434,-0.043823298298514377,-1.0714357948966624,0.003201714298652486,0.00018823792961523977
1790101740000,2026-09-22T18:29:00+00:00,86289.2,7.43071147,-57.94282997473783,-27.86871651782665,-30.074113456911185,-0.06714957372966471,-0.032296876686568714,-0.034852697043095994,-1.9406621252798153,-0.0015267311284071425,0.0004743686812426831,-95.84738170610217,-66.75824941738384,-29.089132288718332,-0.11107691542638265,-0.07736570673662967,-0.03371120868975298,-0.7873564727746581,0.010112089608761393,0.006910375310108907
1790101800000,2026-09-22T18:30:00+00:00,86263,8.75396585,-66.28742126982252,-35.552457468225825,-30.73496380159669,-0.07684339898893212,-0.041214028573346426,-0.0356293704155857,-1.9448771694405171,-0.0007766733724897043,0.0007500577559174382,-82.05396149860462,-69.817391833628,-12.236569664976628,-0.09512069079281339,-0.08093550170250048,-0.014185189090312912,-0.25557770412195935,0.019526019599440073,0.00941392999067868
1790101860000,2026-09-22T18:31:00+00:00,86281.9,10.1218267,-70.56210195661697,-42.55438636590406,-28.007715590712913,-0.08178088562794396,-0.049320177657079946,-0.03246070797086401,-1.7515774822306551,0.0031686624447216857,0.00394533581721139,-68.91776092009968,-69.63746565092234,0.7197047308226558,-0.07987510812823974,-0.08070923988799776,0.0008341317597580209,0.1626176914919435,0.015019320850070933,-0.004506698749369136
1790101920000,2026-09-22T18:32:00+00:00,86285.3,8.10920663,-72.83585916757875,-48.610680926239,-24.225178241339748,-0.0844128248584391,-0.05633715236110786,-0.028075672497331235,-1.4943773897154524,0.004385035473532778,0.0012163730288110922,-48.263270313924295,-65.36262658352273,17.09935626959843,-0.05593452223487001,-0.07575175213335611,0.019817229898486104,0.7017002000060393,0.01898309813872808,0.00396377728865715
1790101980000,2026-09-22T18:33:00+00:00,86298.1,5.39664909,-72.76617197765154,-53.44177913652151,-19.324392841130027,-0.08431955278001663,-0.06192694756491916,-0.022392605215097467,-1.1430399655068022,0.005683067282233768,0.0012980318087009932,-31.372563767043175,-58.56461402022682,27.192050253183645,-0.03635371319535792,-0.0678631557591961,0.03150944256383818,1.041664697165606,0.01169221266535208,-0.007290885473376004
1790102040000,2026-09-22T18:34:00+00:00,86322.2,2.55910233,-69.95982250433008,-56.74538781008323,-13.214434694246847,-0.08104499480357322,-0.06573672567437257,-0.015308269129200655,-0.6832305740774474,0.007084336085896812,0.001401268803663043,-6.166767312737647,-48.085044678728984,41.91827736599134,-0.007143894980361538,-0.05570414641740941,0.04856025143704787,1.5077824481021114,0.017050808873209686,0.005358596207857606
1790102100000,2026-09-22T18:35:00+00:00,86363,3.37952136,-63.7091518627858,-58.138140620623744,-5.571011242162058,-0.07376903519190603,-0.0673183430643027,-0.006450692127603323,-0.0720275601680038,0.008857577001597332,0.0017732409157005212,28.61175432310847,-32.745684878361494,61.357439201469965,0.033129643855711904,-0.03791633555847006,0.07104597941418196,2.069857410565313,0.022485727977134093,0.005434919103924407
1790102160000,2026-09-22T18:36:00+00:00,86304.4,6.55727548,-62.7605164386332,-59.06261578422564,-3.6979006544075617,-0.07271994989668337,-0.06843523132566318,-0.004284718571020205,0.10005229865287747,0.002165973556583118,-0.006691603445014214,41.987954985685064,-17.79895690555218,59.786911891237246,0.04865100155459637,-0.02062346404766406,0.06927446560226043,1.9603058662856208,-0.0017715138119215323,-0.024257241789055625
1790102220000,2026-09-22T18:37:00+00:00,86349.7,0.75403025,-57.68838878223323,-58.787770383827166,1.099381601593933,-0.06680786242712278,-0.06808103604740626,0.0012731736202834904,0.511715404613935,0.005557892191303695,0.003391918634720577,53.943235220052884,-3.4505184804311675,57.393753700484055,0.06247066894274431,-0.003995982013175689,0.06646665095592001,1.8370390825711305,-0.0028078146463404174,-0.001036300834418885
1790102280000,2026-09-22T18:38:00+00:00,86404.9,3.26010847,-48.65366325333889,-56.76094895772951,8.10728570439062,-0.056308916801406976,-0.0656918171975542,0.009382900396147233,1.093667867862906,0.008109726775863742,0.0025518345845600473,70.7441728940612,11.388419794467305,59.35575309959389,0.08187518635408547,0.013180293935259811,0.06869489241882566,1.8550721995034392,0.00222824146290565,0.005036056109246068
1790102340000,2026-09-22T18:39:00+00:00,86425.1,1.62673458,-39.409320878839935,-53.2906233419516,13.881302463111666,-0.04559939286022224,-0.06166104909563495,0.016061656235412704,1.5437062041131655,0.006678755839265471,-0.001430970936598271,80.16092836065218,25.14292150770428,55.0180068529479,0.09275190698148128,0.029092152057335518,0.06365975492414576,1.7067929302586522,-0.005035137494679903,-0.007263378957585553
1790102400000,2026-09-22T18:40:00+00:00,86432.2,0.76399117,-31.151111658022273,-48.86272100516574,17.711609347143465,-0.03604109539965693,-0.05653300622356684,0.020491910823909915,1.8064160382169372,0.004430254588497211,-0.0022485012507682603,80.59558374490007,36.233453955143446,44.36212978975662,0.0932471737904393,0.04192124457683993,0.05132592921359935,1.3738975861455391,-0.012333825710546406,-0.007298688215866503
1790102460000,2026-09-22T18:41:00+00:00,86425.8,1.2475888,-24.836547605736996,-44.057486325279996,19.220938719543,-0.028737422859536153,-0.05097723865475355,0.022239815795217402,1.8738678802927866,0.0017479049713074873,-0.0026823496171897235,85.28432418845478,46.043628001805715,39.24069618664906,0.0986792418334048,0.05327532750845895,0.04540391432494586,1.198265392713649,-0.005922014888653494,0.006411810821892912
1790102520000,2026-09-22T18:42:00+00:00,86443.8,0.40810408,-18.1703045720933,-38.88004997464266,20.70974540254936,-0.021019789241210243,-0.044977256870524736,0.023957467629314493,1.9344019944690793,0.0017176518340970906,-3.025313721039674e-05,81.77454163924267,53.18981072929311,28.584730909949563,0.09459850404452681,0.061531088093412255,0.03306741595111455,0.835345782342847,-0.012336498373831307,-0.006414483485177813
1790102580000,2026-09-22T18:43:00+00:00,86430,1.74565527,-13.841250291356118,-33.87229003798535,20.031039746629233,-0.01601440505768381,-0.039190431607063925,0.023176026549380113,1.8355213199756242,-0.0007814410799343793,-0.00249909291403147,67.81075711619633,56.114000006673756,11.696757109522572,0.07845743042484823,0.06492421613638061,0.01353321428846763,0.27244795750882633,-0.01953420166264692,-0.007197703288815617
1790102640000,2026-09-22T18:44:00+00:00,86409.8,0.82126563,-11.90320206238539,-29.47847244286536,17.57527038047997,-0.013775291763648787,-0.034114732869264086,0.0203394411056153,1.6108574173573726,-0.002836585443764812,-0.002055144363830433,48.61735605550348,54.6146712164397,-5.997315160936225,0.056263706264224056,0.06320425601776615,-0.006940549753542104,-0.30742572089659076,-0.020473764042009734,-0.00093956237936281
1790102700000,2026-09-22T18:45:00+00:00,86453.1,0.57293868,-6.795008127286565,-24.941779579749603,18.14677145246304,-0.007859762261025416,-0.028850069667541826,0.020990307406516407,1.6146698226527767,0.0006508663009011061,0.0034874517446659183,38.196687349205604,51.331074442992886,-13.134387093787282,0.044181975370698796,0.059374475227600726,-0.015192499856901928,-0.5317961706292644,-0.008251950103359823,0.012221813938649911
1790102760000,2026-09-22T18:46:00+00:00,86473.1,1.33947303,-1.1199842963396804,-20.177420523067617,19.057436226727937,-0.0012951823125800744,-0.02333375410742487,0.022038571794844797,1.6406688223749262,0.0010482643883283904,0.00039739808742728436,34.02953451834037,47.870766458062384,-13.841231939722014,0.03935274035317384,0.05535914227437478,-0.016006401921200945,-0.5449868007616766,-0.0008139020642990175,0.007438048039060806
1790102820000,2026-09-22T18:47:00+00:00,86486.9,0.55953411,4.4398775005101925,-15.253960918352055,19.69383841886225,0.005133583815017295,-0.01763730798346577,0.022770891798483066,1.6448379524886203,0.0007323200036382684,-0.00031594438469012207,31.650944300214178,44.62680202649275,-12.97585772627857,0.036596229371400966,0.0515994931330557,-0.015003263761654735,-0.5090205935708322,0.0010031381595462102,0.0018170402238452277
1790102880000,2026-09-22T18:48:00+00:00,86526.8,1.02006867,11.928203666131594,-9.817528001455326,21.74573166758692,0.013785559694951845,-0.01134622799116034,0.025131787686112187,1.7442154024544632,0.0023608958876291213,0.001628575883990853,32.654032370919595,42.23224809537812,-9.578215724458524,0.03773863400809876,0.04880828609792355,-0.011069652089824798,-0.39683579110551986,0.003933611671829937,0.0029304735122837253
1790102940000,2026-09-22T18:49:00+00:00,86505.2,2.78847666,15.936115007672925,-4.666799399629676,20.6029144073026,0.01842214688558945,-0.005394819501752122,0.02381696638734157,1.6218690116692664,-0.0013148212987706166,-0.003675717186399738,34.65355684373935,40.71650984505037,-6.0629530013110156,0.040059507224697886,0.04706828010923086,-0.007008772884532972,-0.28173642632925816,0.004060879205291826,0.0001272675334618896
1790103000000,2026-09-22T18:50:00+00:00,86467.6,1.19736082,15.895178138409392,-0.5544038920218624,16.449582030431255,0.018382814069558297,-0.0006411695155432351,0.019023983585101534,1.3012265692414775,-0.004792982802240036,-0.0034781615034694194,26.568813261546893,37.88697052834967,-11.318157266802778,0.030726900320521087,0.043816378074966425,-0.013089477754445338,-0.4530166875928313,-0.006080704869912366,-0.010141584075204192
1790103060000,2026-09-22T18:51:00+00:00,86492.2,0.8749807,17.644356623874046,3.0853482111573194,14.559008412716727,0.020399939675339564,0.0035671982111188283,0.016832741464220737,1.1454128742627403,-0.002191242120880798,0.002601740681359238,21.726705745444633,34.654917571768664,-12.92821182632403,0.025119844038473567,0.04006710150946405,-0.014947257470990485,-0.5014925701864129,-0.0018577797165451465,0.00422292515336722
1790103120000,2026-09-22T18:52:00+00:00,86512.6,5.44147183,20.44107074641215,6.556492718208286,13.884578028203865,0.023627853915397467,0.007578656424854051,0.01604919749054342,1.0762488563781938,-0.000783543973677317,0.001407698147203481,18.79597528987506,31.483129115389946,-12.687153825514887,0.02172628644830355,0.03639138011733545,-0.014665093669031895,-0.4950403961736146,0.00028216380195859,0.0021399435185037365
1790103180000,2026-09-22T18:53:00+00:00,86520.2,5.1477504,23.005549665816943,9.846304107730017,13.159245558086926,0.026589801764000713,0.011380352920739916,0.015209448843260797,1.005422249874001,-0.0008397486472826229,-5.620467360530762e-05,10.262257978058187,27.238954887923594,-16.976696909865407,0.01186111217733915,0.03148276921218813,-0.01962165703484898,-0.633058424614954,-0.004956563365817084,-0.005238727167775674
1790103240000,2026-09-22T18:54:00+00:00,86527.4,4.30089483,25.32694426459784,12.942432139103582,12.38451212549426,0.029270432561937426,0.014957611275854335,0.014312821286083091,0.9325321608392833,-0.0008966275571777056,-5.687890989508268e-05,8.113479366496904,23.41385978363826,-15.300380417141355,0.009376774717022474,0.02705947455215141,-0.017682699835128938,-0.5747647088408502,0.0019389571997200407,0.0068955205655371245
1790103300000,2026-09-22T18:55:00+00:00,86505.4,17.06106704,25.10208881617291,15.374363474517448,9.72772534165546,0.029017944331998825,0.017772721095466234,0.011245223236532587,0.7316833267178174,-0.003067598049550504,-0.0021709704923727983,6.890208609678666,20.10912954884634,-13.218920939167674,0.007965061845478625,0.02324609740992625,-0.015281035564447624,-0.5005113181517604,0.0024016642706813137,0.0004627070709612713
1790103360000,2026-09-22T18:56:00+00:00,86514.9,1.24524819,25.39769108519249,17.37902899665246,8.018662088540033,0.029356435810701385,0.020087902773571326,0.009268533037130058,0.5980557617843445,-0.001976690199402529,0.001090907850147975,1.6595525055017788,16.41921414017743,-14.759661634675652,0.0019182273868452475,0.018978481325387223,-0.017060253938541978,-0.5471514847885441,-0.0017792183740943535,-0.004180882644775667
1790103420000,2026-09-22T18:57:00+00:00,86533.8,1.53736123,26.84754823514959,19.272732844351886,7.574815390797703,0.03102550475669575,0.022271913222754444,0.008753591533941308,0.5515704970024775,-0.0005149415031887507,0.0014617486962137782,-0.31215301777410787,13.072940708587124,-13.385093726361232,-0.0003607295851726237,0.01510732304439089,-0.015468052629563512,-0.5011360267601797,0.0015922013089784658,0.0033714196830728193
1790103480000,2026-09-22T18:58:00+00:00,86503.3,4.67369795,25.244472802936798,20.46708083606887,4.777391966867928,0.02918324827253619,0.023660462474921613,0.005522785797614574,0.3364966891420364,-0.0032308057363267337,-0.002715864233137983,-7.085288079964812,9.041294950876736,-16.126583030841548,-0.00819077200518918,0.010451965359560543,-0.018642737364749723,-0.5923004392063963,-0.003174684735186211,-0.004766886044164677
1790103540000,2026-09-22T18:59:00+00:00,86458.2,6.43773657,20.10309492525994,20.394283653907085,-0.2911887286471462,0.02325180830188454,0.02358860542309126,-0.00033679712120671747,-0.0483735231031212,-0.005859582918821291,-0.002628777182494558,-20.128795173368417,3.2072769260277063,-23.336072099396123,-0.023281533935900142,0.0037096272256740325,-0.026991161161574177,-0.8205504630228038,-0.008348423796824454,-0.005173739061638243
1790103600000,2026-09-22T19:00:00+00:00,86493.8,1.70951578,18.68574080542021,20.05257508420971,-1.3668342787895007,0.021603560955143847,0.02318382945853889,-0.0015802685033950417,-0.14169914783406823,-0.0012434713821883243,0.004616111536632967,-18.560274575065705,-1.1462333741909756,-17.414041200874728,-0.02145850289276885,-0.0013252202749688136,-0.020133282617800036,-0.6234012521818793,0.006857878543774142,0.015206302340598596
1790103660000,2026-09-22T19:01:00+00:00,86526.2,0.93399118,19.946950645375182,20.031450196442805,-0.08449955106762275,0.02305307599937959,0.02315073376207762,-9.76577626980299e-05,-0.056321603064340246,0.0014826107406970118,0.002726082122885336,-14.768296618261957,-3.8706460230051722,-10.897650595256785,-0.017068005550066868,-0.004473380343763129,-0.012594625206303738,-0.4067294598540363,0.007538657411496298,0.000680778867722158
1790103720000,2026-09-22T19:02:00+00:00,86498.7,2.12601979,18.514030142265256,19.727966185607293,-1.2139360433420379,0.021403824730620524,0.022807240092171666,-0.0014034153615511422,-0.1442554071777742,-0.0013057575988531123,-0.0027883683395501244,-21.819957231971784,-7.460508264798495,-14.35944896717329,-0.025225763198720656,-0.008624994670207177,-0.01660076852851348,-0.505768970622132,-0.0040061433222097435,-0.011544800733706041
1790103780000,2026-09-22T19:03:00+00:00,86413,3.63920695,10.343918293452589,17.851156607176353,-7.507238313723764,0.011970326563656613,0.02065795263117396,-0.008687626067517346,-0.608445189615793,-0.007284210705966204,-0.005978453107113092,-35.00892258762906,-12.970191129364608,-22.03873145826445,-0.04051349054844648,-0.01500953690922038,-0.025503953639226102,-0.7421264596368491,-0.00890318511071262,-0.004897041788502877
1790103840000,2026-09-22T19:04:00+00:00,86476.9,0.40067432,8.922389998304425,16.06540328540197,-7.143013287097546,0.010317657083341824,0.018577681768659576,-0.00826002468531775,-0.5713236800800963,0.0004276013821995963,0.0077118120881658,-26.42524675418099,-15.661202254327884,-10.764044499853105,-0.030557578676133155,-0.018110272517085933,-0.01244730615904722,-0.3509588502712252,0.013056647480178882,0.021959832590891504
1790103900000,2026-09-22T19:05:00+00:00,86442.4,1.70951348,4.954840593301924,13.843290746981962,-8.888450153680038,0.005731956300729647,0.01601446830141454,-0.010282512000684894,-0.6882004832248229,-0.0020224873153671438,-0.00245008869756674,-29.197292790588108,-18.36842036157993,-10.828872429008179,-0.03377658740454697,-0.021249317882867585,-0.012527269521679384,-0.3365607755165517,-7.996336263216448e-05,-0.013136610842811047
1790103960000,2026-09-22T19:06:00+00:00,86516.8,1.32821816,7.724939029911184,12.619620403567806,-4.894681373656622,0.008928831197999906,0.01458632358520866,-0.005657492387208753,-0.3790002481632479,0.004625019613476141,0.0066475069288432845,-23.316732929772115,-19.358082875218365,-3.9586500545537504,-0.026950526290584156,-0.02237494090768309,-0.004575585382901067,-0.08147000897628395,0.007951684138778317,0.008031647501410484
1790104020000,2026-09-22T19:07:00+00:00,86495.7,1.95714597,8.124019696435425,11.72050026214133,-3.596480565705905,0.009392397190190294,0.013550384888660744,-0.00415798769847045,-0.27095667723665945,0.001499504688738303,-0.0031255149247378378,-19.195305882924004,-19.325527476759493,0.1302215938354898,-0.022192208263444316,-0.022342760942751484,0.00015055267930716765,0.07799097249638012,0.004726138062208235,-0.003225546076570083
1790104080000,2026-09-22T19:08:00+00:00,86485.5,3.58485408,7.530433099615038,10.882486829636072,-3.3520537300210336,0.008707162587503151,0.012583018921826287,-0.003875856334323133,-0.24104625139299574,0.00028213136414731704,-0.001217373324590986,-3.4101957364327973,-16.142461128694155,12.732265392261358,-0.003943083796049971,-0.01866493357695123,0.014721849780901259,0.5359731403498456,0.014571297101594091,0.009845159039385857
1790104140000,2026-09-22T19:09:00+00:00,86511.7,1.30912156,9.069583964213962,10.519906256551652,-1.45032229233769,0.01048365014699048,0.012160096560987302,-0.0016764464139968234,-0.08500429620443248,0.0021994099203263093,0.0019172785561789923,5.906459742851439,-11.732676954385038,17.639136697236477,0.00682735369071633,-0.013561953995107064,0.020389307685823393,0.7118023321555303,0.0056674579049221345,-0.008903839196671957
1790104200000,2026-09-22T19:10:00+00:00,86493.6,3.01449211,8.72823966764554,10.16157293877043,-1.4333332711248907,0.010091197114752466,0.011748352408467713,-0.0016571552937152468,-0.07019908035895484,1.929112028157664e-05,-0.0021801188000447327,13.947640420432435,-6.596613479421544,20.544253899853977,0.016125632902818744,-0.007626707038927208,0.023752339941745953,0.8070226625091118,0.0033630322559225594,-0.002304425648999575
1790104260000,2026-09-22T19:11:00+00:00,86520.7,3.31080659,10.523160920565715,10.233890535129488,0.2892703854362271,0.012162593368483745,0.01182825674680104,0.00033433662168270376,0.07566555960098724,0.0019914919153979508,0.001972200795116374,10.319532513443846,-3.2133842808484663,13.532916794292312,0.011927241126625012,-0.003714006337036647,0.015641247463661658,0.5501465258202723,-0.008111092478084295,-0.011474124734006858
1790104320000,2026-09-22T19:12:00+00:00,86528.8,1.74928682,12.45567003985343,10.678246436074277,1.7774236037791535,0.014394825815050515,0.012340684761691227,0.0020541410533592903,0.20307675577094847,0.0017198044316765865,-0.000271687483721364,13.867088626066106,0.20271030053444816,13.664378325531658,0.016025980512922988,0.00023426916880211926,0.015791711344120867,0.5459873817290486,0.000150463880459209,0.008261556358543504
1790104380000,2026-09-22T19:13:00+00:00,86481.9,8.04305406,10.086488637141883,10.559894876287798,-0.4734062391459144,0.011663120996580654,0.012210525990164181,-0.0005474049935835295,0.039981667029143166,-0.00260154604694282,-0.004321350478619406,12.953440695768222,2.7528563795812033,10.200584316187019,0.014978210117687312,0.003183158995791262,0.01179505112189605,0.4153874888795443,-0.0039966602222248175,-0.0041471241026840265
1790104440000,2026-09-22T19:14:00+00:00,86485.7,6.01455149,8.418480545122293,10.131612010054697,-1.7131314649324043,0.009733956648465924,0.011714782917932903,-0.0019808262694669806,-0.0477826637353773,-0.0014334212758834511,0.0011681247710593687,7.092281312259729,3.6207413661169086,3.4715399461428205,0.008200524840823084,0.004186520275741433,0.00401400456508165,0.16780349214713758,-0.0077810465568144,-0.0037843863345895824
1790104500000,2026-09-22T19:15:00+00:00,86520.5,1.06488675,9.791767874223297,10.063643182888418,-0.27187530866512155,0.01131728073025849,0.011631512974252828,-0.0003142322439943384,0.07247583574997897,0.0016665940254726422,0.003100015301356093,4.259836993980571,3.748560491689641,0.5112765022909298,0.00492350020397544,0.004332569150305004,0.0005909310536704362,0.05253965267415214,-0.0034230735114112133,0.004357973045403187
1790104560000,2026-09-22T19:16:00+00:00,86571.1,5.62503691,14.79258537851274,11.009431622013283,3.7831537564994573,0.017087209679110857,0.012717213506601259,0.004369996172509599,0.39251747475255155,0.004684228416503938,0.003017634391031295,9.710658830153989,4.9409801593825105,4.769678670771478,0.011216975214770273,0.0057074244862113455,0.005509550728558928,0.19188357565513656,0.004918619674888491,0.008341693186299706
1790104620000,2026-09-22T19:17:00+00:00,86527.6,7.4253332,15.071942849084735,11.821933867427575,3.2500089816571602,0.017418653526833906,0.013662616168052243,0.0037560373587816605,0.3445043237544755,-0.0006139588137279383,-0.005298187230231875,2.6295573191164294,4.478695591329295,-1.8491382722128655,0.0030389809946380453,0.005176031221632514,-0.0021370502269944685,-0.06265601321067467,-0.007646600955553397,-0.012565220630441888
1790104680000,2026-09-22T19:18:00+00:00,86540.4,2.63101165,16.14013525082555,12.68557414410717,3.4545611067183817,0.018650405187433328,0.014658557325950852,0.003991847861482478,0.3517090019931822,0.00023581050270081753,0.0008497693164287558,10.835764883755473,5.750109449814531,5.085655433940943,0.012521047838645851,0.006644422084730983,0.005876625753914869,0.173264775606599,0.008013675980909338,0.015660276936462734
1790104740000,2026-09-22T19:19:00+00:00,86537.2,2.41273647,16.537834309143363,13.45602617711441,3.0818081320289537,0.01911066490381404,0.015549412480545257,0.0035612524232687837,0.31038773824186966,-0.00043059543821369426,-0.0006664059409145118,14.881246424323763,7.576336844716378,7.304909579607385,0.01719635766389918,0.008755005760200675,0.008441351903698508,0.23816485680091518,0.0025647261497836393,-0.005448949831125698
1790104800000,2026-09-22T19:20:00+00:00,86510.2,2.65779256,14.507110388352885,13.666243019362106,0.8408673689907786,0.016769248468218645,0.015797262079341057,0.0009719863888775875,0.11994680970552807,-0.0025892660343911963,-0.002158670596177502,7.578062486893032,7.576681973151709,0.001380513741322531,0.008759732941194254,0.008758137159724183,1.5957814700723512e-06,-0.05742073587163304,-0.008439756122228435,-0.011004482272012076
1790104860000,2026-09-22T19:21:00+00:00,86478,1.83059364,10.182103209503111,12.969415057390309,-2.7873118478871977,0.011774212180558189,0.014997357775839298,-0.0032231455952811093,-0.1804263221790202,-0.004195131984158697,-0.0016058659497675005,-9.61022193687677,4.139301191146014,-13.749523128022783,-0.011112909568765199,0.004786536681174419,-0.01589944624993962,-0.5986367989647937,-0.01590104203140969,-0.007461285909181256
1790104920000,2026-09-22T19:22:00+00:00,86465.9,5.57336826,5.712287292073597,11.517989504326968,-5.805702212253371,0.006606404712231756,0.013320846142036304,-0.006714441429804548,-0.42949045423567883,-0.0034912958345234384,0.0007038361496352584,-20.223148799530463,-0.7331888069892818,-19.48995999254118,-0.02338858301310744,-0.0008479513970123273,-0.02254063161609511,-0.8165789704378461,-0.006641185366155492,0.0092598566652542
1790104980000,2026-09-22T19:23:00+00:00,86475.4,3.12334465,2.9030322309263283,9.794998049646841,-6.891965818720513,0.00335706135031041,0.011326918464264799,-0.007969857113954388,-0.5234719058796591,-0.0012554156841498403,0.002235880150373598,-27.141274987647193,-6.014806043120865,-21.12646894452633,-0.03138612251304671,-0.006955511096937239,-0.024430611416109475,-0.8692747094618841,-0.0018899798000143637,0.004751205566141128
1790105040000,2026-09-22T19:24:00+00:00,86490.8,4.43389146,1.8974559610069264,8.215489631918858,-6.318033670911932,0.002193824037940366,0.00949868613993495,-0.007304862101994584,-0.48378873965178243,0.0006649950119598036,0.001920410696109643,-28.927370719218743,-10.597318978340443,-18.3300517408783,-0.03344560429458248,-0.012252538973324841,-0.021193065321257636,-0.7486635414074078,0.003237546094851839,0.005127525894866203
1790105100000,2026-09-22T19:25:00+00:00,86544.6,2.5890248,5.379725767081254,7.648336858951338,-2.268611091870084,0.006216131066619123,0.008837451278244209,-0.0026213202116250854,-0.1635323259743351,0.004683541890369499,0.004018546878409695,-20.82955545798177,-12.64376627426871,-8.185789183713059,-0.024068001305664093,-0.01460953805814425,-0.009458463247519843,-0.3488140810537341,0.011734602073737792,0.008497055978885951
1790105160000,2026-09-22T19:26:00+00:00,86520.3,5.29130379,6.108230877056485,7.340315662572368,-1.232084785515883,0.007059881758450312,0.008483923036064794,-0.0014240412776144824,-0.09074657774298824,0.001197278934010603,-0.003486262956358896,-13.211842014483409,-12.757381422311651,-0.45446059217175794,-0.015270222149580397,-0.014744957451964047,-0.0005252646976163489,-0.047318386573407846,0.008933198549903494,-0.0028014035238342963
1790105220000,2026-09-22T19:27:00+00:00,86567.1,1.70504933,10.342720853514038,7.9407967007607025,2.4019241527533355,0.01194763467127123,0.00917299609292757,0.002774638578343661,0.19657289521631968,0.004198679855958143,0.0030014009219475404,4.900746489860467,-9.225755839877227,14.126502329737693,0.005661211349185159,-0.010657346543753027,0.016318557892938186,0.511892492043654,0.016843822590554534,0.007910624040651041
1790105280000,2026-09-22T19:28:00+00:00,86513.1,6.43935094,9.234783133040764,8.199593987216716,1.0351891458240488,0.010674433274314252,0.00947786403124696,0.001196569243067291,0.07660086670240536,-0.00157806933527637,-0.005776749191234514,13.329119289686787,-4.714780813964424,18.04390010365121,0.015407053139567055,-0.005449788314098586,0.02085684145366564,0.6648312376650714,0.004538283560727455,-0.01230553902982708
1790105340000,2026-09-22T19:29:00+00:00,86536.4,3.96112076,10.120190524306963,8.583713294634766,1.5364772296721974,0.011694720977885565,0.009919193882152212,0.0017755270957333534,0.11118165127524926,0.0005789578526660623,0.002157027187942432,18.99717069363396,0.027609487555253054,18.96956120607871,0.021952809099562685,3.1905056779867267e-05,0.021920904042782817,0.6995229907074362,0.0010640625891171762,-0.0034742209716102784
1790105400000,2026-09-22T19:30:00+00:00,86483.9,2.04010694,6.510521779287956,8.169074991565404,-1.6585532122774485,0.0075280159420284655,0.009445775446719453,-0.001917759504690987,-0.15994043572585348,-0.00369328660042434,-0.0042722444530904026,7.935989648947725,1.6092855198337475,6.326704129113978,0.009176262459194978,0.0018607920316194662,0.007315470427575512,0.21579267248823455,-0.014605433615207306,-0.01566949620432448
1790105460000,2026-09-22T19:31:00+00:00,86466,5.49730312,2.1803195228858385,6.971323897829492,-4.791004374943653,0.0025215917503826225,0.008062503062278226,-0.005540911311895604,-0.4261471816971846,-0.003623151807204617,7.013479321972332e-05,-0.22289566697145347,1.2428492824727073,-1.4657449494441608,-0.00025778417756280327,0.0014373849634222785,-0.0016951691409850817,-0.08041007230359569,-0.009010639568560594,0.005594794046646711
1790105520000,2026-09-22T19:32:00+00:00,86449.3,5.17377877,-2.5693297608813737,5.063193166087319,-7.632522926968693,-0.0029720654312774927,0.005856835354464777,-0.00882890078574227,-0.6568258851149549,-0.0032879894738466666,0.00033516233335795036,-18.28443948236236,-2.6626084704943063,-15.621831011868053,-0.021150477195723227,-0.003079965332853252,-0.018070511862869974,-0.6134974250335056,-0.016375342721884893,-0.007364703153324299
1790105580000,2026-09-22T19:33:00+00:00,86375.8,4.43995771,-12.1245327067154,1.6256479915267756,-13.750180698242175,-0.014036955613395649,0.0018820641794655164,-0.015919019792861165,-1.1485027612698289,-0.007090119007118895,-0.003802129533272228,-38.67927364564093,-9.865941505523633,-28.8133321401173,-0.04478022043864246,-0.011422113028792362,-0.033358107409850096,-1.1027873674968367,-0.015287595546980122,0.0010877471749047706
1790105640000,2026-09-22T19:34:00+00:00,86471.9,7.12292065,-11.806534641989856,-1.0607885351765507,-10.745746106813305,-0.013653608446200276,-0.0012267436417802207,-0.012426864804420056,-0.8840916478006903,0.0034921549884411093,0.010582273995560006,-43.76606082604849,-16.645965369628605,-27.120095456419882,-0.05061304403632682,-0.019250144115751596,-0.03136289992057522,-1.015977597646837,0.0019952074892748764,0.017282803036255
1790105700000,2026-09-22T19:35:00+00:00,86445.4,19.93595023,-13.53680356971745,-3.5559915420847306,-9.98081202763272,-0.015659368306141737,-0.004113569423109536,-0.011545798883032202,-0.8057258821138978,0.0008810659213878535,-0.0026110890670532558,-43.50338912036386,-22.01745011977566,-21.485939000588203,-0.05032470104871267,-0.025469776436659045,-0.024854924612053627,-0.7830217655003445,0.006507975308521593,0.004512767819246713
1790105760000,2026-09-22T19:36:00+00:00,86380.1,6.36035747,-19.947278614868992,-6.834248956641583,-13.113029658227408,-0.02309244677288981,-0.007911832652013118,-0.015180614120876693,-1.0436574177594948,-0.00363481523784449,-0.004515881159232344,-49.42233990227396,-27.49842807627532,-21.92391182599864,-0.05721496027704756,-0.03183421653398794,-0.025380743743059615,-0.7845794469456754,-0.0005258191310059876,-0.0070337944395275805
1790105820000,2026-09-22T19:37:00+00:00,86279.6,2.95067155,-32.75950517599995,-12.019300200513257,-20.74020497548669,-0.03796900446455471,-0.013930639688307846,-0.024038364776246865,-1.6360959520166856,-0.008857750655370172,-0.005222935417525682,-62.69362795188499,-34.537468051397255,-28.156159900487737,-0.07266332708065984,-0.040029703488886424,-0.032633623591773415,-1.0092582007673139,-0.007252879848713801,-0.006727060717707813
1790105880000,2026-09-22T19:38:00+00:00,86287.9,5.04149624,-41.762138462625444,-17.967867852935697,-23.794270609689747,-0.04839860335299091,-0.02082316043493433,-0.027575442918056588,-1.8411741550507434,-0.0035370781418097227,0.00532067251356045,-60.45895473775454,-39.721765388668715,-20.737189349085824,-0.07006655016260048,-0.04603399247017104,-0.024032557692429443,-0.7025202869807902,0.008601065899343972,0.015853945748057773
1790105940000,2026-09-22T19:39:00+00:00,86342.4,5.54524269,-43.991983476807945,-23.172690977710147,-20.8192924990978,-0.05095061461901447,-0.026838136278016532,-0.024112478340997938,-1.5609498207040744,0.00346296457705865,0.0070000427188683725,-58.995219829375856,-43.57645627681015,-15.418763552565707,-0.06832705580268311,-0.0504693595230271,-0.017857696279656006,-0.4812975422745215,0.006174861412773437,-0.002426204486570535
1790106000000,2026-09-22T19:40:00+00:00,86397.9,3.7667756,-40.810329473926686,-26.700218676953455,-14.110110796973231,-0.047235325712692885,-0.030903782009694052,-0.016331543702998837,-0.9964560766355656,0.007780934637999101,0.0043179700609404514,-47.15958456121734,-44.293081933691596,-2.8665026275257475,-0.05458417920020897,-0.05126638718497972,-0.003317792015229245,0.014759647255699823,0.014539904264426761,0.00836504285165332
1790106060000,2026-09-22T19:41:00+00:00,86376.7,2.93229523,-39.543673722670064,-29.268909686096777,-10.274764036573288,-0.04578048677788115,-0.033885190897657326,-0.01189529588022382,-0.6733923366389447,0.004436247822775017,-0.003344686815224082,-28.187966222234536,-41.07205879140018,12.884092569165645,-0.03263376144519823,-0.047549928153541615,0.01491616670834339,0.6232750510110396,0.018233958723572634,0.0036940544591458763
1790106120000,2026-09-22T19:42:00+00:00,86434,4.53878719,-33.52969928825041,-30.121067606527507,-3.4086316817229054,-0.03879225685291715,-0.03484863318431116,-0.003943623668605995,-0.11317243557070722,0.007951672211617824,0.0035154243888428083,9.492794199715718,-30.959088193177003,40.45188239289272,0.010982708424596475,-0.03581818288309809,0.04680089130769457,1.6663324568283036,0.031884724599351176,0.013650765875778542
1790106180000,2026-09-22T19:43:00+00:00,86368.9,10.97321161,-33.62895351440238,-30.822644788102483,-2.8063087262999,-0.038936415207791675,-0.03568720313458026,-0.003249212073211422,-0.060393726980811295,0.0006944115953945724,-0.007257260616223253,28.24560884143284,-19.118148786255034,47.363757627687875,0.0327034486272638,-0.022135454760052558,0.054838903387316354,1.890043457930866,0.008038012079621785,-0.02384671251972939
1790106240000,2026-09-22T19:44:00+00:00,86383.5,2.91505782,-32.15880849483074,-31.089877529448138,-1.0689309653825987,-0.03722795267016356,-0.035990527739033655,-0.0012374249311299017,0.08276652885661062,0.0020117871420815203,0.0013173755466869483,37.35341964229883,-7.823835100544262,45.17725474284309,0.04324138248889989,-0.009057094353139502,0.05229847684203938,1.758577419905403,-0.0025404265452769748,-0.01057843862489876
1790106300000,2026-09-22T19:45:00+00:00,86366.7,2.20956632,-31.980674265898415,-31.268036876738194,-0.7126373891602213,-0.03702894086019081,-0.03620381104839966,-0.0008251298117911433,0.11177988310129856,0.0004122951193387584,-0.0015994920227427622,28.618474604314542,-0.5353731595725009,29.153847763887043,0.033136005664584314,-0.0006198837741542757,0.03375588943873859,1.1204359212357335,-0.018542587403300788,-0.01600216085802382
1790106360000,2026-09-22T19:46:00+00:00,86358.1,2.75443452,-32.16269816897693,-31.44696913518594,-0.7157290337909892,-0.03724340643086975,-0.0364146144197081,-0.0008287920111616503,0.10936068388661005,-3.662199370507062e-06,-0.00041595731870926547,30.204845590458717,5.612670590433743,24.592175000024973,0.03497627389956323,0.006499298375524406,0.028476975524038824,0.9267153118163596,-0.005278913914699767,0.013263673488601024
1790106420000,2026-09-22T19:47:00+00:00,86307.7,3.63647737,-35.9592958347057,-32.34943447508989,-3.609861359615806,-0.041664064544305664,-0.03748151610469274,-0.004182548439612927,-0.12797497970993504,-0.003353756428451277,-0.00335009422908077,13.369041142694186,7.163944700885832,6.2050964418083545,0.01548997498797232,0.008300469947508543,0.007189505040463777,0.21029021973096446,-0.021287470483575047,-0.01600855656887528
1790106480000,2026-09-22T19:48:00+00:00,86324.7,1.70429133,-37.16792026413896,-33.313131632899704,-3.854788631239252,-0.04305595068866611,-0.038590498006827366,-0.004465452681838746,-0.15153294170478634,-0.0002829042422258189,0.003070852186225458,8.04675513782422,7.34050678827351,0.7062483495507106,0.009321497946502243,0.00850336785215994,0.0008181300943423037,-0.01004564314867151,-0.006371374946121474,0.014916095537453574
1790106540000,2026-09-22T19:49:00+00:00,86338.5,0.83281237,-36.590427492163144,-33.968590804752395,-2.621836687410749,-0.04238019828021467,-0.039343503541007074,-0.0030366947392075944,-0.05768438329774142,0.0014287579426311516,0.001711662184856971,-3.5760815342364367,5.157189123771522,-8.733270658007958,-0.004141931507075565,0.0059732206649079165,-0.010115152171983482,-0.3805048233384861,-0.010933282266325785,-0.0045619073202043114
1790106600000,2026-09-22T19:50:00+00:00,86299.2,3.24619342,-38.85603369656019,-34.946079383113954,-3.909954313446235,-0.04502479014470608,-0.04049409424781916,-0.004530695896886918,-0.17226455036039592,-0.001494001157679324,-0.0029227591003104757,-16.896240390866296,0.7465032208439579,-17.642743611710255,-0.019578675573894425,0.000865017544593644,-0.02044369311848807,-0.7277233992663701,-0.010328540946504587,0.0006047413198211984
1790106660000,2026-09-22T19:51:00+00:00,86274.4,2.20467104,-42.16662506813009,-36.39018852011718,-5.77643654801291,-0.048875013988077684,-0.04217959037688721,-0.006695423611190469,-0.33141826110593076,-0.0021647277143035503,-0.0006707265566242263,-26.634299433644628,-4.729657310053759,-21.904642123590868,-0.030871613634687264,-0.0054821097684292905,-0.025389503866257976,-0.8865626436473233,-0.004945810747769907,0.00538273019873468
1790106720000,2026-09-22T19:52:00+00:00,86275.6,2.41426193,-44.18413540121401,-37.948977896336544,-6.2351575048774635,-0.05121278252624613,-0.04398575946888407,-0.007227023057362062,-0.3703511926739233,-0.0005315994461715934,0.001633128268131957,-22.082815214351285,-8.200288890913265,-13.88252632343802,-0.025595666925934197,-0.009504760199770578,-0.016090906726163617,-0.5682001681840437,0.009298597140094358,0.014244407887864265
1790106780000,2026-09-22T19:53:00+00:00,86209.5,3.22579898,-50.53421745247033,-40.466025807563305,-10.068191644907024,-0.058617921983621674,-0.04693917237376775,-0.01167874960985393,-0.6765462863988833,-0.004451726552491868,-0.0039201271063202744,-31.968885239519295,-12.954008160634473,-19.014877078884822,-0.037082786977675655,-0.015026195675226598,-0.02205659130244906,-0.7521734750032067,-0.005965684576285442,-0.0152642817163798
1790106840000,2026-09-22T19:54:00+00:00,86170.5,8.88870015,-58.04457555584668,-43.98173575721999,-14.06283979862669,-0.0673601470988873,-0.05104036271951536,-0.01631978437937193,-0.9897404069029406,-0.004641034769518,-0.00018930821702613232,-42.858326025743736,-18.934871733656326,-23.92345429208741,-0.04973665700645086,-0.021973728519222153,-0.0277629284872287,-0.9241578773495003,-0.005706337184779642,0.00025934739150580005
1790106900000,2026-09-22T19:55:00+00:00,86177.7,2.97531522,-62.692923636190244,-47.723973333014044,-14.9689503031762,-0.07274842985620439,-0.05537856467858164,-0.01736986517762275,-1.0450287844616308,-0.0010500807982508215,0.0035909539712671787,-47.44055654456315,-24.636008695837692,-22.80454784872546,-0.05504968982064171,-0.02858745208544402,-0.02646223773519769,-0.8633701857512921,0.0013006907520310106,0.007007027936810652
1790106960000,2026-09-22T19:56:00+00:00,86189.8,4.29412549,-64.65510035285843,-51.11019873698292,-13.544901615875503,-0.07501479334313157,-0.05929959082975354,-0.015715202513378036,-0.9115491786875893,0.001654662664244716,0.0027047434624955374,-42.86833764570474,-28.282474485811104,-14.585863159893638,-0.04973713553773734,-0.03281417811134392,-0.016922957426393423,-0.5282411669795041,0.009539280308804268,0.008238589556773257
1790107020000,2026-09-22T19:57:00+00:00,86239.5,0.66937989,-61.49093566817464,-53.18634612322127,-8.304589544953373,-0.07130251876248661,-0.06167283683604528,-0.009629681926441333,-0.47411862519824227,0.006085520586936703,0.004430857922691985,-31.053997053779312,-28.83677899940475,-2.2172180543745625,-0.03600901797178707,-0.033438017381135964,-0.0025710005906511083,-0.02468369436920231,0.014351956835742315,0.004812676526938047
1790107080000,2026-09-22T19:58:00+00:00,86228.9,5.26947958,-59.15672190474288,-54.3804212795256,-4.7763006252172815,-0.06860428685132582,-0.06306519192466285,-0.005539094926662966,-0.17682832466623744,0.004090586999778367,-0.0019949335871583367,-12.564653318739147,-25.58235386327163,13.017700544532484,-0.014571278676568005,-0.029667958031787064,0.015096679355219056,0.5911117963995876,0.017667679945870166,0.003315723110127851
1790107140000,2026-09-22T19:59:00+00:00,86201.2,6.96641055,-58.86345788034669,-55.277028599689814,-3.5864292806568727,-0.06828612348824226,-0.06412559059466667,-0.00416053289357558,-0.07231058103763002,0.001378562033087386,-0.002712024966690981,1.6052274231624324,-20.144837605984822,21.750065029147255,0.0018621868641764065,-0.023369555883195156,0.025231742747371562,0.9383102915090066,0.010135063392152506,-0.0075326165537176575
1790107200000,2026-09-22T20:00:00+00:00,86213.2,1.40186552,-57.005619024988846,-55.62274668474963,-1.3828723402392171,-0.06612168325150772,-0.0645176686223799,-0.0016040146291278101,0.11165506900131981,0.0025565182644477695,0.001177956231360384,16.318322278821142,-12.85220562902363,29.17052790784477,0.01892786983759,-0.014907468495571013,0.03383533833316101,1.2163056176572593,0.00860359558578945,-0.001531467806363056
1790107260000,2026-09-22T20:01:00+00:00,86159.7,1.66629623,-59.168216855992796,-56.331840718998265,-2.836376136994531,-0.06867272849834992,-0.06538072987603052,-0.0032919986223194034,-0.00923909985156107,-0.0016879839931915933,-0.004244502257639363,19.95999691184261,-6.289765120850381,26.249762032692992,0.023166279492433946,-0.0073001242121901325,0.03046640370462408,1.0789123822612003,-0.0033689346285369313,-0.011972530214326378
1790107320000,2026-09-22T20:02:00+00:00,86188.4,3.63495436,-57.89881952293217,-56.64523647978505,-1.253583043147124,-0.06717704415319484,-0.06572257575240409,-0.0014544684007907376,0.11464009961070849,0.0018375302215286658,0.003525514214720259,18.301935762065114,-1.3714249442672823,19.673360706332396,0.02123480162303177,-0.0015911943420080688,0.02282599596503984,0.8015418720641971,-0.0076404077395842394,-0.004271473111047308
1790107380000,2026-09-22T20:03:00+00:00,86240.2,0.76363798,-52.11226811357483,-55.73864280654301,3.6263746929681844,-0.06042688689680083,-0.06463185707656408,0.004204970179763248,0.5045595634893967,0.005659438580553986,0.0038219083590253205,25.53277747365064,4.0094155393163025,21.52336193433434,0.02960658425380581,0.004649125975260149,0.024957458278545668,0.8597886244478872,0.002131462313505826,0.009771870053090066
1790107440000,2026-09-22T20:04:00+00:00,86264.2,0.94887468,-45.070243298701826,-53.604962904974784,8.534719606272958,-0.05224675276499617,-0.0621404509692025,0.009893698204206332,0.8889989410233536,0.0056887280244430835,2.9289443889097622e-05,39.60500072376453,11.128532576205949,28.476468147558585,0.045911282691736006,0.012900522553047439,0.03301076013868857,1.124621350648179,0.0080533018601429,0.005921839546637074
1790107500000,2026-09-22T20:05:00+00:00,86246.7,3.23816655,-40.435377779373084,-50.97104587985445,10.535668100481367,-0.046883391224676524,-0.05909912597218729,0.012215734747510764,1.0333307717832994,0.0023220365433044322,-0.0033666914811386513,41.49229813371494,17.201285687707745,24.291012446007194,0.048108853015495015,0.019944282723521882,0.028164570291973137,0.9392212371684294,-0.004846189846715431,-0.012899491706858328
1790107560000,2026-09-22T20:06:00+00:00,86191.3,4.52808728,-40.76264407869894,-48.929365519623346,8.166721440924405,-0.047293223421272144,-0.05676833452984622,0.009475111108574073,0.8229003565787483,-0.002740623638936691,-0.005062660182241123,38.95907190919388,21.55284293200497,17.40622897718891,0.04520070112551253,0.025005821854415664,0.020194879271096863,0.6364088877089675,-0.007969691020876274,-0.003123501174160846
1790107620000,2026-09-22T20:07:00+00:00,86248.5,2.13207953,-35.99155477955355,-46.341803371609394,10.350248592055841,-0.04173006461509887,-0.05373056154206669,0.012000496926967821,0.9909030154022509,0.0025253858183937484,0.0052660094573304395,41.89732404772076,25.621739155148127,16.27558489257263,0.048577452416819725,0.029706880879259493,0.018870571537560225,0.572477539144633,-0.001324307733536638,0.006645383287339636
1790107680000,2026-09-22T20:08:00+00:00,86258.6,0.40064528,-31.0376636787405,-43.28097543303562,12.24331175429512,-0.035982109237502696,-0.050175838041697424,0.014193728804194736,1.1408179085320478,0.0021932318772269147,-0.00033215394116683367,38.13843527821882,28.125078379762268,10.013356898456554,0.04421406709385362,0.03260553542459797,0.01160853166925565,0.2856323110405863,-0.0072620398683045755,-0.0059377321347679375
1790107740000,2026-09-22T20:09:00+00:00,86231.5,1.46024922,-28.96452776013757,-40.417685898456014,11.453158138318443,-0.03358926582529304,-0.04687113861924704,0.013281872793953998,1.0656086786176295,-0.0009118560102407379,-0.0031050878874676526,29.849979002639884,28.470058504337793,1.3799204983020914,0.03461609620920416,0.03301584514282808,0.0016002510663760824,-0.10761277215680311,-0.010008280602879567,-0.0027462407345749916
1790107800000,2026-09-22T20:10:00+00:00,86248.6,4.91451474,-25.646093319519423,-37.4633673826687,11.817274063149277,-0.029735083606597,-0.043436493325884354,0.013701409719287358,1.0943360639437805,0.00041953692533336015,0.001331392935574098,27.369849681315827,28.250016739733404,-0.8801670584175767,0.031733674148120464,0.03275417425875134,-0.00102050011063087,-0.2133621217708048,-0.0026207511770069527,0.007387529425872614
1790107860000,2026-09-22T20:11:00+00:00,86209.6,5.85612936,-25.865028235624777,-35.14369955325992,9.278671317635144,-0.030002491875179532,-0.04076541307842737,0.010762921203247832,0.8527885837010405,-0.0029384885160395266,-0.003358025441372885,25.160975145423436,27.63220842087141,-2.4712332754479753,0.029185815901504514,0.03205235660630766,-0.0028665407048031485,-0.28261639065875827,-0.0018460405941722784,0.000774710582834674
1790107920000,2026-09-22T20:12:00+00:00,86242.3,0.38362948,-23.133253275445895,-32.74161029769712,9.608357022251226,-0.026823557900758552,-0.03796467661193767,0.011141118711179116,0.8725068831459513,0.0003781975079312841,0.0033166860239708107,20.562444097129628,26.218255556123058,-5.65581145899343,0.023842643455855916,0.030400691489121993,-0.006558048033266077,-0.41432263261094454,-0.0036915073284629284,-0.00184546673429065
1790107980000,2026-09-22T20:13:00+00:00,86223.8,0.65917355,-22.205130406087846,-30.634314319375267,8.429183913287421,-0.025752901642107917,-0.03552883811589754,0.009775936473789628,0.7433249963433808,-0.0013651822373894878,-0.0017433797453207719,7.854621263308218,22.54552869756009,-14.690907434251873,0.0091095744600774,0.026147686250849636,-0.017038111790772238,-0.7994775392132759,-0.01048006375750616,-0.006788556429043233
1790108040000,2026-09-22T20:14:00+00:00,86210.3,0.80525613,-22.30184177160845,-28.967819809821908,6.665978038213456,-0.025869115142399982,-0.033601344398316565,0.007732229255916586,0.5541698645391788,-0.002043707217873042,-0.0006785249804835535,0.8230834731220966,18.201039652672495,-17.3779561795504,0.0009547391357205538,0.021112372480634557,-0.020157633344914005,-0.9029205031581395,-0.0031195215541417673,0.007360542203364393
1790108100000,2026-09-22T20:15:00+00:00,86235.5,0.55872507,-20.113204331253655,-27.19689671410826,7.083692382854604,-0.023323578260987243,-0.031537935901233556,0.008214357640246306,0.5832938787742101,0.00048212838432972003,0.002525835602202762,0.04027656090329401,14.568887034318657,-14.528610473415362,4.670531382469402e-05,0.01689430342993159,-0.016847598116106897,-0.7653850338607313,0.003310035228807108,0.006429556782948875
1790108160000,2026-09-22T20:16:00+00:00,86209,0.99612786,-20.283209706118214,-25.814159312510252,5.5309496063920385,-0.023527949177137207,-0.029943694176373988,0.006415744999236783,0.4196154987855284,-0.001798612641009523,-0.002280741025339243,2.880638364018523,12.23123730025863,-9.350598936240107,0.0033414589706626027,0.014187889083806367,-0.010846430113143764,-0.510407549865739,0.006001168002963133,0.0026911327741560263
1790108220000,2026-09-22T20:17:00+00:00,86200.4,0.88710183,-20.871296997458558,-24.825586849499913,3.954289852041356,-0.024212529173250424,-0.028799851102198962,0.004587321928948539,0.25944530557013873,-0.001828423070288244,-2.981042927872185e-05,-2.003757811486139,9.384238277909677,-11.387996089395816,-0.002324534238224114,0.010886536811789362,-0.013211071050013477,-0.5974053503026633,-0.002364640936869713,-0.008365808939832846
1790108280000,2026-09-22T20:18:00+00:00,86251,0.3786803,-17.057732373912586,-23.27201595438245,6.214283580469864,-0.01977685171640049,-0.026981734651635867,0.007204882935235376,0.48686323733959175,0.0026175610062868374,0.004445984076575081,1.0577979805093491,7.718950218429612,-6.661152237920263,0.0012264182218285574,0.00894940373842577,-0.007722985516597213,-0.3420245604238203,0.0054880855334162645,0.00785272647028598
1790108340000,2026-09-22T20:19:00+00:00,86231.5,0.13998801,-15.431062285671942,-21.703825220640347,6.272762934968405,-0.0178949250397731,-0.025169253950865226,0.007274328911092124,0.503745111122064,6.944597585674742e-05,-0.00254811503043009,6.276876757940045,7.430535526331699,-1.1536587683916544,0.007279099584189124,0.00861696192961006,-0.001337862345420936,-0.02457426633538312,0.006385123171176277,0.000897037637760013
1790108400000,2026-09-22T20:20:00+00:00,86267.1,0.524226,-11.140867062276811,-19.59123358896764,8.450366526690829,-0.012914386901004915,-0.022709971227695885,0.009795584326690972,0.7396377809988017,0.0025212554155988488,0.0024518094397421013,13.28069201935432,8.600566824936223,4.680125194418096,0.015394851593891899,0.00996969508066948,0.005425156513222417,0.3271719976418644,0.0067630188586433534,0.00037789568746707594
1790108460000,2026-09-22T20:21:00+00:00,86281.2,0.20750049,-6.527855225576786,-16.978557916289468,10.450702690712681,-0.007565790955129027,-0.019678166177903723,0.012112375222774696,0.9634319175711852,0.0023167908960837237,-0.00020446451951512505,23.19900093333854,11.520253646616688,11.678747286721851,0.026887666065537497,0.013351985886400153,0.013535680179137345,0.7565909045972342,0.008110523665914929,0.0013475048072715747
1790108520000,2026-09-22T20:22:00+00:00,86279.1,0.28981025,-3.006802017611335,-14.184206736553843,11.177404718942508,-0.0034849714677266394,-0.01643991040304528,0.012954938935318643,1.0639509833704817,0.0008425637125439468,-0.001474227183539777,33.21649081258511,15.859501079810371,17.356989732774736,0.03849888421713382,0.018381625538294175,0.020117258678839643,1.102273491177476,0.006581578499702298,-0.00152894516621263
1790108580000,2026-09-22T20:23:00+00:00,86284.3,0.19703311,0.20093826804077253,-11.307177735634921,11.508116003675694,0.00023287929326745713,-0.013104559851137369,0.013337439144404826,1.1227461525617444,0.0003825002090861833,-0.00046006350345776346,31.3918291417649,18.965966692201278,12.425862449563624,0.036381855264242625,0.021980785255488283,0.014401070008754343,0.8130939465237954,-0.0057161886700853,-0.012297767169787598
1790108640000,2026-09-22T20:24:00+00:00,86319.8,3.15224386,5.543744038644945,-7.936993380778948,13.480737419423892,0.006422331885204721,-0.009194869984382433,0.015617201869587153,1.3442573763966335,0.002279762725182327,0.0018972625160961435,40.21875428124622,23.21652421001027,17.00223007123595,0.04659273339517262,0.026895943004977156,0.01969679039019547,1.0610936656587808,0.0052957203814411255,0.011011909051526426
1790108700000,2026-09-22T20:25:00+00:00,86326.4,1.03303961,10.19302213199262,-4.310990278224635,14.504012410217255,0.01180753759219963,-0.004993826081273672,0.0168013636734733,1.4663111231224675,0.0011841618038861482,-0.0010956009212961786,41.004877917221165,26.77419495145245,14.230682965768715,0.04749981224425109,0.031015071810538204,0.01648474043371288,0.882667769774373,-0.003212049956482589,-0.008507770337923715
1790108760000,2026-09-22T20:26:00+00:00,86328.5,4.38144287,13.886980499897618,-0.6713961226001843,14.558376622497802,0.01608620617744733,-0.0007777224469325708,0.0168639286243799,1.4891584336754535,6.256495090659758e-05,-0.0011215968529795506,37.82585936516989,28.98452783419594,8.84133153097395,0.04381618974634088,0.033574691827375595,0.010241497918965288,0.5574304045045284,-0.006243242514747591,-0.003031192558265002
1790108820000,2026-09-22T20:27:00+00:00,86317.6,1.62588445,15.753335568777402,2.6135502156753327,13.13978535310207,0.01825043278401786,0.003027830031969532,0.01522260275204833,1.3593647494555094,-0.0016413258723315689,-0.0017038908232381682,34.54684643277142,30.09699155391104,4.4498548788603784,0.040022945995685025,0.03486773445266207,0.00515521154302295,0.2928037868875342,-0.005086286375942338,0.0011569561388052527
1790108880000,2026-09-22T20:28:00+00:00,86303.3,0.97111449,15.895313636196079,5.269902899779482,10.625410736416598,0.018417967373433087,0.006106258856590052,0.012311708516843038,1.1198341312209987,-0.0029108942352052917,-0.0012695683628737228,26.04281240956334,29.2861557250415,-3.2433433154781603,0.03017591727032841,0.03393399293542831,-0.003758075665099898,-0.15911389902378836,-0.008913287208122848,-0.003827000832180511
1790108940000,2026-09-22T20:29:00+00:00,86344.3,6.92140027,19.096062109136255,8.035134741650838,11.060927367485418,0.022116181507217333,0.009305923774529226,0.012810257732688107,1.2004298146253396,0.0004985492158450684,0.00340944345105036,18.667938888131175,27.162512357659438,-8.494573469528262,0.021620348868577513,0.031458373462590394,-0.00983802459401288,-0.4634340259753965,-0.006079948928912981,0.0028333382792098665
1790109000000,2026-09-22T20:30:00+00:00,86300.9,1.8405254,17.924043823135435,10.012916557947758,7.911127265187677,0.020769243221258917,0.01160233156079225,0.009166911660466666,0.863467050714758,-0.003643346072221441,-0.004141895288066508,7.125027281465009,23.15501534242055,-16.029988060955542,0.00825602894229957,0.02683056068061927,-0.0185745317383197,-0.8982465081652407,-0.00873650714430682,-0.0026565582153938376
1790109060000,2026-09-22T20:31:00+00:00,86247.3,1.00532191,12.525749794818694,10.515483205321946,2.010266589496748,0.01452306309277936,0.012192246256198101,0.002330816836581259,0.20028637648392916,-0.006836094823885407,-0.003192748751663966,-13.178108903608518,15.88839049321474,-29.066499396823257,-0.015279445157829308,0.018421898996507414,-0.03370134415433672,-1.6300995101524898,-0.01512681241601702,-0.0063903052717102
1790109120000,2026-09-22T20:32:00+00:00,86240.2,1.31199187,7.587191797763808,9.929824923810319,-2.342633126046511,0.008797743741043976,0.011514148765668817,-0.00271640502462484,-0.2934000092818269,-0.005047221861206099,0.0017888729626793082,-26.859163078202982,7.338879778931196,-34.198042857134176,-0.031144597389851814,0.008509813032589438,-0.03965441042244125,-1.8831326005651248,-0.0059530662681045315,0.009173746147912488
1790109180000,2026-09-22T20:33:00+00:00,86322.1,6.31277384,10.164820810925448,9.976824101233346,0.18799670969210247,0.011775455892437102,0.011557670748549149,0.00021778514388795276,0.0217630028871753,0.0029341901685127924,0.00798141202971889,-21.53623785226955,1.563856252691047,-23.100094104960597,-0.02494869546995445,0.0018116522335427973,-0.026760347703497247,-1.244903481710946,0.012894062718944003,0.01884712898704853
1790109240000,2026-09-22T20:34:00+00:00,86333.8,2.80836584,13.001825641054893,10.581824409197655,2.4200012318572384,0.015059948294937663,0.012256873216744374,0.00280307507819329,0.30406882322497986,0.0025852899343053373,-0.0003489002342074556,-21.968860676934128,-3.142687133233988,-18.82617354370014,-0.025446419220437565,-0.003640158470070804,-0.021806260750366763,-0.9999074975166875,0.004954086953130484,-0.007939975765813519
1790109300000,2026-09-22T20:35:00+00:00,86335.3,0.1968061,15.19603938954242,11.50466740526661,3.6913719842758113,0.0176011890727691,0.013325566026024823,0.004275623046744276,0.4679866554367456,0.0014725479685509862,-0.0011127419657543508,-15.499048238416435,-5.613959354270477,-9.885088884145958,-0.017952156578382696,-0.0065025074960884804,-0.011449649082294214,-0.49904029064314104,0.010356611668072549,0.005402524714942066
1790109360000,2026-09-22T20:36:00+00:00,86358,1.36702996,18.55280469803256,12.9142948638198,5.63850983421276,0.0214835970008946,0.014954370022255959,0.006529226978638644,0.7094340576879081,0.002253603931894368,0.0007810559633433817,4.054782569408417,-3.680210969534699,7.734993538943115,0.004695317827425851,-0.00426157503593726,0.008956892863363111,0.4819364693513901,0.020406541945657324,0.010049930277584773
1790109420000,2026-09-22T20:37:00+00:00,86343.1,0.98219212,19.782717065667384,14.287979304189317,5.494737761478067,0.022911752144256326,0.016547910955466406,0.006363841188789916,0.6959653231480695,-0.00016538578984872775,-0.0024189897217430957,19.35872656336869,0.927576537045979,18.43115002632271,0.02242069900590631,0.0010742914454611647,0.021346407560445143,1.0644106456769955,0.012389514697082032,-0.008017027248575294
1790109480000,2026-09-22T20:38:00+00:00,86346.8,0.34466202,20.816036247531883,15.59359069285783,5.222445554674053,0.024107478502424968,0.018059257196396197,0.006048221306028773,0.6618590856433619,-0.0003156198827611433,-0.00015023409291241557,20.256588933974854,4.793379016431754,15.4632099175431,0.023459571094672706,0.005551310548198374,0.017908260546474333,0.8796119161499732,-0.0034381470139708097,-0.01582766171105284
1790109540000,2026-09-22T20:39:00+00:00,86346.8,0.14374828,21.388397016839008,16.752551957654067,4.635845059184941,0.024770341248128484,0.019401474006742653,0.005368867241385832,0.5831430877551205,-0.0006793540646429412,-0.0003637341818817979,18.19472510542255,7.473648234229913,10.721076871192636,0.021071684307261588,0.008655385300011018,0.01241629900725057,0.5977253941819717,-0.005491961539223763,-0.0020538145252529533
1790109600000,2026-09-22T20:40:00+00:00,86346.7,0.09584196,21.585108194878558,17.719063205098966,3.866044989779592,0.024998185448753176,0.020520834270561547,0.00447735117819163,0.482329242978204,-0.0008915160631942018,-0.00021216199855126055,14.881359141683788,8.955190415720688,5.9261687259631,0.0172344271890921,0.010371201697019907,0.0068632254920721935,0.3143152332770769,-0.005553073515178377,-6.111197595461484e-05
1790109660000,2026-09-22T20:41:00+00:00,86344.3,0.86780319,21.30178950878326,18.435608465835823,2.866181042947435,0.024670753609425587,0.02135127445104752,0.0033194791583780687,0.3566550806256187,-0.0011578720198135613,-0.0002663559566193595,10.912980006090947,9.346748333794741,1.5662316722962064,0.012638911898169245,0.010824974357073646,0.0018139375410955979,0.05925848220893898,-0.005049287950976596,0.0005037855642017822
1790109720000,2026-09-22T20:42:00+00:00,86362.2,0.57998905,22.264980971143814,19.201482966897423,3.063498004246391,0.025780933060000573,0.022233665847902696,0.0035472672120978746,0.3751746635004721,0.00022778805371980598,0.0013856600735333673,9.456694586377125,9.368737584311218,0.08795700206590773,0.010950039005927507,0.010848192362296488,0.00010184664363101882,-0.03338503800643783,-0.001712090897464579,0.0033371970535120165
1790109780000,2026-09-22T20:43:00+00:00,86332.2,1.54488243,20.372723786713323,19.435731130860603,0.9369926558527197,0.023598059341373583,0.022512725415152868,0.0010853339262207147,0.10658752629020868,-0.00246193328587716,-0.002689721339596966,-1.5988759798783576,7.175214871473303,-8.77409085135166,-0.0018520042114973992,0.008311168800833643,-0.010163173012331043,-0.5521055085236433,-0.010265019655962063,-0.008552928758497485
1790109840000,2026-09-22T20:44:00+00:00,86325.1,3.96331797,18.091636547775124,19.166912214243506,-1.0752756664683822,0.020957562224399536,0.02220317406437236,-0.001245611839972826,-0.14738491253031477,-0.002330945766193541,0.000130987519683619,-13.035019574759644,3.1331679822267136,-16.168187556986357,-0.0150999183027412,0.0036294982365809173,-0.018729416539322117,-0.9727951859019289,-0.008566243526991073,0.0016987761289709888
1790109900000,2026-09-22T20:45:00+00:00,86272.8,1.65545985,11.926207667725976,17.718771304940002,-5.792563637214027,0.013823832850824332,0.02053807376709693,-0.006714240916272598,-0.7330782714133817,-0.005468629076299772,-0.003137683310106232,-25.32333698301227,-2.558133010821083,-22.765203972191184,-0.02935263140064107,-0.0029651674813163395,-0.026387463919324727,-1.3368359842373732,-0.00765804738000261,0.0009081961469884631
1790109960000,2026-09-22T20:46:00+00:00,86276.2,0.91006046,7.231057318189414,15.621228507589887,-8.390171189400473,0.008381288603565542,0.01810606923762276,-0.009724780634057217,-1.045048028645664,-0.0030105397177846186,0.0024580893585151534,-33.164345357203274,-8.679375480097523,-24.48496987710575,-0.038439738140070234,-0.010059988131254648,-0.028379750008815582,-1.4094528263364152,-0.001992286089490855,0.005665761290511755
1790110020000,2026-09-22T20:47:00+00:00,86275.5,0.48800742,3.4142750521132257,13.179837816494556,-9.76556276438133,0.003957409753769292,0.015276454864352635,-0.011319045110583341,-1.1988125996586598,-0.0015942644765261239,0.0014162752412584948,-41.80371835283586,-15.304244054645192,-26.499474298190666,-0.0484537537920219,-0.017738806561127078,-0.030714947230894827,-1.491348368539421,-0.0023351972220792445,-0.0003429111325883895
1790110080000,2026-09-22T20:48:00+00:00,86250,1.28070382,-1.6491785757534672,10.214034538044952,-11.86321311379842,-0.0019120911023228606,0.0118423588846898,-0.013754449987012661,-1.4310142533128292,-0.00243540487642932,-0.0008411403999031963,-46.17412490663992,-21.47822022504414,-24.695904681595778,-0.05353521728306077,-0.02490228431889176,-0.028632932964169015,-1.3604508818454655,0.0020820142667258117,0.004417211488805056
1790110140000,2026-09-22T20:49:00+00:00,86283.9,3.72167412,-2.8932043118256843,7.592586768070826,-10.485791079896511,-0.003353121859148328,0.008799540549361847,-0.012152662408510177,-1.2434402943484835,0.0016017875785024841,0.004037192454931804,-43.380863660699106,-25.858748912175134,-17.522114748523972,-0.05027689251494092,-0.029969378890123344,-0.02030751362481758,-0.9423142721831039,0.008325419339351436,0.006243405072625625
1790110200000,2026-09-22T20:50:00+00:00,86315,1.51246734,-1.3539856798306573,5.80327227849053,-7.157257958321187,-0.0015686562936113738,0.006723364743660465,-0.008292021037271839,-0.8342937515032061,0.0038606413712383384,0.0022588537927358543,-27.21086281373573,-26.129171692487255,-1.0816911212484754,-0.03152506842812458,-0.03027187822798732,-0.0012531902001372594,-0.016676746130307542,0.01905432342468032,0.01072890408532888
1790110260000,2026-09-22T20:51:00+00:00,86284.5,3.62606813,-2.5656635529885534,4.129485112194713,-6.695148665183266,-0.0029734929830833503,0.0047858944679458225,-0.007759387451029172,-0.7687339108461462,0.0005326335862426666,-0.0033280077849956718,-18.77783237451513,-24.658903828892832,5.881071454377704,-0.021762694776599655,-0.028578601984009678,0.006815907207410027,0.3781985149476719,0.008069097407547287,-0.010985226017133034
1790110320000,2026-09-22T20:52:00+00:00,86253.3,0.387209,-5.97463438178238,2.1086612133992944,-8.083295595181674,-0.006926847299503184,0.0024447310577094374,-0.009371578357212623,-0.9190537453690375,-0.0016121909061834507,-0.0021448244924261173,-16.029699325285037,-22.933062928171275,6.9033636028862375,-0.0185844475808868,-0.02658804118586915,0.008003593604982345,0.4405088512421835,0.0011876863975723182,-0.006881411009974968
1790110380000,2026-09-22T20:53:00+00:00,86237.1,0.55621678,-9.869701163537684,-0.28701126198810134,-9.582689901549582,-0.011444843534323026,-0.00033281645833185635,-0.01111202707599117,-1.0800335682184052,-0.0017404487187785474,-0.0001282578125950968,-11.721849223176832,-20.69082018717239,8.968970963995556,-0.013592582801574766,-0.023992945248822593,0.010400362447247827,0.5577170870103652,0.002396768842265482,0.0012090824446931636
1790110440000,2026-09-22T20:54:00+00:00,86218.7,3.79696709,-14.276722702925326,-3.0849535501755465,-11.19176915274978,-0.01655873111392926,-0.0035780562107472582,-0.012980674903182,-1.2492294590438453,-0.0018686478271908308,-0.00012819910841228334,-13.963598012443981,-19.34537575222671,5.381777739782727,-0.016195556198880266,-0.02243756372135825,0.006242007522477986,0.354646155192934,-0.004158354924769841,-0.006555123767035324
1790110500000,2026-09-22T20:55:00+00:00,86242.5,0.98530018,-15.66824416309828,-5.601611672760093,-10.066632490338186,-0.018167659985619942,-0.006495187028159079,-0.011672472957460864,-1.0988740395238545,0.001308201945721137,0.0031768497729119678,-17.878203496758942,-19.051941301133155,1.1737378043742126,-0.02073015450243087,-0.022091128273337573,0.001360973770906702,0.11738792427714752,-0.004881033751571284,-0.0007226788268014425
1790110560000,2026-09-22T20:56:00+00:00,86242.2,0.24234422,-16.603843664226588,-7.802058071053392,-8.801785593173197,-0.019252574336260656,-0.009046682564977926,-0.010205891771282734,-0.9341232489536453,0.00146658118617813,0.00015837924045699302,-16.42693197024346,-18.526939434955217,2.1000074647117586,-0.019047440777535195,-0.021482452250702347,0.0024350114731671486,0.17106439299371293,0.0010740377022604465,0.00595507145383173
1790110620000,2026-09-22T20:57:00+00:00,86242.6,2.18724378,-17.11573679286812,-9.664793815416338,-7.450942977451781,-0.01984603524576963,-0.011206519533752853,-0.008639515712016776,-0.7635445265481007,0.001566376059265958,9.9794873087828e-05,-13.650272717612097,-17.551606091486594,3.901333373874497,-0.015827761126881723,-0.020351434316088098,0.004523673189206374,0.26913345164958635,0.0020886617160392256,0.0010146240137787791
1790110680000,2026-09-22T20:58:00+00:00,86248.7,2.23916601,-16.8351318447385,-11.098861421280771,-5.736270423457727,-0.019519287646930908,-0.012868439085204499,-0.006650848561726411,-0.5541161051537054,0.0019886671502903647,0.00042229109102440675,-7.379667631190387,-15.517218399427353,8.137550768236967,-0.008556265347988302,-0.017991249026857628,0.009434983678869325,0.505383680451848,0.00491131048966295,0.0028226487736237246
1790110740000,2026-09-22T20:59:00+00:00,86266.4,9.51261274,-15.011465496820165,-11.881382236388651,-3.1300832604315136,-0.017401288910653703,-0.013772896789930555,-0.0036283921207231483,-0.2453312060863307,0.0030224564410032627,0.0010337892907128984,3.665731426634011,-11.680628434215082,15.346359860849093,0.004249315407428629,-0.013540183007770212,0.01778949841519884,0.9032108063392,0.008354514736329517,0.0034432042466665666
1790110800000,2026-09-22T21:00:00+00:00,86276.1,0.83652882,-12.637807070437702,-12.03266720319846,-0.6051398672392416,-0.0146480972951231,-0.013946698104339975,-0.0007013991907831272,0.04885112773845198,0.002926992929940021,-9.54635110632417e-05,8.922203834590618,-7.560061980453943,16.482265815044563,0.010341454741916495,-0.0087626376023649,0.019104092344281398,0.9531355230498706,0.0013145939290825567,-0.00703992080724696
1790110860000,2026-09-22T21:01:00+00:00,86316.6,1.60725693,-7.403313350951066,-11.106796432748983,3.7034830817979163,-0.008576928830550631,-0.012867509184500992,0.004290580353950359,0.5396249903630809,0.004991979544733486,0.0020649866147934653,22.043118640445755,-1.6394258562740038,23.682544496719757,0.025537519596978742,-0.0018993169984383115,0.02743683659541705,1.324989768762376,0.008332744251135654,0.007018150322053097
1790110920000,2026-09-22T21:02:00+00:00,86345.5,1.69956919,-0.9124329342594137,-9.06792373305107,8.155490798791655,-0.0010567232041732502,-0.010501906564964091,0.009445183360790841,1.0340756449732664,0.005154603006840482,0.00016262346210699577,39.40003914484987,6.568467143950771,32.8315720008991,0.0456306804000786,0.007607191045220389,0.03802348935485821,1.7833839686291602,0.010586652759441161,0.0022539085083055077
1790110980000,2026-09-22T21:03:00+00:00,86296.5,7.34203225,0.2745808729378041,-7.199422811853295,7.474003684791099,0.0003181830931008837,-0.008342659101879328,0.008660842194980213,0.9376665820447293,-0.0007843411658106283,-0.00593894417265111,42.35944935034786,13.72666358523019,28.632785765117667,0.04908594131899655,0.015906396650188812,0.03317954466880774,1.5195662983933487,-0.004843944686050476,-0.015430597445491637
1790111040000,2026-09-22T21:04:00+00:00,86286.3,1.34501329,0.3877731051034061,-5.681983628461955,6.069756733565361,0.0004494028659282019,-0.006585035664366134,0.007034438530294336,0.7613983334235316,-0.0016264036646858769,-0.0008420624988752477,37.941785558636184,18.56968797991139,19.372097578724794,0.043971969546308255,0.021521015479759115,0.022450954066549143,0.9942402742031259,-0.010728590602258593,-0.005884645916208117
1790111100000,2026-09-22T21:05:00+00:00,86288.5,1.16551554,0.64753598664538,-4.416079705440488,5.063615692085868,0.0007504313861585031,-0.005117807941313719,0.005868239327472222,0.6361538638805264,-0.0011661992028221138,0.00046020446186376303,31.55766964708164,21.16728431334544,10.390385333736198,0.036572277472758985,0.024530828920824258,0.012041448551934729,0.4936818773601137,-0.010409505514614415,0.0003190850876441803
1790111160000,2026-09-22T21:06:00+00:00,86262.5,1.00874139,-1.2303994877729565,-3.778943661906982,2.5485441741340256,-0.0014263434143143966,-0.00438074906466539,0.0029544056503509933,0.34321498429662384,-0.0029138336771212287,-0.0017476344742991144,14.00991308222001,19.735810067120354,-5.725896984900345,0.016241023715078986,0.022878782862913033,-0.006637759147834047,-0.38335418955993505,-0.018679207699768774,-0.008269702185154361
1790111220000,2026-09-22T21:07:00+00:00,86288.9,0.67604155,-0.5817119023413397,-3.1394973099938537,2.557785407652514,-0.0006741445334699362,-0.0036383559298981145,0.002964211396428178,0.34397589574305754,9.805746077184724e-06,0.0029236394231984134,0.5151190432807198,15.891671862352428,-15.376552819071708,0.0005969702282457185,0.018416820543954587,-0.017819850315708867,-0.8924182921600872,-0.01118209116787482,0.007497116531893956
1790111280000,2026-09-22T21:08:00+00:00,86305.5,0.36441203,1.2573648315883474,-2.2601248816774135,3.517489713265761,0.001456876828925558,-0.00261874953702535,0.004075626365950908,0.4506705058935564,0.0011114149695227301,0.0011016092234455454,-1.0727124008262763,12.498795009716689,-13.571507410542965,-0.0012429247276549886,0.014482037656599741,-0.01572496238425473,-0.777728673964194,0.002094887931454136,0.013276979099328956
1790111340000,2026-09-22T21:09:00+00:00,86239.4,5.10977271,-2.5890265003108652,-2.325905205404104,-0.26312129490676117,-0.003002138813942195,-0.0026970331488903035,-0.0003051056650518918,0.019775069636055985,-0.0043807320310028,-0.00549214700052553,-11.870327208584058,7.62497056605654,-19.495297774640598,-0.013764389836413586,0.008841632207618026,-0.022606022044031615,-1.0797156155965892,-0.006881059659776884,-0.00897594759123102
1790111400000,2026-09-22T21:10:00+00:00,86244.5,1.29961963,-5.166238780293497,-2.8939719203819827,-2.2722668599115146,-0.005990224049410104,-0.003355543739463946,-0.002634680309946158,-0.2097844310611526,-0.002329574644894266,0.0020511573861085337,-19.765662716556108,2.1468439095340104,-21.912506626090117,-0.02291817184464645,0.002489253122847266,-0.025407424967493715,-1.1881666729719866,-0.0028014029234621,0.004079656736314784
1790111460000,2026-09-22T21:11:00+00:00,86272.9,0.77844323,-4.861020609008847,-3.287381658107356,-1.5736389509014908,-0.005634469930892374,-0.003810445294069582,-0.0018240246368227922,-0.13348416090424362,0.0008106556731233658,0.003140230318017632,-16.33761318330653,-1.550047509034098,-14.787565674272432,-0.01893713226668691,-0.0017966795007865713,-0.01714045276590034,-0.7922126847291516,0.008266972201593375,0.011068375125055471
1790111520000,2026-09-22T21:12:00+00:00,86238.4,1.0806716,-7.318630068999482,-4.093631340285782,-3.2249987287137003,-0.008486509569982146,-0.004746877655760986,-0.0037396319142211595,-0.3290456062492777,-0.0019156072773983672,-0.002726262950521733,-22.26848476626037,-5.693734960479353,-16.574749805781018,-0.025822005935013142,-0.006602319802407458,-0.019219686132605683,-0.8881062770878893,-0.002079233366705343,-0.010346205568298718
1790111580000,2026-09-22T21:13:00+00:00,86263.4,6.62260137,-7.166402380171348,-4.708185548262895,-2.4582168319084534,-0.008307581639688847,-0.005457917898277711,-0.0028496637414111357,-0.256688958342287,0.0008899681728100238,0.0028055754502083917,-22.372518231364666,-9.029491614656415,-13.34302661670825,-0.02593512223186736,-0.010467349553410155,-0.015467772678457203,-0.7286882458759537,0.00375191345414848,0.005831146820853821
1790111640000,2026-09-22T21:14:00+00:00,86260.8,1.09321497,-7.17287467661663,-5.201123373933642,-1.9717513026829874,-0.008315335212073885,-0.0060295329673891755,-0.002285802244684709,-0.21179519874800318,0.0005638614967264266,-0.00032610667608359714,-10.177416037564399,-9.259076499238013,-0.9183395383263857,-0.01179842528421299,-0.010733817097961082,-0.0010646081862519079,-0.06673538006560134,0.014403164492205295,0.010651251038056815
1790111700000,2026-09-22T21:15:00+00:00,86235.8,0.39292781,-9.090505396889057,-5.9789997785247255,-3.1115056183643315,-0.010541451922390766,-0.006933315141188144,-0.003608136781202623,-0.35574494515728705,-0.001322334536517914,-0.0018861960332443406,-7.700599036295898,-8.947381006649591,1.2467819703536929,-0.008929700931974769,-0.010375483275680854,0.001445782343706086,0.04036044835680963,0.0025103905299579937,-0.011892773962247302
1790111760000,2026-09-22T21:16:00+00:00,86229.4,0.30300851,-10.999868435304961,-6.983173509880773,-4.016694925424188,-0.012756517423645487,-0.00809836727366858,-0.004658150149976908,-0.4784904672218772,-0.0010500133687742852,0.00027232116774362873,-11.225593134615337,-9.40302343224274,-1.822569702372597,-0.013018289741799593,-0.01090466062879104,-0.002113629113008553,-0.14227075825416138,-0.0035594114567146394,-0.006069801986672633
1790111820000,2026-09-22T21:17:00+00:00,86261.1,1.14349652,-9.841678582961322,-7.554874524496883,-2.2868040584644387,-0.01140917352429,-0.008758147675483947,-0.0026510258488060537,-0.30336564596814136,0.0020071243011708546,0.00305713766994514,-3.178501979331486,-8.15811914166049,4.979617162329005,-0.0036847454754593734,-0.009457471724404731,0.005772726248945358,0.22256693958053844,0.00788635536195391,0.011445766818668551
1790111880000,2026-09-22T21:18:00+00:00,86250.6,1.05789163,-9.659715837304248,-7.975842787058356,-1.6838730502458912,-0.011199592625795353,-0.00924728962703837,-0.001952302998756984,-0.2683556385701444,0.0006987228500490697,-0.0013084014511217847,-3.713931963313371,-7.269281705991068,3.5553497426776968,-0.004305978118776415,-0.008428094072378706,0.004122115953602289,0.12910941319063227,-0.0016506102953430688,-0.00953696565729698
1790111940000,2026-09-22T21:19:00+00:00,86236.7,0.62339138,-10.51590210966242,-8.48385465157917,-2.03204745808325,-0.012194230657785398,-0.009837870247329931,-0.0023563604104554674,-0.35069250997391516,-0.00040405741169848345,-0.0011027802617475531,-3.9634690509119537,-6.608119174975245,2.6446501240632916,-0.004596035157783117,-0.0076627690704482495,0.0030667339126651317,0.06712581778846766,-0.0010553820409371574,0.000595228254405911
1790112000000,2026-09-22T21:20:00+00:00,86256.3,1.27979306,-9.503331216372317,-8.6877499645378,-0.8155812518345176,-0.011017550273281275,-0.010072017886853248,-0.0009455323864280261,-0.20960281287781118,0.0014108280240274413,0.0018148854357259248,4.409269345414941,-4.404641470897208,8.813910816312148,0.00511182295718103,-0.005106457697463499,0.01021828065464453,0.4140790537811714,0.007151546741979398,0.008206928782916555
1790112060000,2026-09-22T21:21:00+00:00,86231.6,2.52055406,-10.572076741955243,-9.06461532002129,-1.5074614219339537,-0.01226009576762491,-0.010511941469277258,-0.0017481542983476517,-0.3195790316058736,-0.0008026219119196256,-0.002213449935947067,3.8607393784914166,-2.7515653010194834,6.6123046795109,0.0044771746998680485,-0.003190901364487593,0.007668076064355642,0.2920328363951269,-0.0025502045902888876,-0.009701751332268286
1790112120000,2026-09-22T21:22:00+00:00,86225.8,0.63113228,-11.751611535582924,-9.602014563133617,-2.1495969724493076,-0.013628880840285533,-0.011135895014176287,-0.0024929858261092475,-0.4103567060703805,-0.0007448315277615958,5.779038415802988e-05,-1.9235589075979078,-2.5859640223351685,0.6624051147372607,-0.0022308391544037954,-0.002999060631893434,0.0007682214774896385,-0.027679732096619294,-0.006899854586866003,-0.0043496499965771165
1790112180000,2026-09-22T21:23:00+00:00,86231.4,1.21997026,-12.095103336469037,-10.100632317800702,-1.9944710186683352,-0.014026333025404944,-0.011713404070675767,-0.002312928954729177,-0.39020600108699965,0.00018005687138007058,0.0009248883991416663,-2.010133816555026,-2.4707979811791403,0.4606641646241143,-0.0023310926374325667,-0.0028653112221060316,0.0005342185846734651,-0.012444505955287677,-0.0002340028928161734,0.00666585169404983
1790112240000,2026-09-22T21:24:00+00:00,86237,0.27674142,-11.779661262102309,-10.436438106661024,-1.3432231554412848,-0.013659637118756809,-0.012102042170600813,-0.0015575949481559943,-0.29972076074340526,0.0007553340065731826,0.0005752771351931118,-1.3245713228097884,-2.24155264950527,0.9169813266954816,-0.001535966375001204,-0.0025992934001707736,0.0010633270251695695,0.0442839624279758,0.0005291084404961045,0.0007631113333122779
1790112300000,2026-09-22T21:25:00+00:00,86223.5,0.30319508,-12.475201958688558,-10.84419087706653,-1.6310110816220273,-0.014468447649061519,-0.012576839118183013,-0.0018916085308785045,-0.338156626983208,-0.0003340135827225102,-0.0010893475892956928,-4.0703605790185975,-2.6073142354079355,-1.463046343610662,-0.004720709063096021,-0.0030239021095269107,-0.0016968069535691105,-0.08943042669654166,-0.00276013397873868,-0.003289242419234785
1790112360000,2026-09-22T21:26:00+00:00,86222.9,0.26345429,-12.925836955066188,-11.260520092666463,-1.6653168623997257,-0.014991187903754326,-0.013059778890139933,-0.0019314090136143946,-0.3414622344949468,-3.98004827358901e-05,0.0002942130999866201,-2.5826414996408857,-2.6023796882545254,0.01973818861363963,-0.0029953080905894907,-0.003018200139701315,2.289204911182485e-05,0.022917848251166193,0.0017196990026809354,0.004479832981419615
1790112420000,2026-09-22T21:27:00+00:00,86245,3.33064577,-11.36863261371036,-11.282142596875243,-0.0864900168351177,-0.013181787481837046,-0.013081503387877839,-0.00010028409395920656,-0.12837973594659308,0.001831124919655188,0.001870925402391078,1.511527482769452,-1.7795982540497297,3.2911257368191817,0.0017525972320360044,-0.0020634219421992346,0.0038160191742352386,0.239830878980133,0.0037931271251234137,0.0020734281224424785
1790112480000,2026-09-22T21:28:00+00:00,86264.5,0.32663429,-8.463488099951064,-10.718411697490408,2.254923597539344,-0.009811090425321035,-0.012425055147239487,0.0026139647219184533,0.18751906166992163,0.00271424881587766,0.0008831238962224717,6.591443038982106,-0.10538999544336258,6.6968330344254685,0.007640968230247792,-0.00012217076021232671,0.007763138990460118,0.45913068389318945,0.003947119816224879,0.00015399269110146543
1790112540000,2026-09-22T21:29:00+00:00,86250,4.32029523,-7.2476228757732315,-10.024253933146973,2.7766310573737414,-0.008403041015389254,-0.011622323400750114,0.00321928238536086,0.2526545118259464,0.0006053176634424067,-0.0021089311524352533,9.646745049816673,1.8450370136086445,7.801708036208028,0.011184631941816433,0.002139173349111472,0.00904545859270496,0.5209767678454873,0.001282319602244843,-0.002664800213980036
1790112600000,2026-09-22T21:30:00+00:00,86255.2,0.41490654,-5.797613108952646,-9.178925768308108,3.381312659355462,-0.006721465035096605,-0.010641591194859103,0.003920126159762498,0.32700886801586115,0.0007008437744016379,9.552611095923124e-05,14.333984573415364,4.342826525569989,9.991158047845374,0.01661811064540499,0.005034857638229334,0.011583253007175654,0.649518465697942,0.0025377944144706933,0.0012554748122258503
1790112660000,2026-09-22T21:31:00+00:00,86290.1,0.73861877,-1.8114503217366291,-7.705430678993812,5.893980357257183,-0.002099256255047368,-0.00892968101670274,0.006830424761655372,0.6613134808747624,0.0029102986018928745,0.0022094548274912366,22.782574119541096,8.03077604436421,14.751798075176886,0.02640230353139131,0.009306717739768768,0.017095585791622545,0.9448351843804311,0.005512332784446891,0.0029745383699761978
1790112720000,2026-09-22T21:32:00+00:00,86291.9,3.81375544,1.4758447431377135,-5.869175594567507,7.34502033770522,0.0017102934842525355,-0.006801537102054198,0.008511830586306734,0.8459632423063912,0.0016814058246513615,-0.001228892777241513,27.638505255468772,11.952321886585121,15.68618336888365,0.03202908413822013,0.013851035713184114,0.018178048425036012,0.9868721990482862,0.0010824626334134668,-0.004429870151033424
1790112780000,2026-09-22T21:33:00+00:00,86274.5,1.10217174,2.6465078880428337,-4.166038898045439,6.812546786088273,0.003067543582452328,-0.004828818362372937,0.007896361944825264,0.7557793304732171,-0.0006154686414814696,-0.002296874466132831,23.651117908899323,14.292081091047962,9.359036817851361,0.027413798873246815,0.016565823147103677,0.010847975726143138,0.5525633114477847,-0.007330072698892874,-0.008412535332306341
1790112840000,2026-09-22T21:34:00+00:00,86276.1,0.93393799,3.66116980627703,-2.600597157180945,6.261766963457975,0.004243550422743993,-0.003014272964564862,0.007257823387308854,0.6642832550144009,-0.0006385385575164099,-2.3069916034939436e-05,21.939049555789097,15.821474783996191,6.117574771792906,0.025428884193640065,0.018338189584364836,0.007090694609275229,0.3202780939423376,-0.003757281116867909,0.003572791582024965
1790112900000,2026-09-22T21:35:00+00:00,86296.4,1.05730968,6.033783334161853,-0.8737210589123856,6.907504393074239,0.006991929366881879,-0.0010124652464209233,0.008004394613302802,0.7455395192771136,0.0007465712259939481,0.001385109783510358,22.925445580491214,17.242268943295198,5.683176637196016,0.026565935056956275,0.01998028764038268,0.006585647416573597,0.2751059569578657,-0.0005050471927016322,0.0032522339241662767
1790112960000,2026-09-22T21:36:00+00:00,86302.3,7.35608144,8.294562783819856,0.9599357096340628,7.334627074185793,0.009611056465262056,0.0011122944691324135,0.008498761996129643,0.7965878453576042,0.0004943673828268404,-0.00025220384316710764,19.152673855336616,17.62434992570348,1.5283239296331352,0.022192541630219144,0.020421645686967183,0.0017708959432519585,-0.021312857039409532,-0.004814751473321638,-0.004309704280620006
1790113020000,2026-09-22T21:37:00+00:00,86267.6,0.49476453,7.2032126343256095,2.2085910945723723,4.994621539753237,0.008349847027534798,0.0025601629053924905,0.0057896841221423065,0.42679545717053846,-0.0027090778739873363,-0.0032034452568141768,8.56030086435203,15.811540113433193,-7.251239249081163,0.009922961649972908,0.01832848034886005,-0.00840551869888714,-0.6235093455988103,-0.010176414642139099,-0.005361663168817461
1790113080000,2026-09-22T21:38:00+00:00,86256.3,1.07992384,5.364653826210997,2.8398036409000973,2.5248501853108998,0.006219434205050526,0.0032922854804809587,0.002927148724569567,0.03665372472341457,-0.0028625353975727393,-0.0001534575235854034,0.2140223003079882,12.692036550808153,-12.478014250500165,0.00024812367364237533,0.014714329910752203,-0.014466206237109827,-0.9650242155009761,-0.006060687538222687,0.0041157271039164115
1790113140000,2026-09-22T21:39:00+00:00,86259,0.16224256,4.078436482785037,3.0875302092770855,0.9909062735079512,0.004728128639081182,0.003579371670523755,0.0011487569685574273,-0.2081715940875356,-0.0017783917560121399,0.001084143641560599,-5.093905603716848,9.134848119903154,-14.228753723620002,-0.005905361299941859,0.010590023209060103,-0.01649538450900196,-1.065211315040085,-0.0020291782718921333,0.004031509266330554
1790113200000,2026-09-22T21:40:00+00:00,86230.1,1.18451754,0.7188253278727643,2.6137892329962216,-1.8949639051234572,0.0008336130050559657,0.0030311796379642623,-0.0021975666329082967,-0.6546461861828435,-0.003346323601465724,-0.0015679318454535842,-15.838363014525385,4.140205893017447,-19.97856890754283,-0.01836755728513058,0.004801346505474824,-0.0231689037906054,-1.4419120629848141,-0.006673519281603441,-0.004644341009711308
1790113260000,2026-09-22T21:41:00+00:00,86223.8,0.63660775,-2.424104498088127,1.6062104867793519,-4.030314984867479,-0.0028114099565179533,0.0018628388992126905,-0.004674248855730643,-0.9822871353336531,-0.0024766822228223465,0.0008696413786433775,-27.42631838750094,-2.1730989630862316,-25.25321942441471,-0.03180829235953524,-0.002520300616635119,-0.029287991742900116,-1.7746410115857094,-0.006119087952294714,0.0005544313293087272
1790113320000,2026-09-22T21:42:00+00:00,86222.9,3.42493811,-4.9306836551986635,0.2988316583837488,-5.229515313582413,-0.0057185314518517286,0.00034658038454256216,-0.00606511183639429,-1.155691751017709,-0.0013908629806636472,0.0010858192421586994,-31.208604581275722,-7.98020008672413,-23.22840449455159,-0.036195262025837366,-0.009255313944119405,-0.026939948081717957,-1.597574602000068,0.0023480436611821587,0.008467131613476873
1790113380000,2026-09-22T21:43:00+00:00,86202.2,3.95980329,-8.489619648302323,-1.4588586029534656,-7.030761045348857,-0.009848495338056713,-0.0016923681796444472,-0.008156127158412265,-1.4030552697147671,-0.0020910153220179747,-0.0007001523413543275,-32.93650852704013,-12.971461774787333,-19.9650467522528,-0.03820843148671395,-0.015047715458291474,-0.023160716028422478,-1.3453789610133025,0.0037792320532954796,0.0014311883921133209
1790113440000,2026-09-22T21:44:00+00:00,86214.2,0.8153479,-10.223947054328164,-3.2118762932284053,-7.012070761099759,-0.01185877390769521,-0.003725460879099273,-0.008133313028595938,-1.3697750830510464,2.28141298163273e-05,0.002113829451834302,-31.897270780522376,-16.75662357593434,-15.140647204588035,-0.03699769966029074,-0.01943603672705232,-0.01756166293323842,-0.994321794480161,0.005599053095184058,0.0018198210418885787
1790113500000,2026-09-22T21:45:00+00:00,86240,2.34276211,-9.408118702296633,-4.451124775042051,-4.956993927254582,-0.010909228550900549,-0.005161322791096998,-0.005747905759803551,-1.0373098516109747,0.0023854072687923868,0.0023625931389760595,-23.071118463136372,-18.01952255337475,-5.051595909761623,-0.026752224563005998,-0.02089462262682601,-0.00585760193617999,-0.2623418576831736,0.01170406099705843,0.006105007901874369
1790113560000,2026-09-22T21:46:00+00:00,86273.1,0.4732662,-6.021266076611937,-4.765153035356029,-1.256113041255908,-0.0069793088188693075,-0.005523335820036638,-0.0014559729988326696,-0.46133148464971613,0.004291932760970882,0.001906525492178495,-9.018479257589206,-16.219313894217642,7.200834636628436,-0.010453408139488677,-0.018799966495022944,0.00834655835553427,0.6321723695303028,0.014204160291714259,0.0025000992946558297
1790113620000,2026-09-22T21:47:00+00:00,86299.9,0.25780287,-1.1612389074725797,-4.0443702097793395,2.8831313023067597,-0.0013455854612491784,-0.0046864135529465735,0.003340828091697395,0.18347236886113014,0.004796801090530064,0.0005048683295591832,8.608158060204005,-11.253819503333313,19.861977563537316,0.009974702242069812,-0.01304036215955443,0.02301506440162424,1.5420102115542809,0.01466850604608997,0.0004643457543757109
1790113680000,2026-09-22T21:48:00+00:00,86307.9,0.01372311,3.2978848165948875,-2.5759192045044945,5.873804021099382,0.0038210694694169223,-0.002984569436290878,0.0068056389057078,0.6610398332067715,0.0034648108140104047,-0.00133199027651966,28.055715411057463,-3.3919125204551577,31.44762793151262,0.03250654390972028,-0.003930013962169346,0.036436557871889624,2.307138102423484,0.013421493470265385,-0.0012470125758245847
1790113740000,2026-09-22T21:49:00+00:00,86314.1,0.11568177,7.248504431539914,-0.6110344772956131,7.8595389088355265,0.008397821945128215,-0.0007079196530991032,0.009105741598227319,0.9826430515320752,0.002300102692519519,-0.0011647081214908855,40.6860727040621,5.423684524448294,35.26238817961381,0.04713722636749047,0.006283659940204781,0.0408535664272857,2.4725039739501207,0.004417008555396076,-0.009004484914869309
1790113800000,2026-09-22T21:50:00+00:00,86310.3,0.28983985,9.957981287356233,1.5027686756347562,8.455212611721477,0.011537419389523884,0.0017411232212548864,0.009796296168268997,1.0891311949526536,0.0006905545700416783,-0.001609548122477841,45.314004227591795,13.401748465076995,31.9122557625148,0.052501270679851414,0.01552740340964751,0.0369738672702039,2.167926254787765,-0.0038796991570817993,-0.008296707712477876
1790113860000,2026-09-22T21:51:00+00:00,86309.9,0.10380306,11.935400689617381,3.5892950784312814,8.3461056111861,0.013828541904946458,0.004158613413329504,0.009669928491616953,1.0752369389087566,-0.00012636767665204392,-0.0008169222466937222,43.65310722491995,19.452020217045586,24.201087007874364,0.05057717275181636,0.02253741484701707,0.028039757904799293,1.6143632857220684,-0.008934109365404608,-0.005054410208322813
1790113920000,2026-09-22T21:52:00+00:00,86265.1,0.88506098,9.774855769021087,4.826407216549243,4.948448552471844,0.011331182331001862,0.005594854948929803,0.005736327382072059,0.5492832112208186,-0.003933601109544894,-0.00380723343289285,28.282283564985846,21.21807288663364,7.064210678352207,0.03278531360305134,0.024596358071379547,0.008188955531671796,0.47821749580695705,-0.019850802373127495,-0.01091669300772289
1790113980000,2026-09-22T21:53:00+00:00,86247.5,1.00721026,6.56673817288538,5.174473407816471,1.3922647650689086,0.007613830166538601,0.005999563358725146,0.0016142668078134538,-0.0061235074364623335,-0.004122060574258605,-0.00018845946471371042,10.616455528710503,19.097749415049012,-8.48129388633851,0.012309290737366883,0.022142959987302837,-0.00983366924993595,-0.5506949075914336,-0.018022624781607745,0.0018281775915197501
1790114040000,2026-09-22T21:54:00+00:00,86247.1,1.04489019,3.9465122708061244,4.928881180414402,-0.9823689096082777,0.004575820254601168,0.005714836997898366,-0.001139016743297198,-0.37572726407295487,-0.0027532835511106515,0.0013687770231479539,-5.388013223695452,14.200596887300119,-19.58861011099557,-0.006247181903734099,0.016465013765448483,-0.022712195669182582,-1.280346640283287,-0.012878526419246632,0.005144098362361115
1790114100000,2026-09-22T21:55:00+00:00,86247.2,0.15207982,1.8566314384515863,4.314431232021839,-2.4577997935702527,0.002152686044824164,0.005002401506393064,-0.0028497154615689003,-0.599152650283573,-0.0017106987182717024,0.0010425848328389493,-19.837804830589448,7.392916543722205,-27.230721374311653,-0.02300110012915138,0.008571775714135884,-0.03157287584328727,-1.7557615205649744,-0.008860680174104685,0.004017846245141947
1790114160000,2026-09-22T21:56:00+00:00,86274.8,1.70358012,2.399811624622089,3.931507310541889,-1.5316956859198,0.0027815904813712567,0.004556959054720369,-0.0017753685733491124,-0.43900263169602616,0.001074346888219788,0.0027850456064914906,-26.810857458985993,0.5521617431805659,-27.36301920216656,-0.031076116616886963,0.0006400035041293238,-0.03171612012101629,-1.7284919060431125,-0.00014324427772902104,0.008717435896375664
1790114220000,2026-09-22T21:57:00+00:00,86240.6,3.82224013,0.06982673773018178,3.1591711959795474,-3.0893444582493657,8.096736076764514e-05,0.0036632064201542512,-0.0035822390593866064,-0.6783359707517607,-0.001806870486037494,-0.002881217374257282,-29.712128236700664,-5.500696252795681,-24.211431983904983,-0.03445259916640267,-0.006378313987606394,-0.028074285178796274,-1.504601614025189,0.003641834942220014,0.003785079219949035
1790114280000,2026-09-22T21:58:00+00:00,86213.2,0.5625654,-3.9422107290592976,1.7388948109717786,-5.681105540031076,-0.0045726300949962394,0.0020169704998443147,-0.006589600594840554,-1.074740914058395,-0.0030073615354539473,-0.0012004910494164533,-31.14460957837582,-10.62947891791171,-20.51513066046411,-0.036125105643191324,-0.012329294026798346,-0.02379581161639298,-1.2515971106953734,0.0042784735624032955,0.0006366386201832816
1790114340000,2026-09-22T21:59:00+00:00,86188.9,1.23691826,-8.979080986755434,-0.404700348573664,-8.57438063818177,-0.010417908787274737,-0.0004695504276927354,-0.009948358359582,-1.5048291031913605,-0.003358757764741447,-0.0003513962292874995,-33.450461232627276,-15.193675380854824,-18.256785851772452,-0.038810637138456665,-0.01762834353478792,-0.02118229360366875,-1.091566442513983,0.00261351801272423,-0.0016649555496790654
1790114400000,2026-09-22T22:00:00+00:00,86288,5.96871371,-4.917608043528162,-1.3072818875645638,-3.610326155963598,-0.005699063651409422,-0.0015150216571998003,-0.004184041994209622,-0.6957294721242117,0.005764316365372378,0.009123074130113824,-17.886094736881205,-15.732159252060102,-2.153935484821103,-0.020728368645560453,-0.01823215192385975,-0.0024962167217007034,-0.07405080173854076,0.018686076881968043,0.016072558869243816
1790114460000,2026-09-22T22:01:00+00:00,86236.2,4.74081471,-5.811694962147158,-2.2081645024810825,-3.603530459666075,-0.006739275341616581,-0.002560600423582072,-0.004178674918034509,-0.6792678359165664,5.367076175113138e-06,-0.005758949289197265,-16.84750452240405,-15.955228306128893,-0.8922762162751585,-0.01953646441100611,-0.01850177571150966,-0.001034688699496451,0.013196558084035052,0.0014615280222042525,-0.017224548859763794
1790114520000,2026-09-22T22:02:00+00:00,86157,3.07809164,-12.763908987122704,-4.319313399409407,-8.444595587713298,-0.01481470917873499,-0.005013305244390365,-0.009801403934344624,-1.4395810240953042,-0.0056227290163101155,-0.005628096092485229,-23.049777094856836,-17.374138063874483,-5.675639030982353,-0.02675322619735696,-0.02016567204507409,-0.006587554152282871,-0.27631576747318914,-0.00555286545278642,-0.0070143934749906725
1790114580000,2026-09-22T22:03:00+00:00,86173.7,18.01726366,-16.73314893276256,-6.8020805060800384,-9.931068426682522,-0.01941793021857314,-0.007893452997933289,-0.01152447722063985,-1.6511934956122596,-0.0017230732862952257,0.00389965573001489,-20.00198749100673,-17.899707949300932,-2.102279541705798,-0.023211243675282284,-0.020771659972011105,-0.0024395837032711813,-0.03998488207063489,0.00414797044901169,0.00970083590179811
1790114640000,2026-09-22T22:04:00+00:00,86103.8,0.5241357,-25.228329529127222,-10.487330310689476,-14.740999218437747,-0.029299902593296952,-0.012179869309704654,-0.0171200332835923,-2.380483907872277,-0.005595556062952449,-0.003872482776657223,-27.016374696060666,-19.72304129865288,-7.293333397407785,-0.03137651845337914,-0.022906121795615155,-0.008470396657763984,-0.3584744200164162,-0.0060308129544928025,-0.010178783403504492
1790114700000,2026-09-22T22:05:00+00:00,86178.4,0.44302911,-25.645598320814315,-13.518983912714443,-12.126614408099872,-0.02975873109829646,-0.015687206901862236,-0.014071524196434225,-1.929608709893776,0.0030485090871580738,0.008644065150110522,-35.98358547271346,-22.975150133464997,-13.00843533924846,-0.041754761602342885,-0.026659986880082476,-0.015094774722260406,-0.7096315805766322,-0.006624378064496422,-0.0005935651100036198
1790114760000,2026-09-22T22:06:00+00:00,86177.3,0.73384322,-25.768010071333265,-15.968789144438208,-9.799220926895057,-0.02990115734808733,-0.01853015718111174,-0.011371000166975592,-1.5367633809021166,0.0027005240294586327,-0.000347985057699441,-35.29654450886301,-25.4394290085446,-9.857115500318407,-0.04095805334915692,-0.029519872412508395,-0.011438180936648522,-0.4952367901576818,0.0036565937856118842,0.010280971850108307
1790114820000,2026-09-22T22:07:00+00:00,86130.7,0.24329894,-29.287643094416126,-18.632559934433793,-10.655083159982333,-0.03400372119861574,-0.021632890403112705,-0.012370830795503034,-1.6629811084859147,-0.000999830628527442,-0.003700354657986075,-29.474543246469693,-26.24645185612962,-3.2280913903400723,-0.03422071717340007,-0.030472818467897764,-0.0037478987055023032,-0.06296742413096651,0.007690282231146218,0.004033688445534336
1790114880000,2026-09-22T22:08:00+00:00,86129,0.66713093,-31.847040555876447,-21.275456058722327,-10.57158449715412,-0.03697597853902454,-0.024701849619434016,-0.01227412891959052,-1.622581597360482,9.670187591251378e-05,0.0010965325044399558,-24.345345183392055,-25.86623052158211,1.5208853381900553,-0.028266141698373434,-0.030031964287965854,0.0017658225895924198,0.2405893291020562,0.005513721295094723,-0.002176560936051496
1790114940000,2026-09-22T22:09:00+00:00,86097.9,4.09315645,-35.970248931029346,-24.214414633183733,-11.755834297845613,-0.04177831158603096,-0.028124280189393395,-0.013654031396637565,-1.796208915100021,-0.0013799024770470448,-0.0014766043529595586,-15.638476670341333,-23.82067975133396,8.182203080992625,-0.018163598264697902,-0.02766696952113113,0.00950337125643323,0.6592047079696578,0.00773754866684081,0.0022238273717460877
1790115000000,2026-09-22T22:10:00+00:00,86092.9,1.17019345,-39.18962587531132,-27.209456881609253,-11.980168993702069,-0.045520160054210425,-0.03160476285687816,-0.013915397197332265,-1.7938597651586035,-0.0002613658006946993,0.0011185366763523455,-21.383938927407144,-23.333331586548596,1.949392659141452,-0.024838214216743943,-0.027102503907463448,0.0022642896907195042,0.2465629710840273,-0.007239081565713726,-0.014976630232554536
1790115060000,2026-09-22T22:11:00+00:00,86063,1.15956265,-43.65050951114972,-30.497667407517348,-13.152842103632373,-0.05071925160771728,-0.03543644470622375,-0.015282806901493527,-1.9351123995852415,-0.0013674097041612623,-0.001106043903466563,-31.646236263550236,-24.995912521948924,-6.650323741601312,-0.03677101223934819,-0.029043738333487005,-0.007727273905861185,-0.32989958632339655,-0.00999156359658069,-0.002752482030866964
1790115120000,2026-09-22T22:12:00+00:00,86050.5,7.48481117,-47.645213106050505,-33.92717654722398,-13.718036558826526,-0.05536889745678469,-0.03942705335497641,-0.01594184410180827,-1.9715699408665204,-0.0006590372003147434,0.0007083725038465188,-26.67799359228229,-25.3323287360156,-1.3456648562666906,-0.031002717697494252,-0.029438909403217414,-0.0015638082942768384,-0.0026438771766074077,0.006163465611584347,0.016155029208165035
1790115180000,2026-09-22T22:13:00+00:00,86030.4,2.11321646,-51.83542004672927,-37.50882524712504,-14.32659479960423,-0.06025244570143725,-0.043599501161362776,-0.016652944540074474,-2.0073932690172693,-0.0007111004382662038,-5.206323795146038e-05,-27.471216643651132,-25.76010631754271,-1.7111103261084217,-0.0319319875807286,-0.029943027485101442,-0.0019889600956271526,-0.042098261701347846,-0.00042515180135031415,-0.006588617412934661
1790115240000,2026-09-22T22:14:00+00:00,86051.3,0.51073891,-52.8603922076727,-40.57913863923457,-12.281253568438132,-0.06142892926390735,-0.047156915281041156,-0.014272013982866188,-1.6343852060066335,0.0023809305572082863,0.00309203099547449,-24.305551323282998,-25.46919531869077,1.1636439954077709,-0.028245420258942045,-0.029597688028758156,0.0013522677698161107,0.14112733770993396,0.0033412278654432635,0.0037663796667935776
1790115300000,2026-09-22T22:15:00+00:00,86092,3.20312282,-49.81431179579522,-42.426173270546705,-7.3881385252485146,-0.05786171978324957,-0.04928004143305616,-0.008581678350193415,-0.8354444471342515,0.005690335632672773,0.0033094050754644867,-12.375123493096908,-22.850380953572,10.475257460475092,-0.014374301320792765,-0.026541816839627374,0.012167515518834607,0.7647047702959104,0.010815247749018497,0.007474019883575233
1790115360000,2026-09-22T22:16:00+00:00,86098.9,0.18114342,-46.309669743233826,-43.20287256508413,-3.106797178149698,-0.05378659860141515,-0.05017819340907274,-0.0036084051923424084,-0.1387649689442249,0.004973273157851007,-0.0007170624748217662,-1.4430205094104167,-18.568908864739683,17.125888355329266,-0.0016760034209617274,-0.021566952498510067,0.01989094907754834,1.2066813576360997,0.007723433558713733,-0.0030918141903047633
1790115420000,2026-09-22T22:17:00+00:00,86137,4.49921683,-39.99680580184213,-42.56165921243573,2.5648534105935994,-0.04643394337142242,-0.04941158760165286,0.002977644230230446,0.7822648648402794,0.006586049422572854,0.0016127762647218484,21.131054711528122,-10.628916149486123,31.759970861014246,0.024531913941196144,-0.012339547638629305,0.036871461579825446,2.1590294288108853,0.016980512502277105,0.009257078943563372
1790115480000,2026-09-22T22:18:00+00:00,86165.2,1.77332681,-32.34545307510416,-40.51841798496942,8.172964909865257,-0.03753888237374736,-0.04702410948383967,0.009485227110092307,1.6719976067329467,0.006507582879861862,-7.846654271099303e-05,47.54400760871067,1.0056686021532357,46.538339006557436,0.055177737194030387,0.001167140100821719,0.05401059709320867,2.9991149363088,0.017139135513383225,0.0001586230111061196
1790115540000,2026-09-22T22:19:00+00:00,86215.1,15.02471305,-22.00156757037621,-36.81504790205078,14.813480331674569,-0.025519389956488142,-0.04270139210190648,0.01718200214541834,2.638804313056479,0.0076967750353260315,0.0011891921554641701,70.66419568929996,14.937374019582581,55.72682166971738,0.0819626674321551,0.01732570514861385,0.06463696228354125,3.357843113236056,0.010626365190332582,-0.006512770323050643
1790115600000,2026-09-22T22:20:00+00:00,86197.3,0.37445949,-15.066596675562323,-32.46535765675309,17.39876098119077,-0.017479197927965637,-0.03766400763916398,0.02018480971119834,2.902055341544934,0.0030028075657800024,-0.004693967469546029,79.65050605798024,27.88000042726211,51.77050563071813,0.09240487353777929,0.032344401074351645,0.060060472463427654,2.953451935239675,-0.004576489820113598,-0.015202855010446173
1790115660000,2026-09-22T22:21:00+00:00,86205.8,0.29981411,-8.783453134892625,-27.728976752381,18.945523617488377,-0.010188935239731694,-0.032166022184564144,0.021977086944832455,2.974785883881813,0.001792277233634114,-0.0012105303321458885,84.19590015243739,39.14318037229717,45.05271978014022,0.09766848651997591,0.045406666804666464,0.05226181971530944,2.4602788822402593,-0.007798652748118216,-0.0032221629280046182
1790115720000,2026-09-22T22:22:00+00:00,86227.1,0.80722039,-2.0615206955117173,-22.595485541007147,20.53396484549543,-0.0023908036980389196,-0.026204621912376904,0.023813818214337985,3.032721342302583,0.0018367312695055302,4.4454035871416275e-05,83.9525946691574,48.10506323166922,35.847531437488186,0.09736219201290244,0.055788798685876266,0.04157339332702617,1.8884695716490156,-0.010688426388283268,-0.002889773640165051
1790115780000,2026-09-22T22:23:00+00:00,86183.1,0.33988857,-0.28152780773234554,-18.132693994352188,17.851166186619842,-0.0003266624288663851,-0.021039732841302047,0.020713070412435662,2.557303958055578,-0.0031007478019023232,-0.004937479071407853,68.72946251365647,52.229943088066676,16.499519425589796,0.07974819020626604,0.06060346296207339,0.01914472724419265,0.8083663528923346,-0.02242866608283352,-0.01174023969455025
1790115840000,2026-09-22T22:24:00+00:00,86182.2,0.55840509,1.0444669369171606,-14.29726180809832,15.34172874501548,0.0012119288401980463,-0.016589576279206517,0.017801505119404565,2.151954230888485,-0.0029115652930310973,0.00018918250887122595,46.10815427200578,51.0055853248545,-4.897431052848724,0.053500785860660066,0.0591834338469597,-0.005682647986299635,-0.3761360388813728,-0.024827375230492284,-0.002398709147658759
1790115900000,2026-09-22T22:25:00+00:00,86202.2,0.41116197,3.6668905466940487,-10.704431337139846,14.371321883833895,0.004253824782539249,-0.012417816873745505,0.016671641656284753,1.964244604738316,-0.0011298634631198116,0.0017817018299112856,30.424130387284094,46.889294337340424,-16.46516395005633,0.03529391406168763,0.05439454484611811,-0.019100630784430476,-1.022493072578843,-0.013417982798130841,0.011409392432361443
1790115960000,2026-09-22T22:26:00+00:00,86214.5,0.72718516,6.660904593707528,-7.231364150970371,13.8922687446779,0.0077259678983321,-0.0083876426250461,0.016113610523378202,1.8502927205225732,-0.0005580311329065508,0.0005718323302132608,18.090218450393877,41.12947915995112,-23.03926070955724,0.02098280271925706,0.04770598815738781,-0.026723185438130754,-1.389174893220676,-0.007622554653700278,0.005795428144430563
1790116020000,2026-09-22T22:27:00+00:00,86181.1,0.23826819,6.266346885880921,-4.5318219436001135,10.798168829481035,0.007271138203017739,-0.005258487004227277,0.012529625207245015,1.4324032401228237,-0.003583985316133187,-0.003025954183226636,0.8691738451452693,33.07741809698995,-32.20824425184468,0.0010085434569125588,0.03838129020979072,-0.03737274675287816,-1.8851526914395482,-0.010649561314747407,-0.003027006661047129
1790116080000,2026-09-22T22:28:00+00:00,86168.3,0.20011681,4.864726495012292,-2.6525122558776326,7.517238750889924,0.005645610386896679,-0.0030782924299047705,0.008723902816801452,1.0047773445012433,-0.003805722390443564,-0.00022173707431037692,-8.934427185711684,24.675049040449625,-33.609476226161306,-0.010368577755058048,0.02863587774210426,-0.039004455497162305,-1.9415134793771427,-0.0016317087442841438,0.009017852570463263
1790116140000,2026-09-22T22:29:00+00:00,86169.6,0.06942151,3.8148560862755403,-1.3590385874469981,5.173894673722538,0.004427148421572736,-0.001577167107015697,0.006004315528588431,0.6959049774208512,-0.00271958728821302,0.0010861351022305437,-14.304947341661318,16.87904976402744,-31.183997105688757,-0.01660092113884864,0.019588172353158698,-0.03618909349200734,-1.7821645905185943,0.0028153620051549616,0.004447070749439105
1790116200000,2026-09-22T22:30:00+00:00,86187.8,1.26480925,4.400685753673315,-0.2070937192229355,4.607779472896251,0.0051059265391079885,-0.0002402819415542983,0.005346208480662288,0.6109183277259246,-0.0006581070479261437,0.0020614802402868764,-16.94903068502026,10.1134336742179,-27.062464359238163,-0.019665231836779987,0.011734182418182039,-0.03139941425496203,-1.5263483679931038,0.004789679237045312,0.0019743172318903504
1790116260000,2026-09-22T22:31:00+00:00,86170.2,0.15398595,3.4055302423075773,0.515431073083167,2.8900991692244102,0.003952097409902237,0.000598154667255231,0.0033539427426470063,0.3835898996321593,-0.0019922657380152813,-0.001334158690089137,-20.253095632840996,4.04012781280612,-24.293223445647115,-0.023503595944817345,0.004688544082300053,-0.028192140027117396,-1.3499853569589941,0.003207274227844635,-0.001582405009200677
1790116320000,2026-09-22T22:32:00+00:00,86189.2,35.60000861,4.102710052597104,1.2328868689859545,2.869823183611149,0.004760120818614285,0.0014304424092414763,0.003329678409372809,0.3687461482795553,-2.426433327419727e-05,0.001968001404741084,-15.75282633973984,0.08153698229692807,-15.834363322036769,-0.018277030462911643,9.460231942856887e-05,-0.01837163278234021,-0.8857197199559557,0.009820507244777187,0.006613233016932556
1790116380000,2026-09-22T22:33:00+00:00,86216.7,0.57332531,6.7959112139069475,2.3454917379701534,4.450419475936794,0.007882360626081662,0.002720461045215316,0.005161899580866346,0.5544979245071289,0.0018322211714935366,0.0018564855047677339,-4.876514770046924,-0.9100733681718425,-3.9664414018750818,-0.005656113919979452,-0.0010555650682197795,-0.004600548851759673,-0.25148560144587045,0.013771083930580536,0.003950576685803349
1790116440000,2026-09-22T22:34:00+00:00,86220.9,0.69935269,9.163565557217225,3.709106501819568,5.454459055397658,0.01062800963248728,0.004301864747201164,0.006326144885286118,0.6668240350391088,0.0011642453044197728,-0.0006679758670737638,6.175598451460246,0.5070609957545753,5.668537455705671,0.007162530722203371,0.0005880952248869767,0.006574435497316395,0.25790001474263324,0.011174984349076067,-0.0025960995815044706
1790116500000,2026-09-22T22:35:00+00:00,86234.6,6.43667936,12.007014794187853,5.368688160293225,6.6383266338946285,0.013923662653027732,0.006225677582192327,0.0076979850708354045,0.8020438120993755,0.001371840185549286,0.00020759488112951328,11.546050708158873,2.7148589382354347,8.83119176992344,0.013389116095115965,0.0031482246548780123,0.010240891440237954,0.4206490726340836,0.0036664559429215593,-0.007508528406154508
1790116560000,2026-09-22T22:36:00+00:00,86214.3,2.42294146,12.478583116113441,6.790667151457268,5.687915964656173,0.014473913395009228,0.007876497462088386,0.006597415932920842,0.6639033014909985,-0.0011005691379145626,-0.0024724093234638487,14.970809020873276,5.166048954763003,9.804760066110273,0.017364647188312467,0.005992102185789367,0.0113725450025231,0.4676224600246181,0.0011316535622851454,-0.002534802380636414
1790116620000,2026-09-22T22:37:00+00:00,86191,0.20324042,10.847149942506803,7.601963709667175,3.245186232839628,0.012585014610001976,0.008819904293565656,0.003765110316436319,0.33421565805493875,-0.002832305616484523,-0.0017317364785699608,12.461194490708294,6.6250780619520615,5.836116428756233,0.014457651600176693,0.007686507943929252,0.006771143656247442,0.2571570744425258,-0.004601401346275657,-0.0057330549085608026
1790116680000,2026-09-22T22:38:00+00:00,86200.7,1.48297839,10.219136488056392,8.12539826534502,2.093738222711373,0.011855050467172995,0.009426139538710266,0.0024289109284627306,0.17407633770977501,-0.0013361993879735883,0.0014961062285109347,8.729032742106938,7.045868997983037,1.6831637441239007,0.01012640586689776,0.008173795570085901,0.0019526102968118598,0.041368102603975894,-0.004818533359435582,-0.00021713201315992463
1790116740000,2026-09-22T22:39:00+00:00,86236.6,4.79542143,12.474463422724511,8.99521129682092,3.4792521259035922,0.014465393374419343,0.010430851050274383,0.0040345423241449595,0.3471338459684893,0.001605631395682229,0.002941830783655817,8.287834417802515,7.2942620819469335,0.993572335855581,0.009610576504410556,0.008458429578562852,0.0011521469258477038,0.012535936276461001,-0.000800463370964156,0.004018069988471426
1790116800000,2026-09-22T22:40:00+00:00,86250,8.28059569,15.168244201486232,10.229817877753982,4.93842632373225,0.01758637008867969,0.011860658408990124,0.005725711679689565,0.5304799662231079,0.0016911693555446052,8.553795986237633e-05,6.47620798801654,7.130651263160855,-0.654443275144315,0.007508646942627872,0.008267421754389397,-0.0007587748117615247,-0.06588103568139836,-0.0019109217376092284,-0.0011104583666450723
1790116860000,2026-09-22T22:41:00+00:00,86275.7,0.92688386,19.156041174006532,12.015062537004493,7.140978637002039,0.02220328687452728,0.013926357638366877,0.0082769292361604,0.8120083245303991,0.002551217556470836,0.0008600482009262309,11.547142175637418,8.013949445656168,3.5331927299812502,0.01338400288335814,0.009288767805600149,0.00409523507775799,0.16849547931474518,0.004854009889519515,0.006764931627128743
1790116920000,2026-09-22T22:42:00+00:00,86267.4,6.5071217,21.399972805767902,13.892044590757175,7.507928215010727,0.024806558219869736,0.01610346966612785,0.008703088553741885,0.861506618222377,0.0004261593175814843,-0.002125058238889352,18.487650246563135,10.108689605837561,8.378960640725573,0.02143063341026058,0.011717855882798788,0.009712777527461792,0.44731917642538566,0.005617542449703802,0.0007635325601842868
1790116980000,2026-09-22T22:43:00+00:00,86242.2,0.81415555,20.90390815481078,15.294417303567897,5.609490851242882,0.024238607265133286,0.017734261537353985,0.006504345727779302,0.6171412774105405,-0.002198742825962583,-0.0026249021435440674,16.86169331925339,11.459290348520728,5.402402970732663,0.019551557496507964,0.013287335374701397,0.006264222121806566,0.30193363013819985,-0.0034485554056552254,-0.009066097855359027
1790117040000,2026-09-22T22:44:00+00:00,86227.6,1.88859079,19.112359973514685,16.058005837557253,3.054354135957432,0.022165014419414066,0.018622814316480166,0.0035422001029339,0.28705777342138994,-0.002962145624845402,-0.0007634027988828191,8.603046799937147,10.888041638804012,-2.284994838866865,0.009977138178422159,0.012627095777690682,-0.002649957599268523,-0.10926170008498422,-0.00891417972107509,-0.005465624315419864
1790117100000,2026-09-22T22:45:00+00:00,86249.2,1.15517576,19.21399760954955,16.689204191955714,2.5247934175938376,0.02227730530781683,0.019349981439776502,0.002927323868040327,0.22108717661476593,-0.0006148762348935728,0.0023472693899518294,4.916038309864234,9.693640973016056,-4.777602663151821,0.0056998074299404915,0.01123910827348666,-0.005539300843546168,-0.23895706566820923,-0.0028893432442776454,0.006024836476797444
1790117160000,2026-09-22T22:46:00+00:00,86266.8,1.41577613,20.478653904341627,17.4470941344329,3.0315597699087284,0.02373874295133426,0.02022457554288892,0.0035141674084453443,0.2869020129837496,0.0005868435404050173,0.00120171977529859,0.7570882015861571,7.906330418730076,-7.149242217143919,0.0008776124784808954,0.009164974728087834,-0.008287362249606939,-0.3692553522951885,-0.0027480614060607705,0.00014128183821687486
1790117220000,2026-09-22T22:47:00+00:00,86274,4.9361024,21.810465486807516,18.319768404907823,3.490697081899693,0.025280461653345753,0.02123440249079424,0.004046059162551514,0.3458146932388899,0.0005318917541061699,-5.4951786298847345e-05,0.30597813724307343,6.386259962432676,-6.080281825189602,0.0003546585729687663,0.007402299606408275,-0.007047641033439509,-0.3161594857512064,0.0012397212161674295,0.003987782622228201
1790117280000,2026-09-22T22:48:00+00:00,86215.1,4.36166362,17.906779798024218,18.237170683531104,-0.3303908855068869,0.020769888103156196,0.021153105063418245,-0.00038321696026205024,-0.15083846713295299,-0.004429276122813564,-0.0049611678769197354,-7.448663401912199,3.619275289563701,-11.0679386914759,-0.008639627399274836,0.004197959858033802,-0.012837587257308637,-0.5952177585640894,-0.005789946223869128,-0.007029667440036557
1790117340000,2026-09-22T22:49:00+00:00,86199.3,0.92456464,13.383871867510607,17.266510920327008,-3.882639052816401,0.0155266595755541,0.020030917792055163,-0.004504258216501063,-0.6119351442448179,-0.004121041256239013,0.0003082348665745514,-15.757870722882217,-0.2561539129254822,-15.501716809956735,-0.01828074093743478,-0.00029716472514913946,-0.017983576212285638,-0.8457543265150287,-0.005145988954977001,0.000643957268892127
1790117400000,2026-09-22T22:50:00+00:00,86186.8,0.28843288,8.690609279597993,15.551330592181206,-6.8607213125832125,0.010083457419927406,0.018043749845894273,-0.007960292425966868,-0.9926427014087758,-0.003456034209465805,0.0006650070467732079,-27.104310980372247,-5.625785326414835,-21.478525653957412,-0.031448331972381206,-0.0065274326537414495,-0.02492089931863976,-1.179373428582587,-0.006937323106354122,-0.0017913341513771212
1790117460000,2026-09-22T22:51:00+00:00,86204.4,0.98465669,6.318502018068102,13.704764877358587,-7.386262859290484,0.007329674608335657,0.015897987663458697,-0.008568313055123039,-1.04814924651068,-0.0006080206291561707,0.0028480135803096345,-33.47825350711355,-11.19627896255458,-22.28197454455897,-0.03883589875587969,-0.012988059730773115,-0.025847839025106574,-1.2145736530982625,-0.0009269397064668138,0.006010383399887308
1790117520000,2026-09-22T22:52:00+00:00,86178.6,5.68117709,2.3298880437214393,11.429789510631158,-9.099901466909719,0.0027035575464459147,0.013262909249664253,-0.010559351703218338,-1.255155824616838,-0.0019910386480952984,-0.0013830180189391278,-42.666063139084144,-17.490235797860493,-25.175827341223652,-0.04950888403743405,-0.020295335266366,-0.029213548771068052,-1.3633752830968715,-0.003365709745961478,-0.0024387700394946643
1790117580000,2026-09-22T22:53:00+00:00,86200.1,0.8146481,0.8934538696048548,9.322522382425898,-8.429068512821043,0.0010364882054717508,0.010814978616528168,-0.009778490411056417,-1.1536195919253325,0.0007808612921619204,0.002771899940257219,-35.25632922524528,-21.043454483337452,-14.212874741907829,-0.04090056650194754,-0.024412331868915987,-0.016488234633031548,-0.7573576681964751,0.012725314138036504,0.016091023883997982
1790117640000,2026-09-22T22:54:00+00:00,86172.8,0.80027399,-2.4199171086365823,6.974034484213402,-9.393951592849984,-0.002808214551037662,0.0080930809770756,-0.01090129552811326,-1.2587986752201594,-0.0011228051170568427,-0.001903666409218763,-30.898203461110825,-23.014404278892126,-7.883799182218699,-0.03585609781869781,-0.02670727222382483,-0.009148825594872975,-0.4042161042639142,0.007339409038158573,-0.005385905099877932
1790117700000,2026-09-22T22:55:00+00:00,86185.7,0.54277343,-3.959225799757405,4.787382427419241,-8.746608227176647,-0.004593831458997728,0.005554729412674308,-0.010148560871672038,-1.162185026920654,0.0007527346564412223,0.001875539773498065,-24.241002894210396,-23.25972400195578,-0.9812788922546147,-0.028126479095964177,-0.02698791563096405,-0.0011385634650001274,-0.022440845563023025,0.008010262129872847,0.0006708530917142741
1790117760000,2026-09-22T22:56:00+00:00,86181.4,0.33750416,-5.463137443221058,2.737278453291182,-8.20041589651224,-0.0063391142905790095,0.003176182393522479,-0.00951529668410149,-1.0830140267379404,0.0006332641875705473,-0.00011947046887067492,-22.59287136294006,-23.126353474152637,0.533482111212578,-0.026215484272638947,-0.02683450660369017,0.0006190223310512222,0.05976388708390553,0.0017575857960513497,-0.006252676333821498
1790117820000,2026-09-22T22:57:00+00:00,86164.4,0.09177527,-7.935283175931545,0.6027661274466365,-8.538049303378182,-0.00920946838361498,0.0006995535597609182,-0.009909021943375899,-1.1115628576862577,-0.0003937252592744085,-0.0010269894468449559,-17.922764079325134,-22.08563559518714,4.162871515862005,-0.02080066022548191,-0.025631972827742242,0.004831312602260336,0.26037056008071985,0.004212290271209114,0.002454704475157764
1790117880000,2026-09-22T22:58:00+00:00,86139.4,0.84131365,-11.776020907534985,-1.872991279549688,-9.903029627985298,-0.013670888011217847,-0.0021743723308377907,-0.011496515680380057,-1.2629402829533185,-0.001587493737004158,-0.0011937684777297494,-19.247634280720376,-21.518035332293785,2.2704010515734083,-0.022344750811731193,-0.024980479701848152,0.0026357288901169597,0.15677238740037513,-0.0021955837121433765,-0.00640787398335249
1790117940000,2026-09-22T22:59:00+00:00,86125.9,0.17664079,-15.727869319394813,-4.6439668875187134,-11.0839024318761,-0.01826148617244617,-0.005392067760706958,-0.01286941841173921,-1.3858272015935131,-0.0013729027313591526,0.00021459100564500538,-16.72669060055341,-20.55976638594571,3.8330757853922997,-0.019421208487288275,-0.023871757956602728,0.004450549469314457,0.24232628710998733,0.0018148205791974972,0.004010404291340874
1790118000000,2026-09-22T23:00:00+00:00,86160.3,0.84152604,-15.90065232788038,-6.895303975591046,-9.005348352289333,-0.018454731852001884,-0.008002878327479182,-0.010451853524522702,-1.1119489202851485,0.0024175648872165074,0.00379046761857566,-14.266957624902716,-19.301204633737115,5.034247008834399,-0.016558621110769944,-0.022401505837070106,0.005842884726300162,0.31083084949592593,0.001392335256985705,-0.0004224853222117922
1790118060000,2026-09-22T23:01:00+00:00,86173.7,0.39662321,-14.785873746746802,-8.473417929822197,-6.312455816924604,-0.01715822083390501,-0.009832951271469367,-0.007325269562435644,-0.7737360391884983,0.003126583962087058,0.0007090190748705507,-10.213127428898588,-17.483589192769408,7.27046176387082,-0.011851791705472306,-0.02028877626557686,0.008436984560104556,0.4337666511000074,0.0025940998338043943,0.0012017645768186893
1790118120000,2026-09-22T23:02:00+00:00,86184.7,1.21628203,-12.866478861295036,-9.352030116116765,-3.514448745178271,-0.014928959387565353,-0.010851148888511263,-0.004077810499054091,-0.42990946758163573,0.003247459063381553,0.00012087510129449482,-3.27222767501371,-14.641316889218269,11.369089214204559,-0.003796761693216673,-0.01698830173942506,0.013191540046208388,0.6525449519179244,0.004754555486103831,0.002160455652299437
1790118180000,2026-09-22T23:03:00+00:00,86226.2,0.49907954,-7.905511599325109,-9.062726412758433,1.157214813433324,-0.009168340480416752,-0.010510409147983365,0.0013420686675666143,0.13657422857312856,0.005419879166620705,0.002172420103239153,14.229300367776887,-8.867193437819239,23.096493805596126,0.016502293233120427,-0.010283641674826491,0.026785934907946916,1.2745522031197678,0.013594394861738529,0.008839839375634697
1790118240000,2026-09-22T23:04:00+00:00,86187.7,2.27993899,-6.999847657905775,-8.650150661787903,1.6503030038821276,-0.008121631808141737,-0.01003640967538048,0.001914777867238745,0.1931862527203577,0.0005727091996721306,-0.004847169966948574,22.543269058092847,-2.585100938636822,25.128369996729667,0.026156016529148413,-0.0029993849918687034,0.029155401521017112,1.3599793596450076,0.002369466613070196,-0.011224928248668333
1790118300000,2026-09-22T23:05:00+00:00,86330.9,3.42808066,5.212850275202072,-5.877550474389908,11.09040074959198,0.006038220701049187,-0.006808165412835854,0.012846386113885042,1.316734790538444,0.010931608246646296,0.010358899046974167,48.547737188026076,7.641466686695759,40.90627050133032,0.05623448520521167,0.008851369193065008,0.04738311601214666,2.1359154477554094,0.01822771449112955,0.015858247878059353
1790118360000,2026-09-22T23:06:00+00:00,86382.9,5.98864285,18.86994580370083,-0.9280512187717607,19.79799702247259,0.021844538448814326,-0.0010743459860363112,0.022918884434850635,2.2800238104938013,0.010072498320965594,-0.0008591099256807031,73.03445452984306,20.72006425532522,52.31439027451784,0.08454735199888296,0.02398630314023403,0.06056104885864892,2.6132917762205845,0.01317793284650226,-0.005049781644627289
1790118420000,2026-09-22T23:07:00+00:00,86419,4.54210003,32.234679385248455,5.704494902032283,26.53018448321617,0.03730045404974422,0.006600973052259668,0.030699480997484548,2.9066293929389295,0.007780596562633912,-0.002291901758331681,96.39943872038566,35.85593914833731,60.54349957204835,0.11154889401680841,0.04149080543438053,0.07005808858242787,2.873728235564714,0.009497039723778952,-0.0036808931227233083
1790118480000,2026-09-22T23:08:00+00:00,86432,4.12913373,43.37531476240838,13.238658874107504,30.136655888300876,0.050184323818040055,0.015316848938017753,0.0348674748800223,3.1157648579070676,0.004167993882537753,-0.0036126026800961594,108.98910509508278,50.482572337686406,58.50653275739637,0.1260980945657659,0.05840727084608294,0.06769082371968295,2.65047476148413,-0.002367264862744925,-0.011864304586523877
1790118540000,2026-09-22T23:09:00+00:00,86500,7.62142425,57.0339286361268,21.997712826511368,35.036215809615435,0.06593517761401943,0.025430881880359964,0.04050429573365946,3.3871040893543825,0.005636820853637162,0.0014688269710994087,132.6130419402616,66.90866625820145,65.70437568206016,0.15330987507544694,0.07735105925803636,0.0759588158174106,2.836917362648848,0.008267992097727647,0.010635256960472572
1790118600000,2026-09-22T23:10:00+00:00,86468.3,2.16455008,64.5563876125525,30.509447783719594,34.046939828832905,0.07465902256960354,0.03528396855693889,0.03937505401266465,3.097152233536137,-0.0011292417209948155,-0.006766062574631977,120.40486662591866,77.6079063317449,42.79696029417376,0.1392474081552646,0.0897530150722807,0.04949439308298389,1.7655437380948322,-0.02646442273442671,-0.03473241483215435
1790118660000,2026-09-22T23:11:00+00:00,86460.8,3.00078846,69.11607612555963,38.230773452087604,30.885302673472026,0.07993920496405264,0.04421746439090039,0.03572174057315225,2.6723708407126985,-0.003653313439512397,-0.0025240717185175815,97.08900429558707,81.50412592451335,15.584878371073728,0.11229251209286413,0.09426714294167222,0.018025369151191902,0.5600316264857207,-0.03146902393179199,-0.005004601197365274
1790118720000,2026-09-22T23:12:00+00:00,86383.3,10.78609386,65.7184978821897,43.728318338108025,21.99017954408167,0.07607778110142781,0.05062126399212351,0.02545651710930431,1.813939431978627,-0.01026522346384794,-0.006611910024335539,59.41601809038548,77.08650435768777,-17.670486267302294,0.06878183409337855,0.08923773965302063,-0.020455905559642076,-0.8962597582311983,-0.03848127471083398,-0.007012250779041988
1790118780000,2026-09-22T23:13:00+00:00,86362.2,1.66589457,60.62445797206601,47.107546264899625,13.516911707166386,0.07019790831181467,0.05454648707987943,0.015651421231935254,1.035444974751315,-0.009805095877369056,0.00046012758647888397,21.90110276620544,66.04942403939131,-44.14832127318587,0.02535959339410696,0.07647955244237793,-0.05111995904827098,-2.0027881676473775,-0.0306640534886289,0.007817221222205076
1790118840000,2026-09-22T23:14:00+00:00,86395.9,1.54138916,58.63084313679428,49.41220563927856,9.218637497515722,0.06786299249940597,0.05719276683185032,0.010670225667555662,0.643597623390928,-0.004981195564379592,0.004823900312989463,-14.954185339811374,49.848702163550776,-64.80288750336214,-0.01730890625574984,0.057697995117303925,-0.07500690137305376,-2.7544963849701944,-0.02388694232478278,0.006777111163846123
1790118900000,2026-09-22T23:15:00+00:00,86427.1,1.85975499,58.88962532414007,51.307689576250866,7.581935747889204,0.06813791660733735,0.059365279612819205,0.008772636994518159,0.4951362378733428,-0.0018975886730375029,0.0030836068913420896,-34.32338046174846,33.01428563849093,-67.33766610023939,-0.0397136783043148,0.0381989973497791,-0.07791267565409389,-2.7212258030567504,-0.0029057742810401355,0.020981168043742643
1790118960000,2026-09-22T23:16:00+00:00,86430.1,4.48162623,58.66058429914119,52.77826852082893,5.882315778312261,0.06787055007357529,0.06106468524371594,0.006805864829859344,0.3435701034275977,-0.0019667721646588155,-6.918349162131354e-05,-53.08587372866168,15.79425376506041,-68.88012749372209,-0.061420585801314216,0.018274020005831774,-0.07969460580714598,-2.654845890819853,-0.001781930153052086,0.0011238441279880496
1790119020000,2026-09-22T23:17:00+00:00,86413.1,2.62896085,56.45651415931934,53.51391764852701,2.9425965107923275,0.0653332818280091,0.061928015137203744,0.003405266690805361,0.08065050756867453,-0.0034005981390539826,-0.0014338259743951667,-50.47488271295151,2.5404264694580263,-53.01530918240954,-0.058411146820275525,0.0029398626706576042,-0.061351009490933126,-1.9854669797317743,0.01834359631621285,0.020125526469264937
1790119080000,2026-09-22T23:18:00+00:00,86386.6,1.47042924,51.97233938699355,53.205601996220324,-1.2332626092267702,0.06016250134510856,0.06159011003583926,-0.0014276086907307037,-0.2922871665437192,-0.004832875381536064,-0.0014322772424820813,-45.581087669721455,-7.083876358377871,-38.497211311343584,-0.05276407182331687,-0.008200202761050754,-0.04456386906226612,-1.4138098696244819,0.016787140428667004,-0.0015564558875458406
1790119140000,2026-09-22T23:19:00+00:00,86353.8,1.78160178,45.250295455538435,51.61454068808395,-6.364245232545514,0.05240104715199381,0.059771012611007215,-0.007369965459013399,-0.7462583507192551,-0.0059423567682826955,-0.0011094813867466306,-48.735167477236246,-15.414134582149547,-33.3210328950867,-0.056436621755193456,-0.017849978324230718,-0.038586643430962735,-1.2056418838812635,0.005977225631303387,-0.010809914797363616
1790119200000,2026-09-22T23:20:00+00:00,86318.2,1.96775311,36.6281778972334,48.617268129913846,-11.989090232680446,0.04243389910497833,0.056323310877559825,-0.013889411772581503,-1.2345181373271008,-0.006519446313568104,-0.000577089545285408,-59.90448735516111,-24.31220513675186,-35.59228221840925,-0.06939960211770069,-0.02816579254056718,-0.04123380957713351,-1.2776664104674296,-0.0026471661461707763,-0.008624391777474164
1790119260000,2026-09-22T23:21:00+00:00,86327.7,0.64190707,30.21337721310556,44.93648994655219,-14.723112733446634,0.03499847350630859,0.052053384888688325,-0.017054911382379738,-1.455230943605825,-0.003165499609798235,0.0033539467037698688,-61.82569822984806,-31.814903755371102,-30.010794474476956,-0.07161745098021616,-0.03685364460696984,-0.03476380637324631,-1.0669646780874482,0.006470003203887201,0.009117169350057977
1790119320000,2026-09-22T23:22:00+00:00,86373.3,1.21194608,28.480831067849067,41.645358170811576,-13.16452710296251,0.03297411476445738,0.048215545974058624,-0.01524143120960124,-1.3009811216998413,0.0018134801727784974,0.004978979782576734,-54.28732272448542,-36.30938754919397,-17.97793517529145,-0.06285197245501263,-0.0420377449387646,-0.020814227516248018,-0.624023793466913,0.013949578856998292,0.007479575653111088
1790119380000,2026-09-22T23:23:00+00:00,86333.2,1.09978634,23.599994845004403,38.03628550565015,-14.436290660645746,0.027335943582543452,0.04405754160120342,-0.016721598018659967,-1.3969516406672537,-0.001480166809058726,-0.0032936469818372234,-50.009822568143136,-39.04947455298381,-10.960348015159326,-0.057926524868930074,-0.045231121460786596,-0.012695403408143478,-0.36821609054266685,0.00811882410810454,-0.005830754748893753
1790119440000,2026-09-22T23:24:00+00:00,86318.8,2.39984568,18.35831410238461,34.10069122499704,-15.742377122612432,0.021268036745627383,0.039505520494952484,-0.018237483749325097,-1.4907996894219189,-0.0015158857306651306,-3.5718921606404594e-05,-48.235031020391034,-40.88658584646526,-7.348445173925775,-0.05588009914455603,-0.0473669534869174,-0.00851314565763863,-0.2373006210929282,0.0041822577505048475,-0.003936566357599692
1790119500000,2026-09-22T23:25:00+00:00,86253,5.1555956,8.793369770108256,29.03922693401929,-20.245857163911033,0.010194856723949609,0.03366749786560385,-0.02347264114165424,-1.8392730717140635,-0.005235157392329142,-0.0037192716616640115,-52.542701106664026,-43.21780889850502,-9.324892208159007,-0.060916954896251756,-0.05010586170742469,-0.010811093188827064,-0.3093484537936374,-0.0022979475311884334,-0.006480205281693281
1790119560000,2026-09-22T23:26:00+00:00,86202.6,6.32258852,-2.8212546471477253,22.66713061778589,-25.488385264933616,-0.003272818507965798,0.026295182068505927,-0.029568000576471725,-2.21062512065552,-0.006095359434817486,-0.0008602020424883436,-61.823722386718146,-46.938991596147645,-14.8847307905705,-0.07171909244816066,-0.054451944136427025,-0.01726714831173364,-0.5078343716899213,-0.006456055122906574,-0.004158107591718141
1790119620000,2026-09-22T23:27:00+00:00,86183.1,0.73071089,-13.444436117686564,15.4448172706914,-28.889253388377966,-0.015599852079684489,0.017920934928879792,-0.033520787008564285,-2.395306765838843,-0.0039527864320925594,0.0021425730027249262,-75.42881059886713,-52.63695539669155,-22.791855202175583,-0.08752157975156048,-0.06107572760401,-0.026445852147550485,-0.7861931048856087,-0.009178703835816846,-0.002722648712910272
1790119680000,2026-09-22T23:28:00+00:00,86218.7,3.71769274,-18.77434255622211,8.6009853053087,-27.37532786153081,-0.021775255897180205,0.009975777070761565,-0.03175103296794177,-2.192007966998115,0.0017697540406225176,0.005722540472715077,-72.5441496756539,-56.61839425248402,-15.925755423169875,-0.08413969321696325,-0.06566834602294401,-0.01847134719401925,-0.5162340659761274,0.007974504953531233,0.01715320878934808
1790119740000,2026-09-22T23:29:00+00:00,86239.4,2.44107388,-21.08496050600661,2.663796143045639,-23.748756649052247,-0.024449335809394096,0.0030888389101102736,-0.027538174719504368,-1.8512093977434043,0.004212858248437399,0.002443104207814878,-64.09441077940573,-58.11359755786837,-5.9808132215373675,-0.07432149432788927,-0.06738636581176165,-0.006935128516127626,-0.12994577676078956,0.011536218677891626,0.003561713724360392
1790119800000,2026-09-22T23:30:00+00:00,86251.4,2.40501898,-21.697724307057797,-2.2085079469750486,-19.48921636008275,-0.02515637346994692,-0.002560547361521145,-0.022595826108425778,-1.4853537899923888,0.00494234861107859,0.0007294903626411942,-45.59453659254359,-55.609785364803415,10.015248772259824,-0.05286237277602867,-0.06447406693085958,0.011611694154830907,0.4861567173757,0.018546822670958533,0.007010603993066911
1790119860000,2026-09-22T23:31:00+00:00,86173.2,9.45284818,-28.168719030873035,-7.400550163754646,-20.76816886711839,-0.03268849135331291,-0.00858799506546658,-0.02410049628784633,-1.547013520763078,-0.001504670179420551,-0.006447018790499141,-36.21036694080976,-51.72990168000469,15.519534739194924,-0.042020450605071834,-0.06003015053404619,0.01800969992897435,0.7014392196985154,0.006398005774143442,-0.01214881689681509
1790119920000,2026-09-22T23:32:00+00:00,86150.7,1.1227204,-34.71244744377327,-12.862929619758372,-21.8495178240149,-0.04029270504334065,-0.014930731404107422,-0.025361973639233232,-1.5900378983066055,-0.0012614773513869026,0.0002431928280336483,-29.94914722003159,-47.37375078801007,17.42460356797848,-0.03476367251807773,-0.054989397402470414,0.020225724884392674,0.7686722300981019,0.0022160249554183248,-0.004181980818725117
1790119980000,2026-09-22T23:33:00+00:00,86185,5.3584802,-36.70753440608678,-17.631850577024053,-19.075683829062726,-0.04259155816683504,-0.020458143037679472,-0.022133415129155568,-1.3528814927927302,0.0032285585100776636,0.004490035861464566,-22.463585932040587,-42.391717816816175,19.92813188477559,-0.026064380033695638,-0.04918688613658545,0.02312250610288982,0.8500687407650696,0.002896781218497145,0.0006807562630788203
1790120040000,2026-09-22T23:34:00+00:00,86213.5,7.55353599,-35.57881297306449,-21.22124305623214,-14.357569916832347,-0.04126826189989327,-0.02461475645488484,-0.016653505445008435,-0.9861183935149009,0.005479909684147133,0.0022513511740694693,-10.360498473542975,-35.98547394816154,25.624975474618566,-0.012017257707369467,-0.041739952499505927,0.02972269479213646,1.045352464209523,0.006600188689246642,0.0037034074707494972
1790120100000,2026-09-22T23:35:00+00:00,86189.9,1.98964541,-36.171651588520035,-24.21132476268972,-11.960326825830315,-0.04196739013332193,-0.028090675082219286,-0.01387671505110264,-0.7990780358266929,0.0027767903939057946,-0.0027031192902413383,-7.815794641690445,-30.351538086867325,22.53574344517688,-0.009068109652860075,-0.035214727116364364,0.026146617463504288,0.9102610479951337,-0.003576077328632174,-0.010176266017878816
1790120160000,2026-09-22T23:36:00+00:00,86181.9,0.76707973,-36.8620903717092,-26.74147788449362,-10.120612487215581,-0.042772427124151594,-0.031029111547196828,-0.011743315576954768,-0.6554046585073541,0.002133399474147873,-0.0006433909197579198,4.886931091430597,-23.303844251207742,28.19077534263834,0.0056704842796812295,-0.02704029993677065,0.03271078421645188,1.1019794340580356,0.0065641667529475894,0.010140244081579763
1790120220000,2026-09-22T23:37:00+00:00,86121.4,0.71881999,-41.809162462566746,-29.75501480010825,-12.054147662458497,-0.048546775206356085,-0.03455008255800329,-0.013996692648352788,-0.7895929178984382,-0.0022533770713980203,-0.004386776545545893,5.377819559347699,-17.567511489096653,22.945331048444352,0.006244463698160619,-0.02039854378713845,0.026643007485299068,0.8863520417104852,-0.006067776731152809,-0.012631943484100398
1790120280000,2026-09-22T23:38:00+00:00,86145,0.82794207,-43.32599487034895,-32.46921081415639,-10.85678405619256,-0.05029426533211324,-0.037691346931518245,-0.012602918400594996,-0.6961125862923448,0.0013937742477577921,0.0036471513191558124,1.6219308141735382,-13.729623028442616,15.351553842616154,0.0018827915888020642,-0.015937806057742893,0.017820597646544957,0.5859892365688,-0.008822409838754111,-0.0027546331076013023
1790120340000,2026-09-22T23:39:00+00:00,86134,0.50015251,-44.89814567565918,-34.95499778645695,-9.94314788920223,-0.052125926667354563,-0.040582113667607396,-0.011543812999747173,-0.6277532470977982,0.001059105400847823,-0.000334668846909969,-8.722676388628315,-12.728233700479757,4.005557311851442,-0.01012686789029688,-0.01477724673239343,0.00465037884209655,0.1482350623081333,-0.013170218804448408,-0.004347808965694297
1790120400000,2026-09-22T23:40:00+00:00,86164.4,1.51529829,-43.19315675472899,-36.60262958011136,-6.590527174617627,-0.05012877331557928,-0.0424799912494155,-0.0076487820661637835,-0.37913688905195003,0.0038950309335833893,0.002835925532735567,-5.956511930548004,-11.373889346493408,5.4173774159454045,-0.0069129616530121535,-0.01320021882180275,0.006287257168790597,0.1988535195568149,0.0016368783266940473,0.014807097131142455
1790120460000,2026-09-22T23:41:00+00:00,86132.1,0.58130011,-43.9417476941162,-38.07045320291233,-5.871294491203869,-0.051016691447342166,-0.044200075468858104,-0.006816615978484059,-0.32477000275153944,0.0008321660876797242,-0.003062864845903665,-5.782377247640397,-10.255586926722806,4.473209679082409,-0.006713382406373927,-0.011906811661068063,0.005193429254694136,0.1610372956967509,-0.0010938279140964612,-0.0027307062407905085
1790120520000,2026-09-22T23:42:00+00:00,86102.6,2.96055953,-46.38076626264956,-39.73251581485978,-6.648250447789778,-0.05386685914554213,-0.04614554707390924,-0.007721312071632886,-0.38343736739244455,-0.0009046960931488272,-0.0017368621808285514,0.5652482417790452,-8.091419893022437,8.656668134801482,0.000656482198887194,-0.00939741644621932,0.010053898645106514,0.3144030392724696,0.004860469390412378,0.005954297304508839
1790120580000,2026-09-22T23:43:00+00:00,86126.7,13.74085994,-45.840615383160184,-40.954135728519866,-4.886479654640318,-0.05322462765107706,-0.04755103322026719,-0.005673594430809863,-0.258173514198678,0.0020477176408230232,0.0029524137339718495,1.4351514230365865,-6.1861056298106325,7.621257052847219,0.0016663258002879322,-0.007182564326522011,0.008848890126809943,0.27124450776713677,-0.001205008518296571,-0.006065477908708949
1790120640000,2026-09-22T23:44:00+00:00,86157.2,1.87806138,-42.4619716412999,-41.25570291107587,-1.206268730224025,-0.04928429851631657,-0.04788421967180441,-0.0014000788445121533,0.002345324656194985,0.00427351558629771,0.0022257979454746862,7.313449910667259,-3.4861945217150545,10.799644432382314,0.008488495344170028,-0.004046318266743875,0.012534813610913903,0.3846824318579932,0.0036859234841039607,0.004890932002400532
1790120700000,2026-09-22T23:45:00+00:00,86192.3,2.74828274,-36.53098897585005,-40.31076012403071,3.7797711481806573,-0.04238312352246088,-0.04676840056946004,0.0043852770469991606,0.35948091454260234,0.005785355891511313,0.001511840305213604,15.489741319368477,0.3089926465016517,15.180748672866825,0.01797114280436707,0.00035849216983611264,0.017612650634530956,0.5397783673061667,0.005077837023617053,0.001391913539513092
1790120760000,2026-09-22T23:46:00+00:00,86188.9,1.12219238,-31.739125189793413,-38.596433137183254,6.857307947389842,-0.036825072822362755,-0.04478121096473357,0.007956138142370818,0.5750993984207782,0.0035708610953716574,-0.0022144947961396564,28.491795940775773,5.945553305356476,22.546242635419297,0.033057384350856985,0.0068982819195470375,0.02615910243130995,0.8046324119670231,0.008546451796778994,0.003468614773161941
1790120820000,2026-09-22T23:47:00+00:00,86211.4,1.03674054,-25.828244728472782,-36.042795455441166,10.214550726968383,-0.029959198816482256,-0.04180745870666892,0.011848259890186662,0.807396740782551,0.003892121747815844,0.00032126065244418665,45.66159034852171,13.888760713989525,31.772829634532187,0.05296467792951015,0.016110120835515402,0.036854557093994746,1.132583971077785,0.010695454662684796,0.0021490028659058025
1790120880000,2026-09-22T23:48:00+00:00,86202.4,3.46575289,-21.620822774682892,-33.15840091928951,11.53757814460662,-0.025081462667724905,-0.03846575143997094,0.01338428877224604,0.8878098032779795,0.0015360288820593787,-0.0023560928657564654,53.85203792898392,21.881416156988404,31.970621771995514,0.06247162251745186,0.025383766759380717,0.037087855758071143,1.1215092768588195,0.00023329866407639788,-0.010462155998608398
1790120940000,2026-09-22T23:49:00+00:00,86154.2,7.55592443,-21.923032665305072,-30.911327268492624,8.988294603187551,-0.025446272689323413,-0.03587907179045551,0.010432799101132099,0.6853464499701245,-0.002951489671113942,-0.004487518553173321,43.420598991404404,26.189252723871604,17.2313462675328,0.050398702548923216,0.03039811491937898,0.020000587629544236,0.5677800588162518,-0.017087268128526907,-0.017320566792603305
1790121000000,2026-09-22T23:50:00+00:00,86162.2,2.25178602,-21.271795027860207,-28.983420820366142,7.711625792505934,-0.024688082509337284,-0.0336382088901701,0.00895012638083282,0.5774900504639766,-0.0014826727202992794,0.0014688169508146626,31.969521772596636,27.345306533616615,4.624215238980021,0.037103882877406374,0.03173701058424299,0.005366872293163383,0.09674609214197008,-0.014633715336380852,0.002453552792146055
1790121060000,2026-09-22T23:51:00+00:00,86190.2,1.76227818,-18.285534257476684,-26.84384350778825,8.558309250311567,-0.02121532872354013,-0.031144890611447998,0.009929561887907867,0.6256949536160572,0.0009794355070750476,0.002462108227374327,26.270022278971737,27.13024968268764,-0.8602274037159034,0.030479129041319938,0.031477186133327964,-0.000998057092008028,-0.10989769848975328,-0.006364929385171411,0.008268785951209442
1790121120000,2026-09-22T23:52:00+00:00,86187.5,1.24244406,-15.952873719332274,-24.665649550097058,8.712775830764784,-0.018509498151509526,-0.02861859266146142,0.010109094509951887,0.6226466692755093,0.00017953262204402007,-0.0007999028850310275,19.23913210842875,25.552026167835862,-6.312894059407114,0.022322415789329947,0.02964702093439984,-0.007324605145069893,-0.311213522633661,-0.006326548053061865,3.838133210954612e-05
1790121180000,2026-09-22T23:53:00+00:00,86181.4,1.12411316,-14.430101232530433,-22.618539886583733,8.1884386540533,-0.016743869596607196,-0.026245268569069117,0.009501398972461925,0.5693218772131721,-0.0006076955374899624,-0.0007872281595339824,10.994541437961743,22.64052922186104,-11.645987783899297,0.012757441208847552,0.02627078374435904,-0.013513342535511489,-0.5056918244298942,-0.006188737390441595,0.00013781066262026978
1790121240000,2026-09-22T23:54:00+00:00,86188.7,0.99456256,-12.490264084961382,-20.592884726259264,8.102620641297882,-0.01449176526036636,-0.023892789572483704,0.009401024312117345,0.5493148372570198,-0.00010037466034457966,0.0005073208771453827,10.00354257717845,20.113131892924525,-10.109589315746074,0.011606559302064482,0.023336158792190306,-0.011729599490125822,-0.4438285065111788,0.0017837430453856665,0.007972480435827262
1790121300000,2026-09-22T23:55:00+00:00,86157.4,1.57758265,-13.324975560957682,-19.13930289319895,5.814327332241266,-0.015465851524021945,-0.02221434594497855,0.006748494420956606,0.3680327501595575,-0.0026525298911607388,-0.0025521552308161582,4.085768055752851,16.90765912549019,-12.82189106973734,0.004742213734110884,0.01962415198867444,-0.014881938254563555,-0.5356952288405747,-0.003152338764437733,-0.0049360818098233995
1790121360000,2026-09-22T23:56:00+00:00,86181.7,0.16223016,-11.888638676799019,-17.689170049918964,5.800531373119945,-0.013794852824670457,-0.02052543643246648,0.006730583607796024,0.36009809075459037,-1.7910813160582593e-05,0.002634619078000156,0.8267051907459972,13.691468338541354,-12.864763147795356,0.0009592583933085531,0.01588674665101913,-0.014927488257710578,-0.5261565206306048,-4.555000314702268e-05,0.0031067887612907102
1790121420000,2026-09-22T23:57:00+00:00,86199.6,1.03386908,-9.199900221370626,-15.991316084209299,6.791415862838672,-0.01067278760153252,-0.018551496856376706,0.00787870925484419,0.43098743521355604,0.0011481256470481666,0.0011660364602087492,3.7590439125779085,11.704983453348666,-7.945939540770757,0.00436086004178431,0.01357893012653036,-0.00921807008474605,-0.33049121153166966,0.005709418172964527,0.005754968176111548
1790121480000,2026-09-22T23:58:00+00:00,86192.6,0.51058745,-7.5469011441018665,-14.302433096187812,6.755531952085946,-0.00875585739854914,-0.016593574269934786,0.007837716871385647,0.42962033638320196,-4.099238345854281e-05,-0.0011891180305067094,5.638123607306625,10.491611484140257,-4.853487876833633,0.006541308195026747,0.01217228797384028,-0.005630979778813532,-0.1985967619307266,0.0035870903059325183,-0.002122327867032009
1790121540000,2026-09-22T23:59:00+00:00,86209.1,0.39353599,-4.849572509265272,-12.411860978803304,7.562288469538032,-0.0056253603265377684,-0.014397390738104567,0.008772030411566796,0.49770987103761327,0.0009343135401811489,0.0009753059236396917,10.307623383996543,10.454813864111514,-0.14719048011497193,0.011956537516337072,0.012127274109243125,-0.00017073659290605276,0.0011712666867131937,0.0054602431859074796,0.0018731528799749604
1790121600000,2026-09-23T00:00:00+00:00,86175.8,2.50185962,-5.3374253166111885,-10.996973846364881,5.6595485297536925,-0.006193647539809538,-0.012761092843193659,0.00656744530338412,0.3656908345486309,-0.0022045851081826766,-0.0031388986483638255,12.943184481031494,10.95248798749551,1.9906964935359834,0.015019511836306124,0.012709470625738907,0.0023100412105672165,0.105665690942585,0.0024807778034732692,-0.0029794653824342103
1790121660000,2026-09-23T00:01:00+00:00,86172.1,1.4367936,-5.953977512501297,-9.988374579592165,4.034397067090868,-0.006909402825858133,-0.01159119318154271,0.0046817903556845755,0.25578863456374534,-0.0018856549476995443,0.00031893016048313225,7.474257312249392,10.256841852446287,-2.782584540196895,0.008673639510061136,0.011902740971203309,-0.0032291014611421733,-0.06569080535044625,-0.00553914267170939,-0.00801992047518266
1790121720000,2026-09-23T00:02:00+00:00,86210.2,0.92956223,-3.329863392340485,-8.65667234214183,5.326808949801345,-0.003862493524363109,-0.010041355132155858,0.006178861607792749,0.37062263474592977,0.0014970712521081737,0.003382726199807718,6.708297196411877,9.547132921239406,-2.838835724827529,0.007781326567403715,0.01107424982338448,-0.003292923255980765,-0.05291806978231212,-6.382179483859158e-05,0.005475320876870799
1790121780000,2026-09-23T00:03:00+00:00,86262.4,0.83728914,2.9281161991675617,-6.339714633879952,9.267830833047514,0.0033944293216599144,-0.007349337178052028,0.010743766499711942,0.6873911175104432,0.004564904891919193,0.003067833639811019,17.08472961622465,11.054652260236455,6.030077355988194,0.019805534759321154,0.012815145718454919,0.0069903890408662345,0.3133678415116363,0.010283312296847,0.010347134091685592
1790121840000,2026-09-23T00:04:00+00:00,86192.5,2.27397119,2.221654440945713,-4.6274408189148195,6.849095259860532,0.002577549602280608,-0.005368727927505083,0.007946277529785693,0.5083961741325704,-0.0027974889699262494,-0.007362393861845442,11.101766644671443,11.064075137123453,0.03769150754799,0.012880200301269186,0.012836470849695103,4.372945157408127e-05,0.06673064901642858,-0.006946659589292153,-0.017229971886139152
1790121900000,2026-09-23T00:05:00+00:00,86162.2,4.52792739,-0.7742532549746102,-3.856803306126778,3.0825500511521677,-0.000898599681733533,-0.004476212661847978,0.0035776129801144444,0.22262820098281202,-0.004368664549671248,-0.0015711755797449978,5.8786273747100495,10.026985584640771,-4.148358209930722,0.006822745211600968,0.011637337004673478,-0.00481459179307251,-0.10959444909326646,-0.004858321244646591,0.0020883383446455624
1790121960000,2026-09-23T00:06:00+00:00,86244.5,4.00825745,3.452591179884621,-2.3949244089244983,5.847515588809119,0.004003259546851824,-0.002776901030123078,0.006780160576974902,0.44940394205534007,0.003202547596860458,0.007571212146531706,16.023704842678853,11.226329436248388,4.797375406430465,0.01857939328615605,0.013016864189888502,0.005562529096267547,0.24602293605061692,0.010377120889340057,0.015235442133986648
1790122020000,2026-09-23T00:07:00+00:00,86170.1,3.88650036,0.7898329316521995,-1.7579729408091587,2.547805872461358,0.0009165974411683396,-0.002040119415910111,0.0029567168570784506,0.19480837056633857,-0.0038234437198964516,-0.0070259913167569086,3.928552376368316,9.766774024272374,-5.838221647904058,0.004559066748638235,0.011334295798974789,-0.006775229050336553,-0.2033188025430977,-0.012337758146604101,-0.022714879035944158
1790122080000,2026-09-23T00:08:00+00:00,86198.5,1.28173716,0.9601524473400787,-1.2143478631793112,2.17450031051939,0.0011138853313457644,-0.0014087807365317393,0.0025226660678775038,0.16952042811777412,-0.00043405078920094684,0.003389392930695505,-7.893901007497334,6.234639017918433,-14.128540025415766,-0.009157817140086351,0.007232885743856833,-0.016390702883943186,-0.558948624947032,-0.009615473833606633,0.0027222843129974675
1790122140000,2026-09-23T00:09:00+00:00,86238.9,0.96509098,4.305443777891924,-0.1103895349650642,4.4158333128569875,0.004992461380991553,-0.00012800434022820819,0.00512046572121976,0.3489937916826655,0.0025977996533422566,0.0030318504425432035,0.5391500565019669,5.09554122563514,-4.556391169133173,0.0006251819729866301,0.0059086343003391046,-0.005283452327352475,-0.17187379550766754,0.01110725055659071,0.020722724390197345
1790122200000,2026-09-23T00:10:00+00:00,86248,0.91721476,7.603259563620668,1.4323402847520823,6.170919278868586,0.008815577826292399,0.0016607228976348231,0.007154854928657576,0.4875322794861334,0.0020343892074378154,-0.0005634104459044413,12.81588066155382,6.639609112818876,6.1762715487349436,0.014859336635694533,0.007698276032857431,0.007161060602837101,0.2670550773020296,0.012444512930189576,0.001337262373598866
1790122260000,2026-09-23T00:11:00+00:00,86294.5,1.56021051,13.809773246874101,3.907826877176486,9.901946369697615,0.016003074641922837,0.004528477338852982,0.011474597303069854,0.776968830277524,0.004319742374412278,0.0022853531669744624,18.614277794738882,9.034542849202877,9.579734945536005,0.021570642155338847,0.010469430669628861,0.011101211485709988,0.3982657520668823,0.003940150882872887,-0.00850436204731669
1790122320000,2026-09-23T00:12:00+00:00,86320,1.14191734,20.549238118415815,7.236109125424353,13.313128992991462,0.02380588289899886,0.008382888236126452,0.015422994662872407,1.034183550309689,0.003948397359802553,-0.0003713450146097244,35.58949745412974,14.34553377018825,21.24396368394149,0.04122972364936254,0.016619015025704648,0.02461070862365789,0.8762788930849248,0.013509497137947904,0.009569346255075016
1790122380000,2026-09-23T00:13:00+00:00,86372.7,1.73806626,29.79925489105517,11.748738278550515,18.050516612504655,0.03450077963413807,0.013602374683841673,0.020898404950296396,1.3843483123260996,0.005475410287423989,0.0015270129276214357,52.31322228749923,21.93907147365045,30.37415081384878,0.06056684842259097,0.025400469678093254,0.03516637874449772,1.2385176767752137,0.010555670120839827,-0.0029538270171080763
1790122440000,2026-09-23T00:14:00+00:00,86356.4,1.35626602,35.40654148055182,16.48029891895078,18.926242561601043,0.041000483439040794,0.0190840504223784,0.021916433016662396,1.4288474040684551,0.0010180280663660002,-0.004457382221057989,58.525106732035056,29.256278525327374,29.26882820670768,0.06777159160413711,0.03387852958822667,0.03389306201591044,1.1743297988290249,-0.0012733167285872773,-0.011828986849427105
1790122500000,2026-09-23T00:15:00+00:00,86373.4,0.61541437,40.75234674033709,21.33470848322804,19.417638257109047,0.047181593801259525,0.024700554202136356,0.022481039599123166,1.4430171805846341,0.0005646065824607693,-0.00045342148390523085,67.5768668326491,36.92039618679172,30.656470645857382,0.07823805341997549,0.04274509998077154,0.035492953439203945,1.2144176688690338,0.0015998914232935035,0.002873208151880781
1790122560000,2026-09-23T00:16:00+00:00,86381,0.94624198,45.08250930295617,26.08426864717367,18.9982406557825,0.05219030724691329,0.030196766241619877,0.02199354100529341,1.3878292271200259,-0.0004874985938297556,-0.001052105176290525,62.943609169800766,42.125038783393535,20.81857038640723,0.07286742358828997,0.04876655605213361,0.024100867536156367,0.7997214952249211,-0.011392085903047577,-0.012991977326341081
1790122620000,2026-09-23T00:17:00+00:00,86388.4,3.33287601,48.55163940980856,30.57774279970065,17.973896610107907,0.05620157267620255,0.035395658213024726,0.02080591446317782,1.2878481568417262,-0.0011876265421155892,-0.0007001279482858336,52.4469701556518,44.18942505784519,8.257545097806606,0.06071066272283293,0.05115203552542378,0.00955862719740915,0.2791536834224762,-0.014542240338747217,-0.0031501544356996383
1790122680000,2026-09-23T00:18:00+00:00,86412.1,1.32131707,52.606922092847526,34.983578658330025,17.6233434345175,0.06087911541653023,0.04048458336081408,0.020394532055716154,1.239623621995964,-0.0004113824074616669,0.0007762441346539223,43.59693138211151,44.070926322698455,-0.47399494058694813,0.05045234565773949,0.051000874093672585,-0.0005485284359331021,-0.08093651296362338,-0.010107155633342252,0.004435084705404966
1790122740000,2026-09-23T00:19:00+00:00,86521.5,5.03584355,63.911694313559565,40.769201789375934,23.14249252418363,0.07386799155534701,0.047120313204666975,0.02674767835068004,1.614581966954654,0.006353146294963887,0.006764528702425554,49.156052783087944,45.08795161477636,4.0681011683115855,0.05681368536501094,0.052111846899067116,0.004701838465943824,0.10530546909701499,0.005250366901876927,0.015357522535219178
1790122800000,2026-09-23T00:20:00+00:00,86469.9,3.09318078,67.92413187322381,46.200187806145514,21.7239440670783,0.07855234234482036,0.0534292138722787,0.02512312847254166,1.4822907167941426,-0.001624549878138381,-0.007977696173102268,42.08407037323923,44.48717536646893,-2.4031049932297037,0.04866904017841958,0.051448163310549605,-0.002779123132130029,-0.16112452265695146,-0.007480961598073853,-0.012731328499950779
1790122860000,2026-09-23T00:21:00+00:00,86477,2.13596261,70.86009711941006,51.132169668798426,19.72792745061163,0.08194097519503458,0.05912805678827714,0.022812918406757438,1.3166701345431353,-0.002310210065784222,-0.000685660187645841,37.026715831350884,42.995083459445326,-5.968367628094441,0.0428168366517697,0.049718518750009044,-0.006901682098239347,-0.3042809343432124,-0.0041225589661093185,0.0033584026319645344
1790122920000,2026-09-23T00:22:00+00:00,86473.9,3.17950895,72.1055388693494,55.326843508908624,16.77869536044078,0.08338416431934885,0.0639809740383036,0.01940319028104524,1.0907099224843475,-0.0034097281257121984,-0.0010995180599279765,30.06409656541655,40.408886080639576,-10.344789515223027,0.03476667129089419,0.04672957514422222,-0.011962903853328032,-0.47685250506180576,-0.005061221755088685,-0.000938662788979366
1790122980000,2026-09-23T00:23:00+00:00,86485.4,2.09109591,73.17697569486336,58.89686994609957,14.280105748763788,0.08461194108469564,0.06810036138596755,0.016511579698728095,0.900842668726736,-0.002891610582317145,0.0005181175433950531,24.299490626974148,37.18700698990649,-12.887516362932345,0.028096639001466316,0.04299801699466788,-0.014901377993201565,-0.5732463988615654,-0.002938474139873533,0.0021227476152151517
1790123040000,2026-09-23T00:24:00+00:00,86517,0.64747426,75.70329257301637,62.25815447148293,13.445138101533438,0.08750106056961796,0.07196060250757993,0.015540458062038024,0.8301982169214299,-0.0009711216366900706,0.0019204889456270746,8.26568836037768,31.402743264000733,-23.137054903623053,0.00955383145552629,0.03629661599916864,-0.026742784543642352,-0.981669875253032,-0.011841406550440787,-0.008902932410567254
1790123100000,2026-09-23T00:25:00+00:00,86486.8,1.70261607,74.41076827445067,64.68867723207649,9.722091042374188,0.08603713893270495,0.07479601191404525,0.011241127018659713,0.5580307618291434,-0.004299331043378311,-0.0033282094066882408,0.33703201632306445,25.1896010144652,-24.852568998142136,0.0003896918562405644,0.029125370593506988,-0.028735678737266422,-1.038657686288183,-0.00199289419362407,0.009848512356816717
1790123160000,2026-09-23T00:26:00+00:00,86520.4,3.76950211,75.23046270405757,66.7970343264727,8.433428377584875,0.08695112679097367,0.07720379740092823,0.009747329390045441,0.4613680652722203,-0.0014937976286142716,0.0028055334147640398,-3.925442692168872,19.366592273138387,-23.29203496530726,-0.004537014036191317,0.022383845050575803,-0.02692085908676712,-0.964034283076789,0.0018148196504993025,0.0038077138441233727
1790123220000,2026-09-23T00:27:00+00:00,86526.9,0.24672716,75.53386474773288,68.54440041072473,6.989464337008144,0.0872952396858467,0.07921744614764281,0.008077793538203893,0.3555901379255506,-0.0016695358518415485,-0.00017573822322727688,-5.821393615435227,14.328995095423664,-20.15038871085889,-0.006727842573159592,0.016560162325731844,-0.023288004898891435,-0.8281899627715962,0.003632854187875685,0.0018180345373763826
1790123280000,2026-09-23T00:28:00+00:00,86467.7,0.69443087,70.18828099564416,68.87317652770862,1.3151044679355408,0.08117283216234983,0.07965191224897693,0.0015209199133729022,-0.0502006141723432,-0.00655687362483099,-0.004887337772989442,-19.037065779062686,7.655782920526394,-26.69284869958908,-0.022016389679686967,0.008853922239780166,-0.030870311919467132,-1.0819981363532902,-0.007582307020575697,-0.011215161208451382
1790123340000,2026-09-23T00:29:00+00:00,86461.4,1.16062473,64.69771502471121,68.03808422710915,-3.3403692023979374,0.07482843792109684,0.0786918604453654,-0.003863422524268561,-0.3829545813945456,-0.005384342437641463,0.001172531187189527,-35.682540371315554,-1.0118817378419953,-34.67065863347356,-0.04126990815706842,-0.0011703277275662844,-0.04009958042950214,-1.384991142311134,-0.009229268510035006,-0.0016469614894593088
1790123400000,2026-09-23T00:30:00+00:00,86521.1,1.09782703,64.42108681355603,67.31468474439853,-2.8935979308425033,0.07445708250768428,0.07780146662998798,-0.003344384122303696,-0.35426572920662347,0.0005190384019648649,0.005903380839606329,-33.85625932113908,-7.580757254501412,-26.275502066637664,-0.03913063902462992,-0.008761743961301246,-0.030368895063328672,-1.044908070746289,0.009730685366173466,0.018959953876208475
1790123460000,2026-09-23T00:31:00+00:00,86518.1,2.00382217,63.23089563031681,66.49792692158219,-3.2670312912653827,0.07308400858354125,0.07686013322250741,-0.0037761246389661613,-0.3845196575899292,-0.0004317405166624653,-0.0009507789186273302,-30.435027622894268,-12.151611328179984,-18.283416294714286,-0.03517764216146017,-0.014045166650885748,-0.021132475510574417,-0.7288237675855944,0.009236419552754255,-0.0004942658134192146
1790123520000,2026-09-23T00:32:00+00:00,86503,0.96717091,60.37327124878357,65.27299578702247,-4.8997245382389,0.06979326872915803,0.0754574937135388,-0.005664224984380773,-0.5054458600387702,-0.0018881003454146116,-0.0014563598287521463,-34.62654093481251,-16.646597249506492,-17.97994368530602,-0.04002929486238918,-0.019243953677336615,-0.020785341185052562,-0.7215602683897078,0.00034713432552185494,-0.0088892852272324
1790123580000,2026-09-23T00:33:00+00:00,86535.2,1.41868794,60.01503822908853,64.22140427543569,-4.206366046347156,0.06935332469225071,0.07421419754670433,-0.004860872854453629,-0.4595174134774575,0.0008033521299271439,0.0026914524753417555,-23.394518134373357,-17.996181426479865,-5.398336707893492,-0.027034684306933315,-0.02079637121827865,-0.006238313088654666,-0.22159825005437095,0.014547028096397897,0.014199893770876045
1790123640000,2026-09-23T00:34:00+00:00,86530.5,1.91845878,58.67551049878239,63.11222552010503,-4.436715021322641,0.06780905056457825,0.07293639297138585,-0.005127342406807589,-0.48080200069757045,-0.0002664695523539604,-0.0010698216822811043,-14.232169579787296,-17.24337905714135,3.011209477354054,-0.016447575802505818,-0.019927515797483374,0.003479939994977556,0.11113237930085809,0.009718253083632222,-0.004828775012765674
1790123700000,2026-09-23T00:35:00+00:00,86535.6,4.72909543,57.36419378132268,61.96261917234856,-4.598425391025877,0.06628970479354471,0.07160361651429996,-0.005313911720755246,-0.49640081685373416,-0.0001865693139476562,7.990023840630418e-05,-14.268139577427064,-16.64833116119849,2.3801915837714276,-0.01648817316506393,-0.019238707723986996,0.0027505345589230647,0.0844711098316001,-0.0007294054360544914,-0.010447658519686712
1790123760000,2026-09-23T00:36:00+00:00,86567.9,2.18761235,58.259724059316795,61.22204014974221,-2.9623160904254178,0.06729945402316194,0.0707214107651245,-0.003421956741962573,-0.38294527542359064,0.0018919549787926727,0.0020785242927403285,-6.585003369560582,-14.635665602870912,8.05066223331033,-0.007606749579879588,-0.01690657345606271,0.009299823876183125,0.3085602491108885,0.00654928931726006,0.007278694753314552
1790123820000,2026-09-23T00:37:00+00:00,86499.9,1.27480844,52.87292044170317,59.55221620813441,-6.679295766431238,0.06112483418096804,0.06884657231758004,-0.007721738136611995,-0.6539231437669318,-0.0042997813946494216,-0.006191736373442095,-11.265908011613647,-13.96171408461946,2.695806073005814,-0.0130241861685547,-0.016140728584217397,0.0031165424156626934,0.09471535318249584,-0.006183281460520431,-0.012732570777780491
1790123880000,2026-09-23T00:38:00+00:00,86491.2,0.84237629,47.35593275903375,57.112959518314284,-9.757026759280535,0.05475231325156056,0.06603326063034654,-0.011280947378785976,-0.8770219201640923,-0.003559209242173981,0.0007405721524754408,-18.842503864929313,-14.937872040681432,-3.904631824247881,-0.02178545778637516,-0.0172709732789942,-0.00451448450738096,-0.16746246741439594,-0.007631026923043654,-0.0014477454625232214
1790123940000,2026-09-23T00:39:00+00:00,86477.2,0.79517093,41.377028645714745,53.96577334379438,-12.588744698079637,0.04784732697834197,0.06240462612549248,-0.014557299147150505,-1.079963763639673,-0.0032763517683645285,0.0002828574738094527,-25.761574646137888,-17.102612561772723,-8.658962084365164,-0.02979001938792871,-0.019777019332000486,-0.010013000055928227,-0.35295158210358646,-0.0054985155485472665,0.002132511374496387
1790124000000,2026-09-23T00:40:00+00:00,86529.9,3.89494242,40.425157575213234,51.25765019007815,-10.832492614864918,0.04671813740130664,0.05923692294811175,-0.012518785546805114,-0.9500639010070248,0.00203851360034539,0.005314865368709917,-27.691768851975212,-19.22044381981322,-8.471325032161992,-0.032002543458359727,-0.022212488191727046,-0.009790055266632682,-0.33967339306385985,0.00022294478929554482,0.005721460337842811
1790124060000,2026-09-23T00:41:00+00:00,86579.8,0.91650062,43.19933086671517,49.64598632540556,-6.446655458690387,0.04989539230480455,0.05734130400555967,-0.007445911700755125,-0.6329918564401082,0.005072873846049989,0.0030343602457046006,-27.13688660466869,-20.803732376784314,-6.333154227884375,-0.03134320777441007,-0.024028390429158202,-0.007314817345251865,-0.24848117044349619,0.002475237921380817,0.0022522931320852722
1790124120000,2026-09-23T00:42:00+00:00,86515.1,2.66659347,39.719274831644725,47.6606440266534,-7.941369195008676,0.04591022241394245,0.05508939367422958,-0.009179171260287135,-0.7367365979823896,-0.0017332595595320101,-0.006806133405581999,-23.04531918464636,-21.252049738356725,-1.793269446289635,-0.026637337510615325,-0.024564555480322766,-0.002072782030292556,-0.06160552866431575,0.005242035314959309,0.0027667973935784924
1790124180000,2026-09-23T00:43:00+00:00,86440,2.9727644,30.549210703538847,44.23835736203049,-13.689146658491644,0.03534152094347391,0.05117810893339946,-0.01583658798992555,-1.1338129071779117,-0.006657416729638415,-0.004924157170106405,-30.200982098467648,-23.04183621037891,-7.159145888088737,-0.03493866508383578,-0.02665645096064196,-0.00828221412319382,-0.2659368564624239,-0.006209432092901264,-0.011451467407860572
1790124240000,2026-09-23T00:44:00+00:00,86457.3,4.43886491,24.396605352987535,40.2700069602219,-15.873401607234364,0.028218097665538403,0.0465779141382184,-0.018359816472679997,-1.2671943232487073,-0.0025232284827544464,0.004134188246883969,-31.36110566800926,-24.70569010190498,-6.655415566104278,-0.036273519607955905,-0.028575597551513843,-0.007697922056442055,-0.233959794771257,0.000584292066751764,0.006793724159653028
1790124300000,2026-09-23T00:45:00+00:00,86472.5,1.37704332,20.51069967544754,36.31814550326703,-15.807445827819492,0.023719332360516397,0.041999647868706275,-0.018280315508189877,-1.23619270589694,7.950096449011942e-05,0.002602729447244566,-34.91606167641294,-26.747764416806575,-8.168297259606362,-0.04037822622962553,-0.03093210490827324,-0.009446121321352294,-0.2792451139118123,-0.0017481992649102385,-0.0023324913316620025
1790124360000,2026-09-23T00:46:00+00:00,86500,1.10174096,19.42617870673712,32.93975214396105,-13.513573437223933,0.022458010065592046,0.03808063831671798,-0.015622628251125936,-1.0530990140631271,0.002657687257063942,0.0025781862925738225,-40.880587760781054,-29.574329085601477,-11.306258675179578,-0.04726079509916885,-0.0341899758215046,-0.013070819277664254,-0.3912942374834323,-0.00362469795631196,-0.0018764986914017213
1790124420000,2026-09-23T00:47:00+00:00,86492.2,1.20677249,17.73287961492315,29.898377638153473,-12.165498023230324,0.02050228762237884,0.034567715514408785,-0.014065427892029945,-0.9413529685423402,0.0015572003590959907,-0.0011004868979679512,-36.56241773844522,-30.971946816170227,-5.590470922274992,-0.04227250288285559,-0.035808947877577664,-0.006463555005277923,-0.12748273747996114,0.00660726427238633,0.01023196222869829
1790124480000,2026-09-23T00:48:00+00:00,86472.5,0.14045771,14.632626712642377,26.845227453051255,-12.212600740408877,0.01692171119447498,0.0310448147712293,-0.014123103576754318,-0.9313733467180081,-5.7675684724372775e-05,-0.0016148760438203635,-21.72553333074029,-29.12266411908424,7.397130788343951,-0.02512421096966121,-0.03367852683695307,0.008554315867291856,0.4786998959705792,0.01501787087256978,0.008410606600183449
1790124540000,2026-09-23T00:49:00+00:00,86482,0.74623897,12.794734818089637,24.03512892605893,-11.240394107969294,0.014794679607420778,0.02779205953384396,-0.01299737992642318,-0.8511828871810745,0.0011257236503311382,0.001183399335055511,-14.578965395019623,-26.213924374271322,11.6349589792517,-0.016857803236534335,-0.030311422462791476,0.013453619226257138,0.7297562585027749,0.004899303358965282,-0.010118567513604498
1790124600000,2026-09-23T00:50:00+00:00,86510.9,0.51548439,13.514395187681657,21.930982178383477,-8.41658699070182,0.015621609748230174,0.02535054216102651,-0.009728932412796331,-0.6264822024392048,0.0032684475136268484,0.00214272386329571,-6.700270113244187,-22.311193522065896,15.610923408821709,-0.007745001049860986,-0.02579003746587528,0.018045036416014293,0.9508968504091571,0.004591417189757155,-0.00030788616920812695
1790124660000,2026-09-23T00:51:00+00:00,86489.5,0.62295154,12.217098950888612,19.988205532884507,-7.771106581995895,0.014125528475582136,0.023110557388913693,-0.008985028913331554,-0.5626019303064639,0.0007439034994647774,-0.002524544014162071,-8.92009266896639,-19.632973351445997,10.712880682479607,-0.010313497787553853,-0.022699834490251414,0.012386336702697563,0.7172376896596944,-0.00565869971331673,-0.010250116903073883
1790124720000,2026-09-23T00:52:00+00:00,86485.4,1.69384946,10.734407039431971,18.137445834194,-7.403038794762029,0.012411814062757381,0.02097168520258217,-0.00855987113982479,-0.517720063121015,0.0004251577735067628,-0.0003187457259580147,-6.3678728175436845,-16.979953244665538,10.612080427121853,-0.007362945442287005,-0.019633317582696663,0.012270372140409656,0.6984346218895908,-0.00011596456228790686,0.005542735151028823
1790124780000,2026-09-23T00:53:00+00:00,86476.6,0.09002297,8.748430105493753,16.25964268845395,-7.511212582960198,0.010116528755170476,0.01880236120343995,-0.008685832448269471,-0.5124306731195937,-0.00012596130844468034,-0.0005511190819514431,1.4570045340660727,-13.292561688919216,14.749566222985289,0.0016848540923973337,-0.015371281582438735,0.01705613567483607,0.8849345451476806,0.004785763534426413,0.00490172809671432
1790124840000,2026-09-23T00:54:00+00:00,86459.5,0.15761326,5.728665497954353,14.153447250354033,-8.42478175239968,0.006625836950195586,0.01637003134456483,-0.009744194394369248,-0.5739364249212942,-0.0010583619460997774,-0.000932400637655097,-0.18854175209708046,-10.67175770155479,10.48321594945771,-0.00021806944534386673,-0.012343071266378814,0.012125001821034948,0.6677647965913657,-0.004931133853801121,-0.009716897388227534
1790124900000,2026-09-23T00:55:00+00:00,86470.3,1.62576475,4.1590075803833315,12.154559316359894,-7.995551735976562,0.0048097526900951326,0.014056339941413287,-0.009246587251318154,-0.526670616012712,0.0004976071430510941,0.0015559690891508715,-9.384470702774706,-10.414300301798775,1.029829599024069,-0.01085282542419155,-0.012043788794301367,0.0011909633701098167,0.15183529271696306,-0.01093403845092513,-0.00600290459712401
1790124960000,2026-09-23T00:56:00+00:00,86472,0.39656383,3.0174350514425896,10.327134463376433,-7.309699411933844,0.0034894937684367073,0.011942749633842668,-0.008453255865405962,-0.4600058212180144,0.0007933313859121924,0.00029572424286109823,-12.445275770063745,-10.82049539545177,-1.6247803746119747,-0.014392260812822353,-0.012513293777698872,-0.0018789670351234788,-0.033561881373916524,-0.0030699304052332955,0.007864108045691836
1790125020000,2026-09-23T00:57:00+00:00,86446.1,0.21574702,0.022557029631570913,8.26621897662746,-8.24366194699589,2.6093750477547178e-05,0.009562280978121002,-0.009536187227643456,-0.527286594585409,-0.001082931362237494,-0.0018762627481496864,-17.44396605619113,-12.145189527599642,-5.298776528591487,-0.02017900871894872,-0.014049436038872364,-0.006129572680076356,-0.29385648682880167,-0.004250605644952877,-0.0011806752397195818
1790125080000,2026-09-23T00:58:00+00:00,86440,0.02657644,-2.810724121707608,6.050830356960447,-8.861554478668054,-0.003251647526269792,0.00700003511911204,-0.01025168264538183,-0.5708142144462451,-0.0007154954177383734,0.00036743594449912056,-18.8908719378378,-13.494326009647274,-5.396545928190527,-0.02185431737371333,-0.015611205471595644,-0.006243111902117685,-0.32986263826543477,-0.00011353922204132907,0.004137066422911548
1790125140000,2026-09-23T00:59:00+00:00,86465.5,2.3388749,-2.964312213269295,4.2478018429145,-7.212114056183795,-0.0034283178993578887,0.004912712981379279,-0.008341030880737168,-0.4347927583013904,0.0019106517646446611,0.0026261471823830346,-13.421172877177014,-13.479695383153222,0.05852250597620845,-0.015521997648977933,-0.015589680720233184,6.76830712552503e-05,-0.0017349235076401521,0.006310794973372936,0.006424334195414265
1790125200000,2026-09-23T01:00:00+00:00,86524,1.46483069,1.6158032388048014,3.7214021220925604,-2.105598883287759,0.0018674624830160435,0.004301005642472101,-0.0024335431594560576,-0.025033802775854725,0.005907487721281111,0.0039968359566364495,-2.3976630959950853,-11.263288925721595,8.86562582972651,-0.0027710959918578492,-0.013017531466092176,0.010246435474234327,0.5611045820408155,0.010178752402979076,0.0038679574296061406
1790125260000,2026-09-23T01:01:00+00:00,86491.1,0.39367541,2.561297644395381,3.489381226553125,-0.9280835821577438,0.0029613424322217905,0.004034381834146086,-0.0010730394019242947,0.06055423157273752,0.001360503757531763,-0.004546983963749348,1.4845472806628095,-8.713721684444714,10.198268965107523,0.0017164162331879341,-0.010074703275186364,0.011791119508374298,0.6364802786397377,0.0015446840341399714,-0.008634068368839105
1790125320000,2026-09-23T01:02:00+00:00,86602,3.86517801,12.119604684165097,5.215425918075519,6.9041787660895775,0.013994601376602269,0.006022292693096602,0.007972308683505666,0.6913363998707305,0.00904534808542996,0.007684844327898198,28.442010712169576,-1.282575205121856,29.72458591729143,0.03284221000920253,-0.0014809995209369947,0.03432320953013953,1.9223595332060208,0.022532090021765233,0.02098740598762526
1790125380000,2026-09-23T01:03:00+00:00,86630.1,1.95962293,21.71178706937644,8.514698148335704,13.197088921040738,0.025062636507837854,0.00982879870661087,0.015233837801226984,1.186562471577588,0.007261529117721318,-0.0017838189677086428,53.81333379143325,9.736606594189166,44.07672719724408,0.06211851745690383,0.011239288185271822,0.05087922927163201,2.7564840474592103,0.016556019741492477,-0.005976070280272755
1790125440000,2026-09-23T01:04:00+00:00,86578.3,1.88995514,24.847408173794975,11.781240153427559,13.066168020367416,0.028699348651792623,0.0136076131703066,0.015091735481486025,1.1533149127343045,-0.00014210231974095926,-0.007403631437462277,61.15082812655601,20.019450900662534,41.13137722589347,0.07063066394992279,0.023122942932192633,0.04750772101773016,2.4595650996555123,-0.0033715082539018462,-0.019927527995394323
1790125500000,2026-09-23T01:05:00+00:00,86623,0.87717045,30.586741994382464,15.542340521618542,15.044401472763923,0.03531018551006369,0.01794251009733967,0.017367675412724014,1.2928735998792873,0.002275939931237989,0.002418042250978948,63.9092544218729,28.79741160490461,35.11184281696829,0.0737786204840203,0.033244532751006785,0.04053408773301351,2.010909395537986,-0.006973633284716653,-0.0036021250308148067
1790125560000,2026-09-23T01:06:00+00:00,86630.9,1.44526064,35.36500362594961,19.506873142484757,15.858130483464855,0.04082262059605708,0.02251722323384007,0.01830539736221701,1.3433678542441143,0.0009377219494929971,-0.0013382179817449918,69.85720374813536,37.00937003355076,32.8478337145846,0.0806377444400732,0.0427207497943006,0.03791699464577259,1.8199910256316791,-0.0026170930872409168,0.004356540197475736
1790125620000,2026-09-23T01:07:00+00:00,86686.9,14.50804591,43.17287238428253,24.24007299084431,18.932799393438216,0.04980322561342317,0.027962786754220433,0.021840438859202737,1.588455600013454,0.003535041496985726,0.002597319547492729,66.03400502941804,42.81429703272421,23.219707996693828,0.07617529872381876,0.049389581393179616,0.026785717330639152,1.2034517861558038,-0.011131277315133439,-0.008514184227892518
1790125680000,2026-09-23T01:08:00+00:00,86677.7,3.53827282,48.064246797410306,29.004907752157514,19.05933904525279,0.05545168687841314,0.03346294116267219,0.02198874571574095,1.5858329971060923,0.0001483068565382127,-0.0033867346404475134,55.120285178229096,45.27549466182519,9.844790516403904,0.06359223327133634,0.05223430555013019,0.011357927721206152,0.35966439704995345,-0.015427789609433,-0.004296512294299559
1790125740000,2026-09-23T01:09:00+00:00,86619.1,32.53289727,46.67413561910507,32.53875332554703,14.135382293558045,0.05388434608429904,0.037565332964146506,0.016319013120152534,1.145053205495636,-0.005669732595588416,-0.005818039452126628,40.841213668871205,44.3886384632344,-3.547424794363195,0.0471503556015604,0.05124578581771734,-0.004095430216156938,-0.479833452969377,-0.01545335793736309,-2.556832793009292e-05
1790125800000,2026-09-23T01:10:00+00:00,86580.1,4.39149473,41.942007082048804,34.419404076847385,7.522603005201418,0.04844301067109971,0.03975440554682587,0.008688605124273843,0.5447598198081908,-0.007630407995878691,-0.001960675400290275,14.13093013681646,38.337096797950814,-24.206166661134354,0.016321221778233634,0.044279339938335494,-0.02795811816010186,-1.7273894118291646,-0.023862687943944923,-0.00840933000658183
1790125860000,2026-09-23T01:11:00+00:00,86688.6,7.63076555,46.41179803357227,36.81788286819236,9.593915165379904,0.053538525288875656,0.042471424002916605,0.011067101285959058,0.7155158182850713,0.0023784961616852146,0.010008904157563905,8.94160907738842,32.45799925383834,-23.516390176449917,0.010314630848102772,0.03744206187876876,-0.027127431030665988,-1.6405690281909777,0.0008306871294358718,0.02469337507338079
1790125920000,2026-09-23T01:12:00+00:00,86705.4,76.81897588,50.725032562128035,39.5993128069795,11.125719755148538,0.0585027375020795,0.04567110330726748,0.012831634194812019,0.8425531738548561,0.0017645329088529609,-0.0006139632528322538,1.2873933290829882,26.22387806888727,-24.936484739804282,0.0014847902542206002,0.030244803747964108,-0.02876001349374351,-1.682820658640464,-0.0016325824630775213,-0.002463269592513393
1790125980000,2026-09-23T01:13:00+00:00,86762.9,12.48019093,58.1131789014762,43.302086025878836,14.811092875597367,0.0669792951843198,0.04990852775308206,0.017070767431237737,1.1696907695438534,0.004239133236425718,0.0024746003275727575,1.5715559954551281,21.293413654200844,-19.721857658745716,0.0018113225761876657,0.024542072307634766,-0.022730749731447102,-1.3384698214643904,0.0060292637622964065,0.007661846225373931
1790126040000,2026-09-23T01:14:00+00:00,86715.6,6.11859994,59.4661348209047,46.53489578488401,12.931239036020692,0.06857605185330516,0.05366381110767152,0.014912240745633649,0.9746312359230329,-0.0021585266856040883,-0.006397659922029807,9.333546050373116,18.9014401334353,-9.567894083062185,0.01076339903128516,0.0217970470520129,-0.01103364802072774,-0.712919128735804,0.011697101710719362,0.005667837948422957
1790126100000,2026-09-23T01:15:00+00:00,86716.6,1.26583439,59.92823834955925,49.213564297819055,10.714674051740197,0.06910815039976112,0.05675218389307129,0.012355966506689834,0.7468028829945088,-0.002556274238943815,-0.0003977475533397286,23.354665938968537,19.79208529454195,3.562580644426589,0.02693217439217928,0.022823871432392354,0.004108302959786926,0.09424493795734824,0.015141950980514667,0.003444849269795304
1790126160000,2026-09-23T01:16:00+00:00,86685.9,0.80034734,57.15833953753463,50.80251934576217,6.355820191772459,0.06593729722773212,0.058605285687478796,0.007332011540253328,0.31449514844528514,-0.005023954966436506,-0.002467680727492691,9.216173932160018,17.676903022065563,-8.460729089905545,0.010631687428013112,0.020391901130478618,-0.009760213702465506,-0.6239626893356905,-0.01386851666225243,-0.029010467642767095
1790126220000,2026-09-23T01:17:00+00:00,86661.3,4.2558003,52.3744206445117,51.11689960551208,1.25752103899962,0.06043576618918906,0.05898469051988844,0.001451075669300622,-0.19457238704375635,-0.005880935870952705,-0.0008569809045162,-6.421290448473883,12.857264327957674,-19.278554776431555,-0.0074096401144154115,0.01483622369841864,-0.02224586381283405,-1.2667758098029278,-0.012485650110368545,0.0013828665518838866
1790126280000,2026-09-23T01:18:00+00:00,86669.2,0.67223383,48.65967597736744,50.62545487988316,-1.9657789025157157,0.056144138837519494,0.05841227896401854,-0.0022681401264990513,-0.523586852717873,-0.0037192157957996732,0.002161720075153032,-26.53928914615244,4.977953633135652,-31.517242779288093,-0.030621361621143893,0.005743624763048063,-0.03636498638419196,-1.9622482175280205,-0.014119122571357907,-0.0016334724609893617
1790126340000,2026-09-23T01:19:00+00:00,86718.6,1.94029324,49.13547800765082,50.32745950543669,-1.191981497785875,0.05666082940413108,0.058035369004385086,-0.0013745396002540111,-0.4593291892269395,0.0008936005262450402,0.004612816322044713,-24.196532693924382,-0.8569436322763551,-23.339589061648027,-0.027902356234907368,-0.0009881889609338194,-0.026914167273973548,-1.4327840188400027,0.00945081911021841,0.023569941681576317
1790126400000,2026-09-23T01:20:00+00:00,86697.1,2.5829806,47.23320919368416,49.70860944308619,-2.4754002494020284,0.05448072564559156,0.057335954078148156,-0.0028552284325566004,-0.5932209726797262,-0.0014806888323025892,-0.0023742893585476294,-26.67788837730768,-6.02113258128262,-20.65675579602506,-0.030771373410768847,-0.006945021899559063,-0.023826351511209785,-1.2466866217632093,0.0030878157627637626,-0.006363003347454647
1790126460000,2026-09-23T01:21:00+00:00,86724.3,2.76113405,47.374358023822424,49.24175915923344,-1.867401135411015,0.05462639424454556,0.056779655943297834,-0.00215326169875227,-0.5380747126771076,0.0007019667338043303,0.0021826555661069195,-24.039316466834862,-9.624769358393069,-14.414547108441793,-0.027719239552045805,-0.011098122854140153,-0.016621116697905655,-0.8594344437132045,0.00720523481330413,0.004117419050540368
1790126520000,2026-09-23T01:22:00+00:00,86714.9,0.33088246,46.195208440345596,48.632449015455876,-2.4372405751102804,0.053272515381261584,0.05608315181757216,-0.002810636436310577,-0.6015184449953972,-0.000657374737558307,-0.0013593414713626373,-23.063349112839205,-12.312485309282296,-10.750863803556909,-0.02659675455180045,-0.014198811633620401,-0.012397942918180046,-0.6295471718651048,0.004223173779725609,-0.002982061033578523
1790126580000,2026-09-23T01:23:00+00:00,86669.4,1.23598055,41.11530254513491,47.129019721391685,-6.013717176256776,0.04743923754535616,0.05437792314402971,-0.0069386855986735526,-0.9592412271281141,-0.0041280491623629754,-0.0034706744248046684,-23.398835099156713,-14.52975526725718,-8.869079831899533,-0.026997804414426216,-0.016764573502593975,-0.010233230911832243,-0.5079896455291427,0.0021647120063478034,-0.0020584617733778055
1790126640000,2026-09-23T01:24:00+00:00,86664.2,2.36457862,36.2519540227222,44.953606581657795,-8.701652558935592,0.041830368275161144,0.05187102238485764,-0.010040654109696498,-1.214068883811854,-0.0031019685110229454,0.00102608065134003,-30.35912941780407,-17.69563009736656,-12.66349932043751,-0.03503076174222351,-0.020418615872951646,-0.014612145869271866,-0.7194552878575858,-0.0043789149574396235,-0.006543626963787427
1790126700000,2026-09-23T01:25:00+00:00,86627,0.82928539,29.06098918011412,41.77508310134906,-12.71409392123494,0.03354726491753624,0.048224090758480685,-0.014676825840944442,-1.578451508117846,-0.004636171731247944,-0.0015342032202249984,-33.98489699602942,-20.953483477099134,-13.031413518930286,-0.03923129855129396,-0.02418816705772927,-0.015043131493564692,-0.7261589714947044,-0.0004309856242928258,0.003947929333146798
1790126760000,2026-09-23T01:26:00+00:00,86656.2,4.51027443,25.42520773159049,38.505108027397355,-13.079900295806866,0.029340321559900493,0.044434337101554595,-0.015094015541654106,-1.5752918599965238,-0.000417189700709664,0.00421898203053828,-38.718077896381146,-24.506402360955537,-14.21167553542561,-0.0446801012465134,-0.028280033466682748,-0.016400067779830652,-0.7796243617018708,-0.0013569362862659601,-0.0009259506619731343
1790126820000,2026-09-23T01:27:00+00:00,86625.3,1.18522335,19.821957790642045,34.7684779800463,-14.946520189404254,0.022882411709560655,0.04013663211561322,-0.017254220406052567,-1.7114424997111386,-0.0021602048643984614,-0.0017430151636887974,-45.4940107625298,-28.70392404127039,-16.790086721259406,-0.05251815666154091,-0.0331357282933166,-0.019382428368224302,-0.9201103253959902,-0.0029823605883936496,-0.0016254243021276895
1790126880000,2026-09-23T01:28:00+00:00,86639.1,1.47024352,16.306910597122624,31.076164503461566,-14.769253906338943,0.018821652807015102,0.03586852183767094,-0.017046869030655838,-1.6515735418239506,0.00020735137539672904,0.0023675562397951905,-43.337331261485815,-31.630605485313477,-11.706725776172338,-0.05002052336818574,-0.03650846498326215,-0.013512058384923595,-0.5951579599182374,0.005870369983300707,0.008852730571694358
1790126940000,2026-09-23T01:29:00+00:00,86641.1,2.52525834,13.526666663776268,27.566264935524508,-14.03959827174824,0.015612297932247245,0.031816614673087606,-0.01620431674084036,-1.5441541408287003,0.0008425522898154771,0.000635200914418748,-41.66885209386237,-33.63825480702326,-8.030597286839111,-0.04809363234522919,-0.03882482425433571,-0.00926880809089348,-0.3530605493714578,0.004243250294030115,-0.0016271196892705918
1790127000000,2026-09-23T01:30:00+00:00,86624.6,2.59011972,9.878023506142199,24.02861664964805,-14.150593143505851,0.01140325439441244,0.02773879088578539,-0.016335536491372947,-1.5182490667518593,-0.00013121975053258586,-0.0009737720403480629,-36.244045314742834,-34.15941290856718,-2.0846324061756576,-0.04184036095375082,-0.03943384778523327,-0.0024065131685175544,0.02361934443174195,0.006862294922375925,0.002619044628345812
1790127060000,2026-09-23T01:31:00+00:00,86607.8,1.20057045,5.566658940981142,20.336225107914668,-14.769566166933526,0.006427433719573921,0.023480824022680022,-0.0170533903031061,-1.5385847751675836,-0.0007178538117331539,-0.000586634061200568,-34.6132816523168,-34.2501866573171,-0.3630949949996989,-0.03996554773625101,-0.03954630721172585,-0.00041924052452515696,0.13126143903923332,0.0019872726439923976,-0.004875022278383529
1790127120000,2026-09-23T01:32:00+00:00,86602,1.50170868,1.662693439036957,16.601518774139127,-14.93882533510217,0.0019199249890729509,0.01916990228186315,-0.0172499772927902,-1.5175772388168671,-0.00019658698968410063,0.0005212668220490532,-29.994155915046576,-33.398980508863,3.4048245938164214,-0.034634484093954615,-0.03856606141759197,0.003931577323637354,0.3613722047433418,0.0043508178481625115,0.0023635452041701134
1790127180000,2026-09-23T01:33:00+00:00,86626.9,0.97452986,0.5714077216834994,13.395496563648003,-12.824088841964503,0.0006596192657055712,0.015463437527659427,-0.014803818261953856,-1.295862474865524,0.0024461590308363455,0.0026427460205204444,-21.350747933844104,-30.98933399385922,9.638586060015115,-0.024646787468839478,-0.035773338297756495,0.011126550828917017,0.7379599239357736,0.007194973505279663,0.002844155657117152
1790127240000,2026-09-23T01:34:00+00:00,86608.3,0.60700296,-1.7738606633793097,10.361625118242541,-12.13548578162185,-0.002048141648524806,0.011963778434910442,-0.014011920083435249,-1.2084164393030465,0.0007918981785186071,-0.0016542608523177384,-17.336103527675732,-28.258687900622526,10.922584372946794,-0.020016676840066982,-0.03262815215241787,0.012611475312350887,0.8037033523934061,0.0014849244834338696,-0.005710049021845793
1790127300000,2026-09-23T01:35:00+00:00,86506.6,2.64443428,-11.703927225302323,5.948514649533568,-17.65244187483589,-0.013529519395401417,0.0068763708775209835,-0.0204058902729224,-1.6650144819649344,-0.0063939701894871505,-0.007185868368005758,-30.209688639326487,-28.648888048363318,-1.5608005909631686,-0.03492183098090375,-0.03311757489990742,-0.0018042560809963268,0.01617717198985096,-0.014415731393347214,-0.015900655876781085
1790127360000,2026-09-23T01:36:00+00:00,86470.6,3.11163717,-22.222310688637663,0.3143495818993216,-22.536660270536984,-0.02569926736791194,0.0003635334806273133,-0.026062800848539253,-2.0343967358545654,-0.005656910575616854,0.0007370596138702966,-42.9851790984394,-31.516146258378534,-11.46903284006087,-0.04971074457496467,-0.03644723901346646,-0.013263505561498207,-0.6069737220962962,-0.01145924948050188,0.0029564819128453327
1790127420000,2026-09-23T01:37:00+00:00,86425.2,8.81819511,-33.83161612927506,-6.514843560335556,-27.316772568939506,-0.039145545661768866,-0.007538129573707154,-0.0316074160880617,-2.3581970707058972,-0.00554461523952245,0.00011229533609440415,-60.968424568127375,-37.4066019203283,-23.561822647799076,-0.07054473066666594,-0.04328205421604844,-0.0272626764506175,-1.3458987670540303,-0.013999170889119294,-0.002539921408617413
1790127480000,2026-09-23T01:38:00+00:00,86483.3,3.23421284,-37.9069224872801,-12.793259345724465,-25.113663141555634,-0.043831494042526245,-0.014792751138918685,-0.029038742903607556,-2.0970780868434993,0.002568673184454147,0.008113288423976597,-66.47645535413176,-43.220572607089,-23.25588274704276,-0.07686623354350697,-0.04997562836650428,-0.02689060517700268,-1.3033093335243866,0.0003720712736148199,0.014371242162734114
1790127540000,2026-09-23T01:39:00+00:00,86433.5,1.04312197,-44.640488181015826,-19.16270511278274,-25.477783068233087,-0.05164720644312197,-0.02217046065794251,-0.029476745785179462,-2.0596576659838504,-0.0004380028815719056,-0.0030066760660260525,-77.07304408556956,-49.991066902785114,-27.08197718278445,-0.08917033798882328,-0.0578376056769483,-0.031332732311874965,-1.5063807732421477,-0.004442127134872284,-0.004814198408487104
1790127600000,2026-09-23T01:40:00+00:00,86407.6,0.7561374,-51.47344719256216,-25.624853528738626,-25.848593663823536,-0.05957050906698272,-0.029655786677026817,-0.0299147223899559,-2.0240614163695505,-0.0004379766047764369,2.6276795468682668e-08,-71.766974925471,-54.3462485073223,-17.420726418148703,-0.0830563225057414,-0.06289521813743501,-0.020161104368306378,-0.9015238840102622,0.011171627943568588,0.015613755078440872
1790127660000,2026-09-23T01:41:00+00:00,86326.3,3.51508194,-62.725783202258754,-33.04503946344265,-29.680743738816105,-0.07266126684713552,-0.038279225987263035,-0.03438204085987249,-2.2481779383164255,-0.00446731846991659,-0.004029341865140153,-72.56629994334071,-57.990258794525985,-14.576041148814724,-0.0840604774481713,-0.06717565654328517,-0.01688482090488614,-0.7201860081568637,0.0032762834634202376,-0.00789534448014835
1790127720000,2026-09-23T01:42:00+00:00,86310.4,3.85314672,-72.09526830156392,-40.85508523106691,-31.24018307049701,-0.08353022150466678,-0.0473350664938025,-0.03619515501086429,-2.28224762273815,-0.0018131141509918,0.0026542043189247896,-67.19692438817583,-59.83159191325596,-7.365332474919867,-0.07785495651529345,-0.06932141655380576,-0.008533539961487686,-0.2793756746806513,0.008351280943398454,0.005074997479978215
1790127780000,2026-09-23T01:43:00+00:00,86304.1,1.94856613,-79.1169985839224,-48.50746790163801,-30.609530682284387,-0.09167235227981335,-0.05620528793144011,-0.03546706434837323,-2.1585575256173786,0.0007280906624910558,0.0025412048134828558,-71.14004126789223,-62.09328178418322,-9.04675948370901,-0.08242950365960855,-0.07194708221762722,-0.010482421441981332,-0.37265452761758294,-0.0019488814804936461,-0.0103001624238921
1790127840000,2026-09-23T01:44:00+00:00,86285,1.2617504,-85.24038272439793,-55.85405086618999,-29.38633185820794,-0.09878934081752093,-0.0647320517658805,-0.034057289051640426,-2.0030452234017493,0.001409775296732807,0.0006816846342417512,-67.8152463301376,-63.237674693374096,-4.577571636763501,-0.07859447914485437,-0.07328930253621614,-0.005305176608638235,-0.09826368040598193,0.005177244833343097,0.007126126313836743
1790127900000,2026-09-23T01:45:00+00:00,86270.8,1.354108,-90.19926907122135,-62.723094507196265,-27.476174564025087,-0.10455364859398701,-0.0727048949438237,-0.031848753650163306,-1.811559808232751,0.00220853540147712,0.000798760104744313,-58.9537660076312,-62.38089295622552,3.4271269485943208,-0.06833571267176287,-0.0723082351806469,0.003972522508884026,0.38361051743312996,0.009277699117522261,0.0041004542841791645
1790127960000,2026-09-23T01:46:00+00:00,86279.1,2.22689552,-92.3944162766129,-68.6573588610796,-23.7370574155333,-0.10708783039764311,-0.07957588669918857,-0.027511943698454548,-1.505617712443888,0.0043368099517087574,0.0021282745502316375,-36.38589662665618,-57.181893690311654,20.795997063655477,-0.042172318240056024,-0.06627548698388329,0.024103168743827272,1.4163048338182322,0.020130646234943247,0.010852947117420984
1790128020000,2026-09-23T01:47:00+00:00,86242.9,1.0865396,-95.9490824201348,-74.11570357289064,-21.833378847244163,-0.11125447128996684,-0.08593832486255754,-0.025316146427409286,-1.3415304452421941,0.002195797271045262,-0.0021410126806634955,-25.938866238415358,-50.93328819993239,24.994421961517034,-0.030076523677213265,-0.05905794934995506,0.028981425672741794,1.629166986545827,0.004878256928914523,-0.015252389306028723
1790128080000,2026-09-23T01:48:00+00:00,86257.8,4.9373747,-96.45203643660352,-78.58297014563323,-17.869066290970295,-0.11181833577555134,-0.09110245119355377,-0.020715884581997565,-1.041303217313848,0.004600261845411721,0.002404464574366459,-14.542601789085893,-43.655150917763095,29.112549128677202,-0.01685946289968663,-0.05061009081817887,0.03375062791849224,1.821181046551368,0.0047692022457504445,-0.00010905468316407818
1790128140000,2026-09-23T01:49:00+00:00,86238.4,1.01661209,-97.29449856991414,-82.32527583048942,-14.969222739424723,-0.11282038925804995,-0.09546243417142411,-0.017357955086625822,-0.8218939039424366,0.0033579294953717427,-0.0012423323500399784,-7.070399137446657,-36.33820056169981,29.26780142425315,-0.008198666878614001,-0.042136914137669304,0.0339382472590553,1.7817780591011165,0.00018761934056306384,-0.004581582905187381
1790128200000,2026-09-23T01:50:00+00:00,86279.5,2.19183016,-93.56714555674989,-84.57364977574152,-8.993495781008377,-0.10844655515707659,-0.09802287887127478,-0.010423676285801816,-0.3911835697276026,0.006934278800824006,0.0035763493054522637,13.507769881791319,-26.369006473001583,39.8767763547929,0.01565582772476813,-0.03056230793294071,0.04621813565770884,2.310278466239545,0.012279888398653536,0.012092269058090473
1790128260000,2026-09-23T01:51:00+00:00,86243,1.09506314,-92.49224338908971,-86.15736849841116,-6.334874890678549,-0.10724608766982793,-0.09990070904121048,-0.007345378628617452,-0.19358114416227765,0.003078297657184364,-0.0038559811436396432,21.108810909616295,-16.87344299647801,37.9822539060943,0.02447597011886912,-0.01956500005389192,0.04404097017276104,2.1416938520932156,-0.002177165484947799,-0.014457053883601335
1790128320000,2026-09-23T01:52:00+00:00,86211.7,1.48531058,-93.09290700829297,-87.54447620038752,-5.548430807905447,-0.10798175538620973,-0.10154593425299295,-0.006435821133216776,-0.12565570436440546,0.0009095574954006763,-0.0021687401617836877,27.240010450972477,-8.050752306987912,35.29076275796039,0.031596651557703276,-0.009338352343113419,0.0409350039008167,1.96269876905292,-0.0031059662719443437,-0.0009288007869965448
1790128380000,2026-09-23T01:53:00+00:00,86212.4,6.90300749,-92.44678412296344,-88.5249377849027,-3.921846338060732,-0.10723142392853399,-0.10268237258782113,-0.004549051340712858,0.0059933253667478785,0.0018867697925039175,0.0009772122971032403,25.40730341980816,-1.3591411616286972,26.766444581436858,0.02947059056447583,-0.0015765031035311595,0.03104709366800699,1.5067543713401812,-0.009887910232809705,-0.006781943960865358
1790128440000,2026-09-23T01:54:00+00:00,86200,7.85708393,-91.87621167291945,-89.19519256250605,-2.681019110413402,-0.10658493233517338,-0.10347470134861492,-0.003110230986558471,0.11263109370800874,0.0014388203541543872,-0.00044794943834952985,24.29099673249584,3.770886417196211,20.520110315299632,0.02817981059454274,0.004374578210204421,0.023805232384338324,1.1795714958419627,-0.007241861283668667,0.0026460489491410416
1790128500000,2026-09-23T01:55:00+00:00,86245.1,7.02406016,-86.78443882262218,-88.71304181452928,1.9286029919070984,-0.1006253559015204,-0.10286154438284525,0.0022361884813248503,0.4692821471526061,0.005346419467883321,0.003907599113728935,24.365787826682208,7.88986669909341,16.475921127588798,0.028251793814004746,0.009148191258510234,0.01910360255549451,0.975463750184273,-0.004701629828843815,0.002540231454824852
1790128560000,2026-09-23T01:56:00+00:00,86282,2.44624716,-78.86257190204924,-86.74294783203327,7.880375929984027,-0.09140095489447306,-0.10053423406044512,0.009133279165972077,0.9290121719917545,0.006897090684647228,0.0015506712167639059,34.51480321014242,13.214854001303213,21.299949208839205,0.04000232170109921,0.015315887440373674,0.024686434260725535,1.2412656775990978,0.005582831705231026,0.010284461534074842
1790128620000,2026-09-23T01:57:00+00:00,86301.4,1.91413709,-70.20968389419431,-83.43629504446548,13.226611150271168,-0.08135404975376334,-0.09668011763941893,0.015326067885655586,1.3403850739401941,0.006192788719683508,-0.0007043019649637188,49.410301835800055,20.453943568202583,28.956358267597473,0.057253186895925276,0.023700593001043532,0.03355259389488175,1.6327334540446938,0.008866159634156216,0.0032833279289251893
1790128680000,2026-09-23T01:58:00+00:00,86317.8,3.42273119,-61.32198321686883,-79.01343267894616,17.69144946207733,-0.0710421062826773,-0.09153782033247622,0.020495714049798917,1.6763856339135783,0.005169646164143331,-0.0010231425555401776,64.31463492615148,29.226081839792364,35.08855308635912,0.07450912201904067,0.03385869639841651,0.04065042562062416,1.9116087197853986,0.0070978317257424095,-0.001768327908413806
1790128740000,2026-09-23T01:59:00+00:00,86368.2,3.76279185,-49.63934612533194,-73.13861536822333,23.499269242891387,-0.057474100566333376,-0.0846823430015021,0.027208242435168718,2.1113169269251753,0.006712528385369801,0.00154288222122647,83.28623908609734,40.038113289053356,43.24812579704398,0.09643160224028907,0.046357471024119246,0.050074131216169826,2.266122451587673,0.009423705595545666,0.0023258738698032563
1790128800000,2026-09-23T02:00:00+00:00,86385.1,1.69393819,-38.5724441746861,-66.22538112951588,27.652936954829784,-0.04465173296631722,-0.07666296749036104,0.03201123452404382,2.395560148805517,0.004802992088875104,-0.0019095362964946967,94.5513279398001,50.94075621920271,43.61057172059739,0.10945328296176088,0.05896937807469426,0.05048390488706662,2.20454912092285,0.0004097736708967917,-0.009013931924648874
1790128860000,2026-09-23T02:01:00+00:00,86346,0.26607684,-32.58131080395833,-59.496567064404374,26.915256260446043,-0.037733433863709184,-0.06890483295625087,0.031171399092541685,2.3105366657121915,-0.0008398354315021367,-0.005642827520377241,89.09233683724597,58.57107234281137,30.521264494434597,0.10318061848521758,0.06783298860724453,0.03534762987797303,1.5041610730617783,-0.015136275009093585,-0.015546048679990376
1790128920000,2026-09-23T02:02:00+00:00,86351.1,0.72561936,-27.10926829634991,-53.01910731079349,25.909839014443577,-0.031394236201217944,-0.06139945792328469,0.030005221722066745,2.201561622018749,-0.0011661773704749398,-0.0003263419389728031,84.17669039692555,63.69219595363421,20.48449444329134,0.09748189704233709,0.07375956525583832,0.02372233178649877,0.9801618053703776,-0.011625298091474261,0.00351097691761932
1790128980000,2026-09-23T02:03:00+00:00,86316.4,3.34441936,-25.281209143155138,-47.471527677265826,22.190318534110688,-0.02928899854854366,-0.05499711257335318,0.025708114024809527,1.9076635656129652,-0.004297107697257219,-0.003130930326782279,68.35358631522104,64.62447402595159,3.7291122892694517,0.07918957036579496,0.07486928790583433,0.004320282459960624,0.13177044847600397,-0.01940204932653815,-0.0077767512350638834
1790129040000,2026-09-23T02:04:00+00:00,86354.3,1.13604206,-20.537502295017475,-42.08472260081616,21.54722030579868,-0.023782836865121337,-0.048734947305248445,0.024952110440127108,1.8379458606471286,-0.0007560035846824187,0.0035411041125748,50.29954652112792,61.75948852498686,-11.459942003858934,0.058247877084439244,0.07151871826300121,-0.013270841178561964,-0.6412889148185998,-0.01759112363852259,0.0018109256880155591
1790129100000,2026-09-23T02:05:00+00:00,86348,1.09063042,-17.08944134794001,-37.085666350240935,19.996225002300925,-0.019791357469704,-0.042949073922083816,0.02315771645237982,1.7029636726504058,-0.0017943939877472885,-0.0010383904030648698,30.244677206428605,55.45652626127521,-25.211849054846603,0.03502649419376083,0.06422444788677817,-0.02919795369301733,-1.3359901654914617,-0.015927112514455367,0.0016640111240672226
1790129160000,2026-09-23T02:06:00+00:00,86336.3,0.3862862,-15.126550960922032,-32.69384327237715,17.56729231145512,-0.01752049944336511,-0.03786801527558762,0.020347515832222506,1.5130166350141396,-0.002810200620157313,-0.0010158066324100247,15.449612333599362,47.45514347574004,-32.005531142140676,0.01789468894729026,0.05496545888084158,-0.03707076993355133,-1.664438647605079,-0.007872816240534,0.008054296273921365
1790129220000,2026-09-23T02:07:00+00:00,86281.6,0.92539059,-17.77982429349504,-29.71103947660073,11.931215183105692,-0.020606739204529167,-0.03443496582886818,0.013828226624339014,1.1106052659696621,-0.006519289207883493,-0.0037090885877261795,-4.152784502206487,37.13355788015074,-41.286342382357226,-0.004813059217963605,0.04303763245019881,-0.047850691668162415,-2.0861075326051783,-0.010779921734611085,-0.002907105494077085
1790129280000,2026-09-23T02:08:00+00:00,86380.8,1.07334705,-11.742590302863391,-26.117349641853266,14.374759338989875,-0.01359398188354749,-0.030235132855742555,0.016641150972195064,1.2620546064461904,0.002812924347856051,0.009332213555739544,3.2271357489662478,30.352273453913842,-27.125137704947594,0.0037359410296804933,0.03513775451710778,-0.03140181348742729,-1.383999794480129,0.01644887818073513,0.027228799915346207
1790129340000,2026-09-23T02:09:00+00:00,86361.9,0.56344313,-8.386437286797445,-22.571167170842106,14.18472988404466,-0.009710806833566012,-0.02613556113383576,0.01642475430026975,1.2274612910776634,-0.00021639667192531464,-0.0030293210197813655,1.1712084728351329,24.5160604576981,-23.344851984862967,0.0013561633924625708,0.028387588112000896,-0.027031424719538323,-1.2132956438052676,0.004370388767888964,-0.012078489412846165
1790129400000,2026-09-23T02:10:00+00:00,86312.5,1.63668295,-9.602141478913836,-19.97736203245645,10.375220553542615,-0.0111248561667358,-0.023145386858747518,0.012020530692011719,0.9517605716250722,-0.004404223608258031,-0.004187826936332715,-6.753192765987478,18.262209812960986,-25.015402578948464,-0.007824119062693676,0.02115824453348123,-0.028982363596174905,-1.2987838882204332,-0.001950938876636582,-0.006321327644525546
1790129460000,2026-09-23T02:11:00+00:00,86334.7,0.91822527,-8.674249988645897,-17.71673962369434,9.042489635048444,-0.010047234760352323,-0.020520995177714572,0.010473760417362248,0.8485570124055346,-0.001546770274649471,0.0028574533336085603,-4.153755642371834,13.779016721894424,-17.932772364266256,-0.004811223809629076,0.01595999838059833,-0.020771222190227402,-0.9458302335265535,0.008211141405947503,0.010162080282584085
1790129520000,2026-09-23T02:12:00+00:00,86354.4,1.6820807,-6.276907653096714,-15.428773229574816,9.151865576478102,-0.007268775711598615,-0.01786680612635235,0.010598030414753738,0.8432938529330452,0.00012426999739149035,0.0016710402720409613,11.103965815054835,13.244006540526506,-2.140040725471671,0.012858598768626538,0.015336805698987554,-0.0024782069303610136,-0.1673471541785022,0.018293015259866388,0.010081873853918885
1790129580000,2026-09-23T02:13:00+00:00,86360.8,2.97486467,-3.8165749668114586,-13.106333577022145,9.289758610210686,-0.004419337207172072,-0.015176253088232327,0.010756915881060257,0.8404573232747057,0.00015888546630651867,3.461546891502833e-05,6.974215209746035,11.990048274370412,-5.015833064624378,0.008075672307049071,0.013883669760319975,-0.005807997453270902,-0.31145514143897735,-0.0033297905229098886,-0.021622805782776276
1790129640000,2026-09-23T02:14:00+00:00,86385,0.90029273,0.08501417448860593,-10.468064026719997,10.553078201208603,9.841312089900554e-05,-0.012117918651062102,0.012216331771961107,0.9120282426649438,0.00145941589090085,0.0013005304245943313,10.409034932556096,11.67384560600755,-1.2648106734514535,0.012049586076930133,0.013513741513002895,-0.0014641554360727597,-0.12157534963405904,0.004343842017198143,0.007673632540108031
1790129700000,2026-09-23T02:15:00+00:00,86390,3.05733954,3.539706360141281,-7.666509949347741,11.206216309489022,0.00409735659236171,-0.008874302522685198,0.012971659115046908,0.9412675165872431,0.0007553273430858012,-0.0007040885478150488,18.6857850295346,13.076233490712962,5.609551538821638,0.021629569428793377,0.015136281387559859,0.00649328804123352,0.22066236982935306,0.00795744347730628,0.0036136014601081366
1790129760000,2026-09-23T02:16:00+00:00,86411.8,0.44176855,7.945066831976874,-4.5441945930828185,12.489261425059691,0.009194423483802991,-0.005258766271600428,0.014453189755403419,1.011715931388086,0.0014815306403565109,0.0007262032972707097,27.87200479178864,16.0353877509281,11.836617040860542,0.03225485962772288,0.018556942166380166,0.013697917461342713,0.5296228665585986,0.007204629420109193,-0.0007528140571970868
1790129820000,2026-09-23T02:17:00+00:00,86430.4,0.60869979,12.789778690741514,-1.0773999363179518,13.867178627059467,0.014797777970183541,-0.0012465520653820322,0.016044330035565574,1.0838876390252246,0.0015911402801621552,0.00010960963980564432,34.445003126427764,19.717310826028033,14.727692300399731,0.03985287945726014,0.02281293483083271,0.01703994462642743,0.6664135411836711,0.003342027165084716,-0.003862602255024477
1790129880000,2026-09-23T02:18:00+00:00,86444,1.85267156,17.52464093119488,2.6430082371846146,14.881632694010266,0.020272825102025452,0.003057480261423135,0.017215344840602317,1.1288597126932818,0.0011710148050367436,-0.0004201254751254116,39.44783654384082,23.66341596959059,15.78442057425023,0.045633978695850286,0.027374272326119328,0.018259706369730958,0.7075964709478175,0.0012197617433035296,-0.0021222654217811863
1790129940000,2026-09-23T02:19:00+00:00,86467.8,0.8960695,22.93315532550332,6.701037654848356,16.232117670654965,0.02652219129607012,0.0077497492186089575,0.018772442077461166,1.1930629225887273,0.0015570972368588488,0.00038608243182210525,38.66090732337034,26.66291424034654,11.997993083023797,0.044711334535365,0.030835657019545472,0.013875677515819525,0.5088884682476117,-0.004384028853911433,-0.005603790597214962
1790130000000,2026-09-23T02:20:00+00:00,86526.1,4.60838635,31.559961129300063,11.672822349738698,19.887138779561365,0.036474498595568346,0.013490521761339871,0.022983976834228474,1.4009437503641904,0.004211534756767308,0.002654437519908459,52.305781497387215,31.79148769175468,20.514293805632537,0.06045087146813183,0.03674207862339187,0.02370879284473995,0.9144521110022016,0.009833115328920426,0.014217144182831858
1790130060000,2026-09-23T02:21:00+00:00,86633.2,14.86421829,46.50278663220524,18.63881520623201,27.863971425973233,0.05367778938352184,0.02151463319631736,0.03216315618720448,1.8641057111551296,0.009179179352976005,0.004967644596208697,74.62862272775965,40.35891469895567,34.269708028803976,0.08614321383460342,0.04658596784945688,0.039557245985146545,1.555575283865856,0.015848453140406595,0.006015337811486169
1790130120000,2026-09-23T02:22:00+00:00,86593.4,9.97896631,54.50525348911469,25.812102862808548,28.693150626306146,0.06294388889813161,0.02980839516961864,0.03313549372851297,1.862810446362247,0.0009723375413084878,-0.008206841811667517,77.8282433757413,47.8527804343128,29.975462941428496,0.08987780058958454,0.05526146384633564,0.034616336743248904,1.3192438881175672,-0.004940909241897641,-0.020789362382304236
1790130180000,2026-09-23T02:23:00+00:00,86590.9,9.66726042,59.95441979022871,32.640566248292586,27.313853541936126,0.06923870728936726,0.03769514608150809,0.03154356120785917,1.729214213781773,-0.0015919325206537951,-0.002564270061962283,77.25782373099355,53.73378909364895,23.5240346373446,0.08922164307218605,0.062054776071907035,0.027166867000279014,0.9877318670550076,-0.007449469742969891,-0.002508560501072253
1790130240000,2026-09-23T02:24:00+00:00,86589.2,11.69280426,63.4048558404902,38.79342416673211,24.61143167375809,0.07322490084270349,0.044801689086782316,0.028423211755921166,1.5248028854628481,-0.003120349451938006,-0.0015284169312842141,72.21139439416584,57.429310153752326,14.78208424041351,0.08339538232731777,0.06632387197681966,0.01707151035049811,0.5547053509725679,-0.010095356649780902,-0.0026458869068110152
1790130300000,2026-09-23T02:25:00+00:00,86592.2,2.94563066,65.62494270790194,44.15972787496607,21.465214832935864,0.0757862055796041,0.0509973506562555,0.024788854923348595,1.3022967463747495,-0.0036343568325725717,-0.0005140073806345624,58.12588543347374,57.56862520969661,0.5572602237771278,0.06712600607615206,0.06648246055614318,0.0006435455200088782,-0.13681329211386953,-0.016427964830489233,-0.00633260818070833
1790130360000,2026-09-23T02:26:00+00:00,86578.2,0.54696179,65.49965529397014,48.42771335876689,17.07194193520325,0.07565375035975584,0.0559352277579886,0.019718522601767246,1.0116463941385652,-0.005070332321581349,-0.001435975489008777,27.626117610314395,51.58012368982018,-23.95400607950578,0.03190886113399724,0.05957634103021335,-0.027667479896216114,-1.3084511493328903,-0.028311025416224992,-0.01188306058573576
1790130420000,2026-09-23T02:27:00+00:00,86580.3,0.32125546,64.82258218854258,51.70668712472203,13.115895063820552,0.07486989787346843,0.05972107641660058,0.015148821456867847,0.7530742211751974,-0.004569701144899399,0.0005006311766819517,7.415460568125127,42.74719106548117,-35.33173049735604,0.008564835843864166,0.04937288397647174,-0.040808048132607584,-1.812049394354887,-0.01314056823639147,0.015170457179833521
1790130480000,2026-09-23T02:28:00+00:00,86580.2,1.38312037,63.54541571348091,54.074432842473804,9.470982871007102,0.07339485900180516,0.062455888115843815,0.010938970885961342,0.516605449040682,-0.0042098505709065055,0.00035985057399289325,-8.838079400185961,32.430136972347746,-41.26821637253371,-0.010207968334776267,0.03745675913470718,-0.04766472746948345,-2.026980768015443,-0.006856679336875865,0.006283888899515606
1790130540000,2026-09-23T02:29:00+00:00,86581.5,1.29910668,61.92432613087294,55.64441150015364,6.279914630719304,0.07152142909382829,0.06426824610355981,0.0072531829902684804,0.30995372052544123,-0.0036857878956928613,0.0005240626752136442,-21.66591750185762,21.610926077506672,-43.2768435793643,-0.0250237262023153,0.024960212144056956,-0.049983938346372256,-2.0514462797921333,-0.0023192108768888067,0.004537468459987058
1790130600000,2026-09-23T02:30:00+00:00,86569.4,0.63499692,58.98330920850276,56.31219104182347,2.6711181666792925,0.06813413193172503,0.06504860960318944,0.003085522328535594,0.08039131615233432,-0.0041676606617328865,-0.0004818727660400243,-34.6636149604019,10.356017869924957,-45.019632830326856,-0.04004141759143751,0.011962677193009258,-0.052004094784446765,-2.0616815600033047,-0.0020201564380745093,0.0002990544388142974
1790130660000,2026-09-23T02:31:00+00:00,86542.3,1.65956248,53.84509584530315,55.81877200251941,-1.9736761572162607,0.062218239918864125,0.06449883121030918,-0.0022805912914450627,-0.21094163449795011,-0.005366113619980657,-0.0011984529582477702,-46.547695704721264,-1.0247248450042878,-45.52297085971698,-0.05378606265920973,-0.0011840739673018717,-0.05260198869190786,-2.0186307508578745,-0.0005978939074610945,0.0014222625306134148
1790130720000,2026-09-23T02:32:00+00:00,86573.3,0.78671822,51.678745251963846,54.990766652408304,-3.3120214004444577,0.05969362985119413,0.06351931444499435,-0.003825684593800233,-0.296681170763766,-0.0015450933023551704,0.0038210203176254863,-47.64493622285954,-10.348767120575339,-37.2961691022842,-0.05503421519436078,-0.011953763019978837,-0.043080452174381945,-1.618017014946653,0.009521536517525915,0.01011943042498701
1790130780000,2026-09-23T02:33:00+00:00,86576,0.48928309,49.60791506913665,53.91419633575398,-4.306281266617326,0.057299846457605635,0.06227383609285943,-0.004973989635253796,-0.36066802283134636,-0.0011483050414535624,0.00039678826090160796,-40.19981199951144,-16.31897609636256,-23.880835903148878,-0.04643297449583192,-0.018849307078592867,-0.027583667417239048,-1.0202498878473325,0.015496784757142897,0.0059752482396169815
1790130840000,2026-09-23T02:34:00+00:00,86564.7,0.04355454,46.518712902325206,52.43509964906823,-5.916386746743022,0.05373866356878174,0.06057330487955047,-0.006834641310768734,-0.46263018825136487,-0.0018606516755149387,-0.0007123466340613763,-38.255628496888676,-20.706306576467785,-17.54932192042089,-0.044193104691506675,-0.02392003504484829,-0.020273069646658384,-0.7353221634031601,0.007310597770580664,-0.008186186986562233
1790130900000,2026-09-23T02:35:00+00:00,86560.4,7.56410195,43.225250088988105,50.59312973705221,-7.367879648064104,0.049936518418339224,0.058448354833217274,-0.008511836414878056,-0.5533740777263152,-0.0016771951041093212,0.0001834565714056175,-35.17052029969636,-23.599149321113504,-11.57137097858286,-0.04063118966605557,-0.027263216576071166,-0.013367973089984404,-0.47324987039176236,0.006905096556673981,-0.0004055012139066831
1790130960000,2026-09-23T02:36:00+00:00,86531.3,1.56123312,37.83093876698695,48.04069154303916,-10.209752776052213,0.043719369484784054,0.05551828245159746,-0.011798912966813409,-0.7276026132159736,-0.003287076551935353,-0.001609881447826032,-32.707025042080204,-25.420724465306847,-7.286300576773357,-0.03779791248031661,-0.029377490532682217,-0.00842042194763439,-0.2873844031722414,0.004947551142350013,-0.001957545414323969
1790131020000,2026-09-23T02:37:00+00:00,86531.1,0.56111299,33.15755025240651,45.064063284912635,-11.906513032506126,0.03831865104269622,0.05207845882568537,-0.013759807782989152,-0.829368739327849,-0.001960894816175743,0.0013261817357596104,-34.448650979364174,-27.226309768118316,-7.222341211245858,-0.03981071658555614,-0.03146419006359368,-0.00834652652196246,-0.2837696295054413,7.38954256719309e-05,-0.0048736557166780825
1790131080000,2026-09-23T02:38:00+00:00,86538,2.5896991,29.668627054343233,41.984976038798756,-12.316348984455523,0.03428392966597706,0.048516231064733135,-0.014232301398756066,-0.8512286967653919,-0.00047249361576691407,0.0014884012004088287,-35.55677784213913,-28.89240338292248,-6.664374459216646,-0.0410880513094122,-0.033386955306249834,-0.007701096003162363,-0.2592960628276551,0.0006454305188000964,0.0005715350931281647
1790131140000,2026-09-23T02:39:00+00:00,86538.8,0.16808624,26.66085387005296,38.9201516050496,-12.259297734996636,0.030807977311972157,0.044974221511102065,-0.01416624419912991,-0.84275625413449,6.605719962615546e-05,0.0005385508153930695,-33.97303931192437,-29.90853056872286,-4.0645087432015075,-0.03925758077524112,-0.034560833485931,-0.004696747289310122,-0.1462759378230252,0.0030043487138522408,0.0023589181950521444
1790131200000,2026-09-23T02:40:00+00:00,86519,0.35206638,22.421021843954804,35.62032565283064,-13.199303808875833,0.02591456425057479,0.0411705239922221,-0.015255959741647306,-0.8907730222484523,-0.0010897155425173954,-0.0011557727421435508,-34.67212691006716,-30.86124983699172,-3.810877073075442,-0.04007458120189457,-0.03566991046705547,-0.004404670734839101,-0.13013599618735439,0.0002920765544710208,-0.00271227215938122
1790131260000,2026-09-23T02:41:00+00:00,86529.4,1.28838815,19.673335534665966,32.430927629197704,-12.757592094531738,0.022736012886563375,0.03747966313091008,-0.014743650244346707,-0.8531358459652405,0.000512309497300599,0.0016020250398179944,-28.366601502231788,-30.362320170039737,1.9957186678079495,-0.032782616662350356,-0.03508902196252342,0.0023064053001730623,0.12215453275158689,0.006711076035012163,0.006418999480541143
1790131320000,2026-09-23T02:42:00+00:00,86500.9,0.50414306,15.022888021310791,28.949319707620326,-13.926431686309535,0.01736731990223315,0.03346707341498219,-0.01609975351274904,-0.9090758131566132,-0.0013561032684023325,-0.0018684127657029315,-27.943564769564546,-29.8785690899447,1.9350043203801555,-0.032304363040805986,-0.034541338980224136,0.0022369759394181513,0.13262212640257182,-6.942936075491095e-05,-0.0067805053957670745
1790131380000,2026-09-23T02:43:00+00:00,86493.3,0.23089686,10.60190620290814,25.27983700667789,-14.677930803769751,0.012257488386855558,0.029227508959281112,-0.01697002057242555,-0.9365463055518933,-0.0008702670596765112,0.00048583620872582126,-31.138694796449272,-30.130594231245617,-1.0081005652036552,-0.03600127963258341,-0.03483575517554032,-0.0011655244570430948,0.02529220696177446,-0.003402500396461246,-0.003333071035706335
1790131440000,2026-09-23T02:44:00+00:00,86482.3,2.55783053,6.1398616876103915,21.451841942864394,-15.311980255254003,0.00709955873931474,0.024804892958286716,-0.017705334218971976,-0.9563779549650107,-0.0007353136465464254,0.00013495341313008585,-32.8199084095686,-30.668457066910214,-2.1514513426583832,-0.037949856108785956,-0.03546212007186466,-0.002487736036921293,-0.006191134432731852,-0.001322211579878198,0.002080288816583048
1790131500000,2026-09-23T02:45:00+00:00,86516.6,0.82513232,5.310170267490321,18.22350760778958,-12.913337340299258,0.0061377472849029205,0.021063596590468855,-0.014925849305565935,-0.7935583987278303,0.0027794849134060405,0.003514798559952466,-24.651401600363897,-29.46504597360095,4.813644373237054,-0.028493262102722364,-0.03405710115006941,0.005563839047347045,0.3246464230681595,0.008051575084268337,0.009373786664146535
1790131560000,2026-09-23T02:46:00+00:00,86509.5,0.46666249,4.033230604807613,15.385452207193186,-11.352221602385573,0.004662182309234955,0.017784696717924837,-0.013122514408689882,-0.6834445770463813,0.0018033348968760528,-0.0009761500165299877,-20.890874594872002,-27.750211697855164,6.859337102983162,-0.024148647946031363,-0.03207764661436625,0.007928998668334878,0.43486304374051715,0.0023651596209878336,-0.0056864154632805045
1790131620000,2026-09-23T02:47:00+00:00,86473.2,4.01932619,0.09109006448125001,12.3265797786508,-12.23548971416955,0.00010533906977103891,0.014254797762371233,-0.014149458692600194,-0.7217760200795601,-0.001026944283910312,-0.002830279180786365,-19.02959703108354,-26.00608876450084,6.976491733417301,-0.022006352293061367,-0.030074160276826627,0.008067807983765262,0.45061709058498695,0.00013880931543038336,-0.00222635030555745
1790131680000,2026-09-23T02:48:00+00:00,86490.3,0.94388034,-1.6344170832453528,9.53438040627157,-11.168797489516923,-0.001889711428039159,0.011023641271069206,-0.012913352699108366,-0.6409524348582617,0.0012361059934918282,0.0022630502774021403,-14.934526608965825,-23.79177633339384,8.857249724428016,-0.017267285012268225,-0.027508028453357012,0.010240743441088787,0.5383690959657493,0.0021729354573235254,0.002034126141893142
1790131740000,2026-09-23T02:49:00+00:00,86481.5,0.45368821,-3.669678613980068,6.893568602221242,-10.56324721620131,-0.004243310550788398,0.007971148282836493,-0.01221445883362489,-0.5899150235914764,0.0006988938654834756,-0.0005372121280083526,-10.849391359603032,-21.20329933863568,10.353907979032648,-0.012545332076343533,-0.02451772846057906,0.011972396384235529,0.6003140359302479,0.0017316529431467415,-0.0004412825141767839
1790131800000,2026-09-23T02:50:00+00:00,86462,0.18800619,-6.77799259260064,4.159256363256866,-10.937248955857505,-0.007839273429484213,0.004810502143435112,-0.012649775572919323,-0.6015367227069538,-0.0004353167392944328,-0.0011342106047779084,-14.845944752756623,-19.93182842145987,5.0858836687032465,-0.017170485013944418,-0.023052703408965636,0.0058822183950212195,0.34436581229775926,-0.006090177989214309,-0.007821830932361051
1790131860000,2026-09-23T02:51:00+00:00,86468.8,0.32052409,-8.593589099007659,1.6086872708039617,-10.20227636981162,-0.009938369792350141,0.0018604251138028532,-0.011798794906152994,-0.5442087773718437,0.0008509806667663291,0.0012862974060607619,-15.327621117714443,-19.010986960710785,3.6833658429963414,-0.017726186922582994,-0.021985949800055953,0.004259762877472963,0.26767808735928283,-0.001622455517548257,0.004467722471666052
1790131920000,2026-09-23T02:52:00+00:00,86504.6,1.28658985,-7.062291899215779,-0.1255085631999866,-6.936783336015793,-0.008164065147074004,-0.00014508888914576402,-0.00801897625792824,-0.3315800260300843,0.003779818648224754,0.002928837981458425,-5.366796376678394,-16.282148843904306,10.915352467225912,-0.006204058947938484,-0.018822292506877444,0.012618233558938959,0.5911352050688424,0.008358470681465996,0.009980926199014254
1790131980000,2026-09-23T02:53:00+00:00,86486.1,0.84934438,-7.257859142671805,-1.5519786790943504,-5.705880463577454,-0.008391937135183348,-0.001794483366800388,-0.006597453768382958,-0.24381273932125347,0.0014215224895452825,-0.0023582961586794716,-1.7915998259850312,-13.384039040320452,11.592439214335421,-0.0020715465560188643,-0.015475364295904718,0.013403817739885854,0.6094004369652699,0.0007855841809468952,-0.007572886500519101
1790132040000,2026-09-23T02:54:00+00:00,86470.5,1.24899667,-8.572815140913008,-2.9561459714580822,-5.616669169454926,-0.009914150075358657,-0.003418675700334891,-0.006495474375023766,-0.2276794300730352,0.00010197939335919188,-0.0013195430961860906,-1.770672615894,-11.061365755435162,9.290693139541162,-0.0020477187201346126,-0.012792068688668579,0.010744349968533965,0.49220915582957636,-0.002659467771351889,-0.0034450519522987843
1790132100000,2026-09-23T02:55:00+00:00,86469.2,1.29500793,-9.609059126523789,-4.286728602471223,-5.322330524052566,-0.011112695765109183,-0.004957520831083465,-0.006155174934025717,-0.19983299201447707,0.0003402994409980485,0.0002383200476388566,0.71661420246528,-8.705769763855074,9.422383966320353,0.0008287508181702617,-0.010068058642678634,0.010896809460848896,0.49515510418745157,0.00015245949231493076,0.00281192726366682
1790132160000,2026-09-23T02:56:00+00:00,86487.1,0.21543472,-8.88350601978891,-5.206084085934761,-3.6774219338541494,-0.010271480972062782,-0.006019492023590525,-0.004251988948472257,-0.09033811156403365,0.00190318598555346,0.0015628865445554115,4.008743599159061,-6.162867091252247,10.171610690411308,0.004635076906450859,-0.007125764525868304,0.011760841432319162,0.5210843830512534,0.0008640319714702666,0.0007115724791553358
1790132220000,2026-09-23T02:57:00+00:00,86512,1.06018969,-6.22749140887754,-5.410365550523317,-0.8171258583542231,-0.007198413409558836,-0.006253890270162888,-0.0009445231393959487,0.09080787340727169,0.0033074658090763084,0.0014042798235228485,7.701907729337108,-3.3899121271343766,11.091819856471485,0.008902704514214339,-0.0039184299601608755,0.012821134474375212,0.5510738424922761,0.00106029304205605,0.0001962610705857834
1790132280000,2026-09-23T02:58:00+00:00,86541.3,4.40608578,-1.7382777802849887,-4.675947996475651,2.9376702161906625,-0.0020086106636773293,-0.005403140461809161,0.0033945297981318313,0.3235176252113785,0.00433905293752778,0.0010315871284514713,17.63926529310993,0.8159233569144844,16.823341936195444,0.020382482459946786,0.0009428138436959976,0.019439668616250787,0.8033603655983057,0.006618534141875574,0.005558241099819524
1790132340000,2026-09-23T02:59:00+00:00,86554.4,0.57246148,2.8437360629759496,-3.172011184585331,6.015747247561281,0.0032854898918783446,-0.003664760179246036,0.006950250071124381,0.5115859053672942,0.00355572027299255,-0.00078333266453523,27.29173329556943,6.111085344645473,21.180647950923955,0.0315313066644439,0.007060398252018932,0.024470908412424965,0.9894540292420241,0.0050312397961741785,-0.0015872943457013958
1790132400000,2026-09-23T03:00:00+00:00,86546.4,1.55063383,5.763049061963102,-1.3849991352756443,7.148048197238746,0.006658912516249205,-0.0016002966446618744,0.00825920916091108,0.5756400060987069,0.0013089590897866982,-0.002246761183205852,34.76427394369966,11.841723064456312,22.922550879243353,0.04016836511247107,0.013682513731889844,0.02648585138058123,1.0507718525796923,0.0020149429681562657,-0.003016296828017913
1790132460000,2026-09-23T03:01:00+00:00,86510.8,0.28455545,5.144698288379004,-0.07905965054471453,5.223757938923718,0.005946885577730184,-9.138702976358389e-05,0.006038272607493767,0.45038606073529186,-0.0022209365534173126,-0.00352989564320401,31.377640275502927,15.748906506665637,15.62873376883729,0.036270200108544745,0.018204555392697372,0.018065644715847373,0.6917040028718388,-0.008420206664733858,-0.010435149632890123
1790132520000,2026-09-23T03:02:00+00:00,86486.2,0.27128925,2.6392132288892753,0.46459492534208346,2.174618303547192,0.003051600404329564,0.000537189661867539,0.0025144107424620254,0.2566556537378515,-0.0035238618650317416,-0.0013029253116144286,19.102897198987193,16.41970464512995,2.6831925538572428,0.02208779805215999,0.018985346384891407,0.0031024516672685846,0.07232285295726897,-0.014963193048578788,-0.006542986383844929
1790132580000,2026-09-23T03:03:00+00:00,86465.7,0.53735435,-0.9891777804732556,0.17384038417901568,-1.1630181646522713,-0.0011440117647497857,0.00020105126562210875,-0.0013450630303718945,0.044779851204679255,-0.0038594737728339197,-0.00033561190780217846,1.4237919715233147,13.420522110408625,-11.99673013888531,0.0016466552303668561,0.01552120911576339,-0.013874553885396533,-0.6224051410372761,-0.01697700555266512,-0.0020138125040863285
1790132640000,2026-09-23T03:04:00+00:00,86462.8,0.12234205,-4.05200061936921,-0.6713278165306295,-3.38067280283858,-0.00468640920646707,-0.0007764354341180594,-0.00390997377234901,-0.09747294491544665,-0.0025649107419771153,0.0012945630308568044,-13.096006049658172,8.117216478395266,-21.213222528053436,-0.01514640521664597,0.009388102719776904,-0.02453450793642287,-1.051811525086092,-0.010659954051026337,0.0063170515016387815
1790132700000,2026-09-23T03:05:00+00:00,86463.8,1.25682393,-6.325699417706346,-1.8022021367657728,-4.523497280940573,-0.007316009032342259,-0.002084342969850704,-0.005231666062491555,-0.17458376050030983,-0.0013216922901425447,0.0012432184518345708,-24.870252293607336,1.5197227239947448,-26.389975017602083,-0.028763774312032708,0.0017576404506796427,-0.030521414762712352,-1.2822380392170327,-0.0059869068262894815,0.0046730472247368555
1790132760000,2026-09-23T03:06:00+00:00,86444.9,1.21827541,-9.542691930153524,-3.3503000954433233,-6.1923918347102,-0.011039045600322893,-0.0038756480665063215,-0.007163397533816571,-0.2843927144844528,-0.0019317314713250162,-0.0006100391811824715,-33.19286399707198,-5.422794620218601,-27.77006937685338,-0.038397712296586596,-0.006273122671457311,-0.032124589625129284,-1.33227191915569,-0.0016031748624169319,0.00438373196387255
1790132820000,2026-09-23T03:07:00+00:00,86442.3,0.1716515,-12.16178644070169,-5.112597364494997,-7.049189076206693,-0.014069253641679698,-0.005914462438522571,-0.008154791203157126,-0.3442973336878412,-0.0009913936693405553,0.0009403378019844609,-36.520917451387504,-11.642419186452383,-24.87849826493512,-0.04224889602820321,-0.013468428288525852,-0.028780467739677355,-1.1890145904195109,0.003344121885451929,0.004947296747868864
1790132880000,2026-09-23T03:08:00+00:00,86462.8,0.32648519,-12.439860072161537,-6.578049906028305,-5.861810166133232,-0.014387528592830138,-0.0076079538322010205,-0.006779574760629117,-0.2757014495120189,0.0013752164425280093,0.0023666101118685647,-31.155478790795314,-15.54503110732097,-15.610447683474344,-0.036033390996816336,-0.017978866179814867,-0.018054524817001465,-0.7551108441569159,0.01072594292267589,0.007381821037223964
1790132940000,2026-09-23T03:09:00+00:00,86482,0.58656678,-10.984335309665767,-7.459306986755797,-3.5250283229099697,-0.012701296581561211,-0.008625271139376745,-0.004076025442184466,-0.13474845765441046,0.0027035493184446513,0.001328332875916641,-20.999018543414422,-16.63582859453966,-4.363189948874762,-0.024281374787140007,-0.019236174688998475,-0.0050452000981415345,-0.23462005589143475,0.01300932471885993,0.00228338179618404
1790133000000,2026-09-23T03:10:00+00:00,86498.6,0.27481105,-8.394572771387175,-7.646360143682073,-0.7482126277051018,-0.00970486547919524,-0.008839865782431244,-0.0008649996967639959,0.03319802188268519,0.00321102574542047,0.000507476426975819,-7.5767318134894595,-14.824009238329621,7.247277424840162,-0.00875936930018458,-0.017137860310258917,0.008378491010074337,0.3001768808894402,0.013423691108215872,0.0004143663893559392
1790133060000,2026-09-23T03:11:00+00:00,86482.4,0.36835533,-7.562199583058828,-7.629528031557425,0.0673284484985972,-0.008744206431665666,-0.008822058628758482,7.785219709281566e-05,0.07598838314192113,0.0009428518938568116,-0.002268173851563658,5.202287496984354,-10.818749891266828,16.02103738825118,0.006015429147415375,-0.012509770648440409,0.018525199795855783,0.6983037409752022,0.010146708785781446,-0.003276982322434426
1790133120000,2026-09-23T03:12:00+00:00,86472.1,0.0929666,-7.645528856199235,-7.632728196485788,-0.012800659713446905,-0.008841613487123864,-0.008826810261906196,-1.4803225217667783e-05,0.061574556036344125,-9.265542231048344e-05,-0.001035507316167295,14.567020147675066,-5.741595883478449,20.308616031153516,0.016845919259131054,-0.006639824733617489,0.023485743992748543,0.8857055951360446,0.00496054419689276,-0.005186164588888686
1790133180000,2026-09-23T03:13:00+00:00,86521.5,0.50014715,-3.6829460490553174,-6.842771766999695,3.1598257179443774,-0.004256683077680481,-0.007908753046352288,0.003652069968671807,0.2555698327274556,0.0036668731938894745,0.003759528616199958,25.014978547536884,0.4097190027246187,24.605259544812267,0.028911864158084274,0.0004735458848085374,0.028438318273275736,1.0709909487371088,0.004952574280527193,-7.969916365566793e-06
1790133240000,2026-09-23T03:14:00+00:00,86544,0.59779137,1.258484310368658,-5.222520551526025,6.481004861894683,0.0014541554704758943,-0.006034526427627595,0.007488681898103489,0.45790045722464695,0.003836611929431682,0.0001697387355422074,32.276313720678445,6.7830379463153845,25.49327577436306,0.03729468677283052,0.007837675571172334,0.029457011201658185,1.099073196911147,0.001018692928382449,-0.003933881352144744
1790133300000,2026-09-23T03:15:00+00:00,86526.4,0.82609648,3.711645027200575,-3.4356874357807055,7.14733246298128,0.004289609907728248,-0.0039706811282807395,0.008260291036008989,0.48732843149506827,0.0007716091379054999,-0.003065002791526182,30.765094113070518,11.579449179666412,19.185644933404106,0.03555573109833591,0.013382562061597863,0.022173169036738043,0.7994001129889083,-0.007283842164920142,-0.008302535093302591
1790133360000,2026-09-23T03:16:00+00:00,86534,0.59687218,6.197606899047969,-1.5090285688149705,7.70663546786294,0.00716204832672472,-0.0017438562516640518,0.008905904578388772,0.5085723377254929,0.0006456135423797832,-0.0001259955955257167,32.3455904989969,15.73267744353251,16.61291305546439,0.03737905389673065,0.018180920151076467,0.01919813374565418,0.6691703851928934,-0.0029750352910838627,0.0043088068738362795
1790133420000,2026-09-23T03:17:00+00:00,86543.9,0.76321342,8.86441341516911,0.5656598279818457,8.298753587187266,0.01024267847320159,0.0006536102810040287,0.009589068192197563,0.5317599003436096,0.0006831636138087908,3.7550071429007584e-05,36.23007524010609,19.832157002847225,16.397918237258864,0.04186323385022641,0.022915719077655647,0.01894751477257076,0.6441640288519926,-0.00025061897308342046,0.0027244163180004423
1790133480000,2026-09-23T03:18:00+00:00,86563.8,0.50811712,12.440237170943874,2.9405752965742518,9.499661874369622,0.014371177294601061,0.003397003477867482,0.010974173816733579,0.595844708078402,0.001385105624536016,0.0007019420107272252,32.94093849607452,22.453913301492687,10.487025194581836,0.038053942290050255,0.02593914927659447,0.012114793013455782,0.36083222367349505,-0.006832721759114977,-0.006582102786031555
1790133540000,2026-09-23T03:19:00+00:00,86583.8,0.70114522,16.69548100043903,5.691556437347208,11.003924563091823,0.019282453531075133,0.006573465749190042,0.01270898778188509,0.6812795096515167,0.0017348139651515108,0.0003497083406154948,28.65240186190931,23.693611013576014,4.958790848333297,0.03309210483012909,0.02736494703810183,0.005727157792027258,0.0928012825898309,-0.006387635221428524,0.0004450865376864517
1790133600000,2026-09-23T03:20:00+00:00,86630.9,2.13278598,23.59636455915461,9.272518061708688,14.32384649744592,0.02723781532819653,0.010703476544407006,0.016534338783789525,0.890965538448374,0.003825351001904436,0.0020905370367529253,35.54768054612214,26.06442492008524,9.483255626036897,0.04103348868143138,0.03008675301778608,0.010946735663645301,0.29117079268450374,0.005219577871618043,0.011607213093046567
1790133660000,2026-09-23T03:21:00+00:00,86674.2,3.17608357,32.18826632670243,13.855667714707437,18.332598611994996,0.03713707923084659,0.015985919356287612,0.021151159874558977,1.1530120578209264,0.004616821090769451,0.000791470088865015,46.98132987937424,30.24780591194304,16.733523967431204,0.05420451516065247,0.03489828104781243,0.01930623411284004,0.6147338646323994,0.00835949844919474,0.0031399205775766974
1790133720000,2026-09-23T03:22:00+00:00,86678.7,1.21089761,38.91196980465611,18.866928132697172,20.045041671958938,0.044892193589262545,0.02176651026457154,0.023125683324691,1.2619938316716912,0.0019745234501320243,-0.002642297640637427,55.23582630994497,35.245409991543426,19.990416318401543,0.06372479779916516,0.040662134978424254,0.023062662820740903,0.7525575260290402,0.003756428707900862,-0.004603069741293878
1790133780000,2026-09-23T03:23:00+00:00,86760.1,5.68192423,50.229834697034676,25.139509445564677,25.09032525147,0.05789508621709135,0.028975888047114602,0.028919198169976748,1.6065251547195285,0.005793514845285747,0.003818991395153723,69.2826730710949,42.052862607453726,27.22981046364118,0.07985545552747737,0.04847027908849082,0.031385176438986556,1.0671396279754741,0.008322513618245653,0.004566084910344791
1790133840000,2026-09-23T03:24:00+00:00,86743.5,7.708937,57.20047146802244,31.551701850056233,25.64876961796621,0.06594208380803454,0.03637356326417107,0.02956852054386347,1.632091145926731,0.000649322373886721,-0.005144192471399026,72.08253679485642,48.05879744493427,24.023739349922153,0.08309848783465784,0.05540334139726236,0.027695146437395485,0.9026458949831199,-0.0036900300015910714,-0.012012543619836724
1790133900000,2026-09-23T03:25:00+00:00,86689,2.64984159,57.662361001217505,36.77383368028849,20.888527320929015,0.06651635271051402,0.04242041513950846,0.024095937571005567,1.2704983431462997,-0.005472582972857902,-0.006121905346744623,59.89972305367701,50.426982566682824,9.472740486994184,0.06909725922974888,0.05816998992569164,0.010927269304057243,0.22832818294705165,-0.016767877133338244,-0.013077847131747172
1790133960000,2026-09-23T03:26:00+00:00,86682.7,1.00050311,56.86455523945915,40.791977992122625,16.072577247336525,0.06560081220296456,0.0470589610062015,0.018541851196763052,0.8950224881983204,-0.005554086374242515,-8.150340138461318e-05,42.425441939616576,48.826674441269574,-6.4012325016529985,0.04894337848223068,0.05632804981994051,-0.0073846713377098295,-0.4930083447894094,-0.018311940641767072,-0.001544063508428832
1790134020000,2026-09-23T03:27:00+00:00,86662.6,1.30477051,53.98804582224693,43.43119155814749,10.556854264099442,0.062296822184248944,0.05011526489875389,0.01218155728549506,0.4569243639251486,-0.006360293911267991,-0.0008062075370254759,21.564675346657168,43.374274622347095,-21.809599275689926,0.024883485317377007,0.050049588429549874,-0.025166103112172867,-1.1815575057400198,-0.017781431774463036,0.0005305088673040349
1790134080000,2026-09-23T03:28:00+00:00,86642.6,0.74802567,49.523680372032686,44.64968932092453,4.873991051108156,0.057158580619732884,0.05153318266179053,0.005625397957942347,-0.004962618806457091,-0.006556159327552714,-0.0001958654162847219,-11.911591076277546,32.31710148262217,-44.228692558899716,-0.013747961252637322,0.037299320983698744,-0.05104728223633607,-2.1466790625578387,-0.0258811791241632,-0.008099747349700164
1790134140000,2026-09-23T03:29:00+00:00,86694.7,1.15071551,49.617711083439644,45.64329367342755,3.9744174100120944,0.05723269252150321,0.05264830915087953,0.004584383370623688,-0.09288625224555501,-0.0010410145873186588,0.005515144740234055,-28.9808984893898,20.057501488219778,-49.03839997760958,-0.033428685362991976,0.02313578741055656,-0.056564472773548535,-2.2826001408429692,-0.005517190537212467,0.020363988586950734
1790134200000,2026-09-23T03:30:00+00:00,86703.9,0.8332311,49.85984100168571,46.486603139079186,3.3732378626065227,0.0575058803602672,0.05361535425635893,0.00389052610390827,-0.15221271779262616,-0.000693857266715418,0.00034715732060324085,-32.97216898696206,9.45156739318341,-42.42373638014547,-0.03802847275262366,0.010900971459396187,-0.04892944421201985,-1.9418280541035802,0.007635028561528687,0.013152219098741154
1790134260000,2026-09-23T03:31:00+00:00,86685.5,1.68061376,48.01353434500925,46.7919893802652,1.221544964744048,0.055388195655570134,0.0539790269194562,0.0014091687361139382,-0.33375070484063785,-0.002481357367794332,-0.0017875001010789144,-37.635162465274334,0.03422142149186147,-37.6693838867662,-0.043415752882863146,3.947767676469706e-05,-0.04345523055962785,-1.696098340977712,0.005474213652392,-0.0021608149091366866
1790134320000,2026-09-23T03:32:00+00:00,86693.3,9.7627405,46.64205722830957,46.76200294987407,-0.11994572156450545,0.05380122481011747,0.05393958120163159,-0.00013835639151411406,-0.448513889304223,-0.0015475251276280523,0.0009338322401662796,-34.16103869510698,-6.804830601827907,-27.356208093279072,-0.03940447381182511,-0.007849315462472771,-0.03155515834935234,-1.2176574057678622,0.01190007221027551,0.00642585855788351
1790134380000,2026-09-23T03:33:00+00:00,86693.2,6.24198865,45.02802749608236,46.41520785911573,-1.387180363033373,0.051939514859391925,0.05353961770832746,-0.0016001028489355256,-0.5546199926100496,-0.0014617464574214114,8.577867020664073e-05,-25.142724759003613,-10.47240943326305,-14.670315325740564,-0.029001957199646124,-0.012079851053211842,-0.01692210614643428,-0.6389517466623629,0.014633052202918058,0.002732979992642548
1790134440000,2026-09-23T03:34:00+00:00,86703.3,2.27822132,44.05603237831383,45.94337276295535,-1.8873403846415187,0.05081240550049863,0.05298918583601241,-0.002176780335513779,-0.5963224920044605,-0.0005766774865782536,0.0008850689708431578,-23.501108714932343,-13.078149289596908,-10.422959425335435,-0.02710520673945783,-0.015083796452495935,-0.012021410286961897,-0.4368977707409253,0.004900695859472384,-0.009732356343445672
1790134500000,2026-09-23T03:35:00+00:00,86703.2,1.60632411,42.78445748685044,45.31158970773437,-2.527132220883928,0.04934588052903519,0.05226057366710153,-0.002914693138066332,-0.6438102189789084,-0.0007379128025525529,-0.00016123531597429927,-17.531168979941867,-13.968753227665902,-3.5624157522759656,-0.020219748498258274,-0.016111000779286004,-0.004108747718972271,-0.12085887073598311,0.007912662567989625,0.0030119667085172427
1790134560000,2026-09-23T03:36:00+00:00,86720.6,4.4096752,42.68867137545021,44.78700604127754,-2.0983346658273305,0.04922552585596757,0.05164517547304509,-0.002419649617077523,-0.5997111453353533,0.0004950435209888091,0.001232956323541362,-7.636416549619753,-12.702285892056672,5.065869342436919,-0.008805769966558987,-0.0146473685514822,0.005841598584923211,0.27545028185814147,0.009950346303895482,0.0020376837359058573
1790134620000,2026-09-23T03:37:00+00:00,86781.3,7.98480701,46.96930993346905,45.22346681971585,1.745843113753196,0.05412376852325218,0.05211199511843663,0.002011773404815549,-0.27822803565169857,0.004431423021893072,0.003936379500904263,5.311169161301223,-9.099594881385094,14.410764042686317,0.0061201769981565415,-0.010485663249323407,0.01660584024747995,0.708310762983424,0.01076424166255674,0.0008138953586612563
1790134680000,2026-09-23T03:38:00+00:00,86752,2.82603412,47.450501852916204,45.66887382635593,1.781628026560277,0.05469672382529072,0.05264302128637487,0.0020537025389158487,-0.2635518997315463,4.1929134100299886e-05,-0.004389493887792772,10.219834101080778,-5.23570908489192,15.455543185972697,0.01178051699220857,-0.006035260380039561,0.01781577737224813,0.773474637520258,0.0012099371247681796,-0.00955430453778856
1790134740000,2026-09-23T03:39:00+00:00,86834.9,4.22332694,53.89986302224861,47.31507166553447,6.584791356714142,0.06207165900144828,0.05448854281577393,0.007583116185674357,0.14475719247908328,0.005529413646758508,0.005487484512658208,24.013006528519327,0.6140340377903293,23.398972490728998,0.027653635264760286,0.0007071281682714315,0.026946507096488853,1.163890939713438,0.009130729724240724,0.007920792599472544
1790134800000,2026-09-23T03:40:00+00:00,86942.7,17.87629282,66.93796806348837,51.23965094512525,15.698317118363121,0.07699090097672187,0.05893496629978739,0.018055934676934487,0.920366445547467,0.01047281849126013,0.004943404844501622,49.814916475632344,10.454210525358734,39.36070595027361,0.05729626118769298,0.012024253359233995,0.04527200782845899,1.9154806845335541,0.01832550073197014,0.009194771007729415
1790134860000,2026-09-23T03:41:00+00:00,86864.3,9.74598921,70.13605072471546,55.01893090104329,15.11711982367217,0.08074208935628958,0.06333894465395254,0.01740314470233706,0.8953030518001961,-0.0006527899745974279,-0.011125608465857558,57.44587251423218,19.852542923133424,37.59332959109875,0.06613289062852308,0.022854662874314792,0.04327822775420829,1.8214733032743173,-0.0019937800742507034,-0.020319280806220842
1790134920000,2026-09-23T03:42:00+00:00,86903.3,2.58707356,74.95351092111378,59.00584690505739,15.947664016056386,0.0862493264595404,0.0678982810837533,0.018351045375787092,0.985953863530025,0.0009479006734500334,0.0016006906480474613,60.03997342751245,27.89002902400923,32.14994440350322,0.06908825490805579,0.03209317600598508,0.03699507890207071,1.5514573946586319,-0.006283148852137578,-0.004289368777886875
1790134980000,2026-09-23T03:43:00+00:00,86854.3,10.87695258,73.96487134936615,61.99765179391915,11.967219555447002,0.08515971155068447,0.07138121174647559,0.01377849980420889,0.6591986387963004,-0.004572545571578202,-0.005520446245028236,55.83318669657456,33.4786605585223,22.354526138052258,0.06428373344391072,0.038545772124721864,0.025737961319188866,1.0849083814910598,-0.011257117582881844,-0.004973968730744266
1790135040000,2026-09-23T03:44:00+00:00,86893.2,8.78703494,75.450525572669,64.68822654966911,10.762299022999883,0.08683133498670667,0.07444567187037548,0.012385663116331177,0.5690510349689946,-0.0013928366878777129,0.0031797088837004894,45.173360207132646,35.81760048824437,9.355759718888272,0.05198722133277707,0.04122025715273966,0.010766964180037416,0.4779025455090625,-0.01497099713915145,-0.003713879556269603
1790135100000,2026-09-23T03:45:00+00:00,86815.2,5.31844897,69.5324424077553,65.65706972128635,3.8753726864689497,0.0800924750593851,0.07562854168542646,0.00446393337395865,-0.021502186472949807,-0.007921729742372527,-0.006528893054494816,5.656705718749436,29.785421534345385,-24.12871581559595,0.006515801056438775,0.034308993741125275,-0.027793192684686496,-1.061957037349476,-0.038560156864723916,-0.02358915972557246
1790135160000,2026-09-23T03:46:00+00:00,86766.9,2.14924669,60.25038360439066,64.57573249790721,-4.325348893516548,0.06943936409436163,0.07442438590972734,-0.004985021815365707,-0.7336932098940067,-0.009448955189324357,-0.0015272254469518316,-23.107701139335404,19.20679699960923,-42.314498138944636,-0.02663193123107476,0.022136087608995172,-0.048768018840069934,-1.8801964214070916,-0.020974826155383437,0.017585330709340475
1790135220000,2026-09-23T03:47:00+00:00,86804.2,3.8658956,55.26699982848368,62.713985964022505,-7.446986135538829,0.06366857805092804,0.07224764004970094,-0.008579061998772904,-0.9923221416074142,-0.0035940401834071963,0.005854915005917161,-47.27174980432028,5.91108763882333,-53.18283744314361,-0.05445790618924001,0.006809679299876424,-0.061267585489116434,-2.3440093733136838,-0.0124995666490465,0.008475259506336937
1790135280000,2026-09-23T03:48:00+00:00,86771.2,3.92597125,48.10033732793818,59.791256236805644,-11.690918908867467,0.05543352786170778,0.06890679884201861,-0.013473270980310825,-1.3410780915351421,-0.004894208981537921,-0.0013001687981307247,-64.38293608253298,-8.147717105447931,-56.23521897708505,-0.07419850835592107,-0.009389886397154738,-0.06480862195876633,-2.4128044104225768,-0.0035410364696498928,0.008958530179396608
1790135340000,2026-09-23T03:49:00+00:00,86750.1,0.99928565,40.25408793489623,55.88382257642377,-15.629734641527534,0.046402353351634444,0.06441931776035274,-0.0180169644087183,-1.64869379717572,-0.004543693428407474,0.00035051555313044686,-83.43377506310935,-23.204928696980215,-60.22884636612913,-0.09617715145355377,-0.02674916651044807,-0.06942798494310569,-2.5025235914083326,-0.004619362984339362,-0.001078326514689469
1790135400000,2026-09-23T03:50:00+00:00,86734.8,3.07442592,32.42749267898034,51.192556596935084,-18.76506391795474,0.037386945815267164,0.059021934214335055,-0.021634988399067898,-1.8688153166503432,-0.003618023990349599,0.0009256694380578752,-91.29544349445496,-36.823031656475166,-54.47241183797979,-0.10525814724246203,-0.0424547374946102,-0.06280340974785183,-2.198914242170628,0.006624575195253862,0.011243938179593224
1790135460000,2026-09-23T03:51:00+00:00,86734.9,1.75667172,25.93397796076897,46.14084086970186,-20.20686290893289,0.029900280003515276,0.05319754893324586,-0.023297268929730584,-1.933479208262606,-0.001662280530662686,0.001955743459686913,-83.54722994641634,-46.1678713144634,-37.37935863195294,-0.09632481267219578,-0.053228713371968384,-0.04309609930022741,-1.458999252680346,0.019707310447624415,0.013082735252370553
1790135520000,2026-09-23T03:52:00+00:00,86727.3,0.47889935,19.944654714752687,40.90160363871203,-20.956948923959345,0.02299697409553011,0.04716116336921826,-0.02416418927368815,-1.9371225950482052,-0.0008669203439575675,0.0007953601867051185,-74.71547027265478,-51.877391106101676,-22.838079166553108,-0.0861498862211262,-0.059816679530092225,-0.02633320669103397,-0.8409232713245185,0.01676289260919344,-0.002944417838430975
1790135580000,2026-09-23T03:53:00+00:00,86720.4,1.10486947,14.474448129243683,35.61617253681836,-21.141724407574678,0.016690937921462173,0.04107012022179137,-0.024379182300329198,-1.8953053885103635,-0.00021499302664104714,0.0006519273173165203,-67.1975335450843,-54.9414195938982,-12.256113951186094,-0.07748757333347667,-0.06335466579247583,-0.014132907541000843,-0.39783625232174047,0.012200299150033128,-0.004562593459160311
1790135640000,2026-09-23T03:54:00+00:00,86719.7,1.36140153,9.967882307202672,30.486514490895225,-20.518632183692553,0.01149436899251574,0.03515523518980719,-0.02366086619729145,-1.7934165731810745,0.0007183161030377486,0.0009333091296787957,-53.45729783493152,-54.64459524210487,1.1872974071733466,-0.06164377625260641,-0.06301289700276277,0.001369120750156362,0.1595141471731411,0.015502028291157205,0.0033017291411240775
1790135700000,2026-09-23T03:55:00+00:00,86729.9,0.69161695,7.137178232311271,25.816647239178433,-18.679469006867162,0.008229201500648878,0.02976672086463657,-0.021537519363987692,-1.6038663233535768,0.0021233468333037575,0.001405030730266009,-39.98552002402721,-51.71278019848934,11.727260174462131,-0.04610350066589171,-0.05962508915436239,0.013521588488470678,0.5939651381287765,0.012152467738314316,-0.003349560552842889
1790135760000,2026-09-23T03:56:00+00:00,86719.4,0.66887209,4.00044793736015,21.453407378814777,-17.452959441454627,0.004613094575562273,0.024738878934603765,-0.02012578435904149,-1.4714362442841968,0.0014117350049462005,-0.000711611828357557,-26.422326354237157,-46.65468942963891,20.23236307540175,-0.03046876057057263,-0.053799598970517455,0.023330838399944823,0.9408611240694202,0.009809249911474145,-0.002343217826840171
1790135820000,2026-09-23T03:57:00+00:00,86719.8,0.28433268,1.5292153936024988,17.46856898177232,-15.939353588169823,0.0017633982015669994,0.020143691500409733,-0.018380293298842734,-1.3224828944240012,0.0017454910601987575,0.000333756055252557,-18.2355241758778,-40.97085637888669,22.735332203008888,-0.021028097592335083,-0.047245100171917694,0.026217002579582618,1.0381206567640024,0.0028861641796377943,-0.006923085731836351
1790135880000,2026-09-23T03:58:00+00:00,86705.4,1.31834636,-1.5730803645419655,13.660239112509466,-15.233319477051431,-0.001814281883875705,0.01575477318887805,-0.017569055072753754,-1.2410380799585725,0.0008112382260889797,-0.0009342528341097778,-15.425516495670308,-35.86178840224341,20.436271906573104,-0.017790721795494062,-0.0413605016553103,0.023569779859816235,0.9400057499799135,-0.002647222719766383,-0.005533386899404177
1790135940000,2026-09-23T03:59:00+00:00,86710.7,0.8750314,-3.5629350996750873,10.215604270072555,-13.778539369747643,-0.004108991277518331,0.011781249915030734,-0.015890241192549066,-1.1039661402580125,0.0016788138802046881,0.0008675756541157084,-8.802000318901264,-30.449830785574985,21.64783046667372,-0.01015099672693366,-0.03511657821419385,0.02496558148726019,0.9828287099465455,0.0013958016274439565,0.00404302434721034
1790136000000,2026-09-23T04:00:00+00:00,86669.9,2.13822602,-8.336035702974186,6.505276275463207,-14.841311978437393,-0.009618143903447663,0.0075058079857750004,-0.017123951889222666,-1.1678486100386716,-0.0012337106966735997,-0.002912524576878288,-13.072442057120497,-26.974353039884086,13.901910982763589,-0.015083024276156426,-0.031123092376804506,0.016040068100648078,0.6692275735208516,-0.008925513386612113,-0.01032131501405607
1790136060000,2026-09-23T04:01:00+00:00,86676.7,1.85211419,-11.438196737435646,2.916581672883437,-14.354778410319083,-0.013196391576324025,0.0033648969940981107,-0.016561288570422137,-1.1170149506988571,0.0005626633188005291,0.0017963740154741288,-14.661278837142163,-24.511738199335703,9.85045936219354,-0.016914901971512717,-0.028279500949315913,0.011364598977803193,0.5177376345525938,-0.004675469122844885,0.004250044263767228
1790136120000,2026-09-23T04:02:00+00:00,86655.2,0.79629603,-15.45341467911203,-0.7574175975156563,-14.695997081596373,-0.017833222563806938,-0.0008740590264815686,-0.016959163537325368,-1.135725510737587,-0.00039787496690323054,-0.0009605382857037596,-20.01422755267413,-23.61223607000339,3.598008517329262,-0.023096395314619468,-0.027248492958303012,0.0041520976436835435,0.2711217246146345,-0.007212501334119649,-0.002537032211274763
1790136180000,2026-09-23T04:03:00+00:00,86652.1,0.54862914,-18.670426859302097,-4.340019449872945,-14.330407409429153,-0.021546421678530693,-0.005008556572631182,-0.016537865105899514,-1.095516071571223,0.0004212984314258539,0.0008191733983290844,-22.080905577080557,-23.305969971418826,1.2250643943382684,-0.025482250951887553,-0.026896024414202108,0.0014137734623145524,0.1819763408880138,-0.0027383241813689913,0.004474177152750658
1790136240000,2026-09-23T04:04:00+00:00,86647,0.59844964,-21.384947207203368,-7.74900500133903,-13.635942205864339,-0.02468053966923652,-0.0089431890329025,-0.01573735063633402,-1.0243823012489932,0.0008005144695654928,0.00037921603813963894,-25.304303965662257,-23.705636770267514,-1.598667195394743,-0.029203900845571406,-0.02735886616993954,-0.0018450346756318657,0.0698261921098808,-0.0032588081379464184,-0.000520483956577427
1790136300000,2026-09-23T04:05:00+00:00,86651.9,0.8572633,-22.877121870580595,-10.774628375187344,-12.10249349539325,-0.026401177435902267,-0.012434382137249553,-0.013966795298652714,-0.8767586640372137,0.0017705553376813066,0.0009700408681158137,-20.804638270521536,-23.12543707031832,2.3207987997967834,-0.024009442690260153,-0.026687743800561006,0.0026783011103008515,0.23507456286325212,0.004523335785932717,0.007782143923879136
1790136360000,2026-09-23T04:06:00+00:00,86688,0.85471916,-20.905724562733667,-12.80084761269661,-8.104876950037056,-0.024116053620724515,-0.014766573934912111,-0.009349479685812404,-0.5070227196275551,0.00461731561284031,0.0028467602751590035,-11.805132232781034,-20.861376102810862,9.056243870029828,-0.01361795431060935,-0.02406489491372608,0.010446940603116727,0.5075176883812633,0.007768639492815876,0.003245303706883158
1790136420000,2026-09-23T04:07:00+00:00,86730.1,0.33406836,-15.764536078670062,-13.393585305891301,-2.3709507727787607,-0.018176545488440648,-0.015442833924890322,-0.002733711563550325,0.0217423037736243,0.006615768122262079,0.00199845250942177,6.650379702594364,-15.35902494172982,22.009404644324185,0.0076679027264979095,-0.01770899023721847,0.025376892963716386,1.0369001122237231,0.01492995236059966,0.007161312867783784
1790136480000,2026-09-23T04:08:00+00:00,86745.3,7.08143809,-10.3443509577628,-12.783738436265601,2.439387478502802,-0.011924969949683497,-0.01473709634558368,0.002812126395900183,0.4661896229436724,0.005545837959450508,-0.00106993016281157,24.009537148216623,-7.4853125237405305,31.494849671957155,0.02767819945082514,-0.008629069844407167,0.03630726929523231,1.4153192284594531,0.010930376331515921,-0.003999576029083738
1790136540000,2026-09-23T04:09:00+00:00,86829.6,3.18815239,0.7449034926103195,-10.078010050490418,10.822913543100737,0.0008578911944893441,-0.01160665262824016,0.012464543822729504,1.2191575445595453,0.009652417426829322,0.004106579467378813,52.36717290022352,4.4851845610522805,47.881988339171244,0.060310277716612216,0.005165501811654413,0.055144775904957796,2.0635309935400294,0.01883750660972549,0.007907130278209568
1790136600000,2026-09-23T04:10:00+00:00,86863,4.6873341,12.088964346970897,-5.644615170998154,17.73357951796905,0.013917277030462794,-0.006498296364387777,0.020415573394850572,1.802573154392948,0.007951029572121068,-0.0017013878547082533,78.32580862728355,19.253309374298535,59.07249925298501,0.09017165954121266,0.022165144393238242,0.0680065151479744,2.461008577602001,0.012861739243016604,-0.005975767366708885
1790136660000,2026-09-23T04:11:00+00:00,86888.5,5.68027898,22.873183371368214,0.05894453747511985,22.814238833893093,0.026324753415432667,6.783928537737428e-05,0.026256914130055292,2.17858251869809,0.0058413407352047204,-0.002109688836916347,97.28797840059269,34.86024317955737,62.42773522103532,0.11196876272532348,0.04012066404594092,0.07184809867938256,2.5200852458916763,0.003841583531408163,-0.00902015571160844
1790136720000,2026-09-23T04:12:00+00:00,86880.5,5.01246338,30.423518124123802,6.131859254804857,24.291658869318944,0.03501766003202537,0.007057808432047303,0.027959851599978068,2.225474514043094,0.001702937469922776,-0.0041384032652819445,100.51887519279262,47.99196958220442,52.5269056105882,0.11569785532172654,0.055239057765786824,0.06045879755593971,2.056220414594054,-0.01138930112344285,-0.015230884654851007
1790136780000,2026-09-23T04:13:00+00:00,86866,1.73499152,34.83562064409489,11.872611532662862,22.963009111432026,0.04010271066250879,0.013667731370919419,0.02643497929158937,2.0458164461977564,-0.0015248723083886966,-0.0032278097783114724,97.07050230700406,57.80767612716435,39.26282617983971,0.11174740670343294,0.06654810412263067,0.045199302580802285,1.4793663967478778,-0.015259494975137428,-0.003870193851694584
1790136840000,2026-09-23T04:14:00+00:00,86847.8,1.32016036,36.443557141014026,16.786800654333096,19.65675648668093,0.04196255649655377,0.019328987785911786,0.022633568710641983,1.7251512151701995,-0.003801410580947389,-0.0022765382725586925,75.01527566078585,61.24919603388865,13.766079626897195,0.08637556237554186,0.07052475253706904,0.015850809838472816,0.42863191404249895,-0.02934849274232947,-0.014088997767192045
1790136900000,2026-09-23T04:15:00+00:00,86929.4,3.32408039,43.79742696463654,22.188925916393785,21.608501048242758,0.0503827553907384,0.02552522612188027,0.024857529268858126,1.8298933536491644,0.002223960558216144,0.006025371139163533,62.543912611334235,61.50813934937777,1.0357732619564644,0.07194794006554081,0.07075642918204632,0.001191510883494496,-0.09709110635493445,-0.01465929895497832,0.01468919378735115
1790136960000,2026-09-23T04:16:00+00:00,86832.6,4.29307638,41.337952587535256,26.018731250622082,15.319221336913174,0.047606489483828944,0.029964242980887453,0.01764224650294149,1.2973333475592683,-0.007215282765916636,-0.009439243324132776,29.91200238613237,55.188911956728695,-25.276909570596324,0.034447894438416414,0.06355782500665498,-0.029109930568238566,-1.1605061780605015,-0.030301441451733063,-0.015642142496754743
1790137020000,2026-09-23T04:17:00+00:00,86821,19.38608799,38.01457006885903,28.417899014269473,9.596671054589557,0.04378499449310539,0.03273159605886764,0.01105339843423775,0.8226529395118106,-0.00658884806870374,0.0006264346972128937,0.9956966269528493,44.35026889077353,-43.35457226382068,0.0011468384687493226,0.051082421177795156,-0.049935582709045835,-1.85093568664089,-0.02082565214080727,0.009475789310925794
1790137080000,2026-09-23T04:18:00+00:00,86841.3,20.58172603,36.59693909190537,30.053707029796655,6.543232062108714,0.042142320637652095,0.034607619911029265,0.007534700726622832,0.5644533726790731,-0.0035186977076149184,0.0030701503610888227,-16.132414114588755,32.25373228970107,-48.386146404289825,-0.01857689154191468,0.037141005822921895,-0.055717897364836566,-1.9954148730403385,-0.005782314655790731,0.015043337485016538
1790137140000,2026-09-23T04:19:00+00:00,86850,4.73468494,35.76321751062642,31.19560912596261,4.56760838466381,0.04117814336283986,0.03591895121008936,0.005259192152750501,0.39372856336193285,-0.0022755085738723315,0.001243189133742587,-24.08996624412248,20.98499258293636,-45.074958827058836,-0.027737439544182476,0.024162340337289995,-0.051899779881472465,-1.8186228539657496,0.0038181174833641016,0.009600432139154833
1790137200000,2026-09-23T04:20:00+00:00,86964.6,1.2882149,43.84433914908732,33.72535513058755,10.118984018499766,0.05041630634659081,0.0387805556865524,0.011635750660038413,0.8229288281670817,0.006376558507287912,0.008652067081160245,-24.535456188968965,11.880902828555296,-36.41635901752426,-0.02821315361534344,0.01366176907449157,-0.041874922689835004,-1.4545594322549809,0.010024857191637461,0.006206739708273359
1790137260000,2026-09-23T04:21:00+00:00,86999.6,32.49446188,52.46807445959712,37.473898996389465,14.994175463207654,0.06030840884279596,0.04307364516203461,0.01723476368076135,1.190990271213052,0.005599013020722937,-0.0007775454865649751,0.017911588569404557,9.50830458055812,-9.490392991988715,2.0588127496453496e-05,0.010929135973680476,-0.010908547846184021,-0.4225273610933747,0.03096637484365098,0.020941517652013526
1790137320000,2026-09-23T04:22:00+00:00,86989.2,11.09596265,57.79700583437807,41.53852036398719,16.25848547039088,0.06644158796077912,0.04775135345995502,0.018690234500824104,1.2665897071349852,0.0014554708200627542,-0.004143542200660183,21.819918689638143,11.970627402374124,9.84929128726402,0.0250834801212543,0.013761050110098866,0.01132243001115543,0.31112679518300734,0.022230977857339452,-0.008735396986311532
1790137380000,2026-09-23T04:23:00+00:00,87129.8,24.18045649,72.52939359714219,47.73669501061819,24.792698586523997,0.0832429244611398,0.05478802316844317,0.02845490129269664,1.8966936749396208,0.009764666791872535,0.00830919597180978,60.32895651878789,21.64229322565688,38.68666329313101,0.06924032480137438,0.024839140254719828,0.044401184546654544,1.378500101165209,0.03307875453549911,0.010847776678159662
1790137440000,2026-09-23T04:24:00+00:00,87126.7,10.70806725,82.99802339875896,54.78896068824635,28.20906271051261,0.09526129578964768,0.06288423719508067,0.03237705859456701,2.1029646966543267,0.003922157301870368,-0.0058425094900021665,87.9245963391295,34.898753848351404,53.02584249077809,0.10091578854602493,0.04005517694157061,0.0608606116044543,1.8643745223741266,0.016459427057799757,-0.016619327477699355
1790137500000,2026-09-23T04:25:00+00:00,87166.8,7.63828694,93.45295531285228,62.521759613167546,30.931195699684736,0.10721163942332664,0.07172657435304214,0.03548506507028448,2.2363570817834275,0.003108006475717476,-0.0008141508261528922,96.58357800648082,47.235718679977296,49.347859326503524,0.11080317048059676,0.05419003414141313,0.056613136339183634,1.6863164243013224,-0.004247475265270667,-0.020706902323070424
1790137560000,2026-09-23T04:26:00+00:00,87127.5,4.31192742,97.44410760665778,69.5062292118656,27.93787839479218,0.111840816741738,0.07977530539940386,0.03206551134233414,1.9493689623266728,-0.0034195537279503446,-0.00652756020366782,88.14051717027905,55.416678378037645,32.72383879224141,0.10116268361915474,0.06360411853667056,0.03755856508248419,1.0655279959484243,-0.019054571256699446,-0.014807095991428779
1790137620000,2026-09-23T04:27:00+00:00,87219.2,14.8527341,106.77570433134679,76.96012423576184,29.81558009558495,0.12242224685774095,0.08823759474492067,0.034184652112820284,2.0263704949440378,0.0021191407704861456,0.00553869449843649,101.0658624733187,64.54651519709385,36.51934727622485,0.11587570451611423,0.07400493835886347,0.04187076615725075,1.1827269535555525,0.004312201074766563,0.02336677233146601
1790137680000,2026-09-23T04:28:00+00:00,87111.7,9.76631861,104.29446866744547,82.42699312209857,21.867475545346906,0.11972498374781514,0.09462218407182799,0.02510279967598716,1.4056205369853965,-0.009081852436833123,-0.011200993207319265,63.40719155719853,64.3186504691148,-0.9114589119162702,0.07278837579475378,0.07383468634995621,-0.0010463105552024241,-0.1599190511267059,-0.04291707671245318,-0.047229277787219734
1790137740000,2026-09-23T04:29:00+00:00,87015,8.52398771,93.44797954424575,84.631190406528,8.816789137717748,0.10739295471383756,0.09726046130727806,0.0101324934065595,0.425844488774916,-0.01497030626942766,-0.005888453832594537,13.982794781812117,54.25147933165427,-40.26868454984215,0.016069407322659445,0.06234727269051803,-0.046277865367858585,-1.5421236688661395,-0.04523155481265616,-0.0023144781002029866
1790137800000,2026-09-23T04:30:00+00:00,87127.3,6.23669381,92.84348829906958,86.27364998503633,6.569838314033248,0.10656073159511378,0.09902022670854753,0.007540504886566263,0.2458922964484123,-0.0025919885199932376,0.012378317749434422,-15.131849925761344,40.37481348017114,-55.506663405932485,-0.017367518476713206,0.046340026008118165,-0.06370754448483137,-2.0180807783960444,-0.01742967911697279,0.027801875695683372
1790137860000,2026-09-23T04:31:00+00:00,87162.9,9.33096776,94.15172463635099,87.84926491529927,6.302459721051719,0.10801811853019003,0.10078745075634161,0.007230667773848414,0.21434249190058968,-0.00030983711271784925,0.0022821514072753884,-29.10905760350579,26.478039263435758,-55.58709686694155,-0.033396155478426934,0.03037764836121304,-0.06377380383963997,-1.9602721729301786,-6.625935480859824e-05,0.01736341976216419
1790137920000,2026-09-23T04:32:00+00:00,87211.2,14.00540911,97.95673345174873,89.87075862258918,8.085974829159554,0.11232127691368624,0.10304956086212458,0.009271716051561674,0.3376563189081271,0.0020410482777132605,0.00235088539043111,-40.80334786264575,13.021761838219456,-53.825109700865205,-0.04678682080127983,0.014931295336171796,-0.06171811613745162,-1.8453212458393748,0.0020556877021883496,0.002121947056996948
1790137980000,2026-09-23T04:33:00+00:00,87248.2,6.18341932,102.7731166153535,92.45123022114204,10.321886394211461,0.11779396780146009,0.10596348144849067,0.011830486352969415,0.49433215309327466,0.002558770301407741,0.0005177220236944804,-27.36778213561047,4.943853043453471,-32.31163517906394,-0.0313677326702562,0.005666424113567353,-0.03703415678382355,-1.102198457652148,0.02468395935362807,0.022628271651439727
1790138040000,2026-09-23T04:34:00+00:00,87253.2,6.22271607,105.77429297869094,95.11584277265183,10.658450206039106,0.12122683520912808,0.109011294454131,0.012215540754997074,0.5079958490536893,0.0003850544020276587,-0.0021737158993800822,-2.902677567311912,3.3745469213003947,-6.2772244886123065,-0.003326729068173903,0.003867533707990532,-0.007194262776164435,-0.22874626585790359,0.02983989400765912,0.0051559346540310524
1790138100000,2026-09-23T04:35:00+00:00,87248,3.69658711,106.50542211829452,97.39375864178038,9.111663476514138,0.12207204992469113,0.11162864322595405,0.010443406698737093,0.38097750303227707,-0.001772134056259981,-0.0021571884582876396,8.31246336302138,4.362130209644592,3.9503331533767874,0.009527397032621239,0.00499969077760475,0.00452770625501649,0.11428436478258656,0.011721969031180925,-0.018117924976478194
1790138160000,2026-09-23T04:36:00+00:00,87220.7,2.07682545,103.68672931179754,98.65235277578381,5.034376536013724,0.1188785796396928,0.11310658223997722,0.005771997399715577,0.0661650043089627,-0.004671409299021516,-0.0028992752427615346,6.970907529379474,4.8838856735915686,2.0870218557879054,0.007992262764893511,0.00559945709400586,0.002392805670887651,0.05488638535730653,-0.002134900584128839,-0.013856869615309764
1790138220000,2026-09-23T04:37:00+00:00,87202.3,12.92552874,98.82893034019799,98.68766828866666,0.14126205153132787,0.11333294000295632,0.1131709465102029,0.0001619934927534341,-0.30554312785924265,-0.005610003906962142,-0.0009385946079406259,-1.968156528644613,3.5134772331443322,-5.481633761788945,-0.00225700070828936,0.0040291107380703624,-0.006286111446359723,-0.1924388775088785,-0.008678917117247375,-0.006544016533118535
1790138280000,2026-09-23T04:38:00+00:00,87154.8,3.52188051,90.10753307933919,96.97164124680117,-6.864108167461978,0.10338791791081982,0.11126368398160649,-0.007875766070786668,-0.8267977918418634,-0.008037759563540102,-0.0024277556565779597,-25.637016898559523,-2.3166215931964387,-23.320395305363085,-0.029415496218865193,-0.0026580539375874175,-0.026757442281277778,-0.7744096401177413,-0.020471330834918054,-0.011792413717670681
1790138340000,2026-09-23T04:39:00+00:00,87129.2,2.01436182,80.20549781140289,93.61841255972152,-13.412914748318627,0.09205352259793835,0.10744780459331835,-0.015394281995379995,-1.2965756826208352,-0.007518515924593327,0.0005192436389467745,-43.32530332059832,-10.518357938676816,-32.80694538192151,-0.049725354210297265,-0.012072138776296369,-0.0376532154340009,-1.0699405629882872,-0.010895773152723123,0.009575557682194931
1790138400000,2026-09-23T04:40:00+00:00,87101,2.05973727,69.28389755520038,88.75150955881729,-19.467612003616907,0.07954431930196024,0.10189493755389409,-0.022350618251933855,-1.7060665296551032,-0.00695633625655386,0.000562179668039467,-68.73948438263324,-22.1625832274681,-46.57690115516513,-0.07891928265190208,-0.025444694351922596,-0.05347458829997949,-1.4933208054924025,-0.015821372865978588,-0.004925599713255464
1790138460000,2026-09-23T04:41:00+00:00,87169.8,1.45636014,65.42584723987966,84.08637709502976,-18.660529855150102,0.07505563536899208,0.09646273949811719,-0.021407104129125113,-1.606394865721466,0.0009435141228087418,0.007899850379362602,-81.40712499382789,-34.011491580740056,-47.395633413087836,-0.09338913820363003,-0.03901751705377327,-0.054371621149856754,-1.4839234006004935,-0.0008970328498772648,0.014924340016101323
1790138520000,2026-09-23T04:42:00+00:00,87160,1.05236843,60.875798163891886,79.44426130880218,-18.568463144910297,0.06984373355196408,0.09114761508582168,-0.021303881533857615,-1.5650267630915216,0.00010322259526749852,-0.0008402915275412433,-83.16260268073529,-43.8417138007391,-39.32088887999619,-0.09541372496642415,-0.050300268243160966,-0.04511345672326318,-1.197770457528542,0.009258164426593572,0.010155197276470837
1790138580000,2026-09-23T04:43:00+00:00,87179.9,1.5846622,58.20466799706628,75.19634264645501,-16.991674649388727,0.06676386185011257,0.08625421989065715,-0.019490358040544588,-1.4256406144763631,0.0018135234933130268,0.0017103008980455282,-71.3252977040247,-49.338430581396224,-21.98686712262848,-0.08181392465926746,-0.056593814149128674,-0.025220110510138786,-0.6308550932114899,0.019893346213124396,0.010635181786530827
1790138640000,2026-09-23T04:44:00+00:00,87148.1,2.94242101,52.91184900030203,70.7394439172244,-17.82759491692238,0.060714862401248015,0.08117152745409757,-0.02045666505284955,-1.4609697151460284,-0.0009663070123049622,-0.002779830505617989,-58.70318927266635,-51.21138231965025,-7.491806953016102,-0.06736026290035738,-0.05876362458808654,-0.008596638312270836,-0.16611001346724263,0.01662347219786795,-0.003269874015256448
1790138700000,2026-09-23T04:45:00+00:00,87164.8,1.21004281,49.4942631880258,66.4904077713847,-16.996144583358898,0.05678239746781476,0.07628126006298953,-0.01949886259517477,-1.3816565772262086,0.0009578024576747807,0.0019241094699797429,-37.46702808828559,-48.46251147337732,10.995483385091731,-0.042984126721205794,-0.05559871814468376,0.012614591423477976,0.4227984971939236,0.021211229735748814,0.004587757537880863
1790138760000,2026-09-23T04:46:00+00:00,87180,1.26629926,47.46516589136445,62.68535939538065,-15.220193504016201,0.054445017081170506,0.07190337163957404,-0.017458354558403534,-1.2435063847199068,0.0020405080367712353,0.0010827055790964546,-26.51371629894129,-44.07275243849011,17.559036139548823,-0.03041261332753073,-0.05055374218684344,0.020141128859312712,0.6224523088697261,0.007526537435834736,-0.013684692299914076
1790138820000,2026-09-23T04:47:00+00:00,87167.3,0.59787478,44.321398312575184,59.01256717881956,-14.691168866244375,0.050846359027496756,0.06770034999227871,-0.016853990964781948,-1.195636071486108,0.000604363593621586,-0.0014361444431496492,-17.583187503318186,-38.774839451455726,21.19165194813754,-0.020171770266278966,-0.04448324021904513,0.024311469952766163,0.7260583045997216,0.004170341093453451,-0.0033561963423812853
1790138880000,2026-09-23T04:48:00+00:00,87212.2,0.52520214,44.93501176724385,56.197056096504426,-11.262044329260576,0.051523768196701666,0.06443714995895578,-0.012913381762254107,-0.9512872744343959,0.003940609202527841,0.0033362456089062534,-7.3033351705526,-32.4805385952751,25.1772034247225,-0.008374212748391395,-0.037243113458065615,0.028868900709674218,0.8401827426591185,0.004557430756908055,0.00038708966345460394
1790138940000,2026-09-23T04:49:00+00:00,87220.2,1.02566307,45.54185978136957,54.066016833477455,-8.524157052107888,0.052214807786922716,0.061987953287744646,-0.00977314550082193,-0.7572602636410656,0.0031402362614321774,-0.0008003729410956638,6.104564351364388,-24.763518005947205,30.868082357311593,0.006999025857959955,-0.02839195278839902,0.03539097864635898,1.0084480888214666,0.006522077936684759,0.001964647179776704
1790139000000,2026-09-23T04:50:00+00:00,87177.5,3.27941239,42.09204714537191,51.671222895856346,-9.579175750484438,0.04828315465042231,0.059271283181848926,-0.010988128531426616,-0.8215724381855504,-0.0012149830306046865,-0.004355219292036864,4.257140166548197,-18.959386371448126,23.216526537996323,0.004883301501589513,-0.02174802715316237,0.026631328654751884,0.754319000038456,-0.008759649991607093,-0.015281727928291848
1790139060000,2026-09-23T04:51:00+00:00,87167.1,3.87229081,38.0798914089537,48.952956598475815,-10.873065189522116,0.043686082718082504,0.05615990046528542,-0.012473817747202917,-0.8994595367774635,-0.0014856892157763014,-0.0002707061851716149,-3.2467635699140374,-15.816861811141308,12.57009824122727,-0.0037247580450812715,-0.018145449155864204,0.014420691110782933,0.41222186775275016,-0.012210637543968951,-0.0034509875523618602
1790139120000,2026-09-23T04:52:00+00:00,87137.7,0.73430232,32.15720652817981,45.59380658441662,-13.436600056236806,0.03690389639407491,0.05232385819733206,-0.01541996180325715,-1.0600961881340996,-0.002946144056054232,-0.0014604548402779305,-14.493448678869754,-15.552179184686999,1.0587305058172447,-0.016632810687991252,-0.017847819238615434,0.0012150085506241785,0.046928790032801065,-0.013205682560158754,-0.000995045016189803
1790139180000,2026-09-23T04:53:00+00:00,87153.3,4.30467799,28.394906903326046,42.15402664819851,-13.759119744872464,0.03258041508850043,0.04836767701073683,-0.01578726192223641,-1.0642412979897915,-0.0003673001189792597,0.0025788439370749722,-23.217849277862115,-17.085313203322023,-6.132536074540091,-0.02664024113586303,-0.01960374788254951,-0.007036493253313519,-0.17638467329280832,-0.008251501803937697,0.004954180756221057
1790139240000,2026-09-23T04:54:00+00:00,87169.7,17.65833403,26.43190968268027,39.00960325509486,-12.577693572414589,0.03032235935500555,0.044751333611443955,-0.014428974256438406,-0.9670574183506137,0.0013582876657980032,0.001725587784777263,-29.611976820917334,-19.590645926841084,-10.02133089407625,-0.03397049298198495,-0.022474146322450445,-0.011496346659534506,-0.2919595497677651,-0.004459853406220987,0.00379164839771671
1790139300000,2026-09-23T04:55:00+00:00,87219.8,4.02563789,28.58931174989266,36.925544954054416,-8.336233204161758,0.03277846515343151,0.04233619539835498,-0.009557730244923467,-0.6694020328624416,0.004871244011514939,0.0035129563457169354,-18.93373513162078,-19.459263767797026,0.5255286361762472,-0.021708069878193688,-0.02231060351869303,0.0006025336404993445,0.05779660184334546,0.012098880300033851,0.01655873370625484
1790139360000,2026-09-23T04:56:00+00:00,87224.6,1.05942745,30.336685885165934,35.60777314027672,-5.2710872551107855,0.034779965611955725,0.0408230856206583,-0.006043120008702573,-0.4544439603863877,0.003514610236220894,-0.0013566337752940437,-10.31421545901685,-17.63025410604099,7.31603864702414,-0.011824892815807524,-0.02021247916991421,0.008387586354106684,0.28276954070058136,0.00778505271360734,-0.004313827586426511
1790139420000,2026-09-23T04:57:00+00:00,87182.7,1.42539543,28.01754384431115,34.08972728108361,-6.0721834367724625,0.032136586552505425,0.039101481464881925,-0.006964894912376496,-0.4986956038796889,-0.0009217749036739224,-0.004436385139894816,-4.584800154727418,-15.021163315778276,10.436363161050858,-0.005258841667816457,-0.017229522962443556,0.011970681294627097,0.3872223070382803,0.0035830949405204135,-0.004201957773086926
1790139480000,2026-09-23T04:58:00+00:00,87191.2,2.39518675,26.559326645976398,32.58364715406217,-6.024320508085772,0.030461017448981546,0.03737033915585767,-0.0069093217068761205,-0.48512690209515186,5.557320550037513e-05,0.0009773481091742975,0.34718961534963455,-11.947492729552694,12.294682344902329,0.0003981934132683511,-0.01370263596504314,0.01410082937831149,0.4473014439625483,0.002130148083684393,-0.0014529468568360206
1790139540000,2026-09-23T04:59:00+00:00,87169.8,1.7439932,23.407055887801107,30.74832890080996,-7.341273013008852,0.026852253748203055,0.03527406154517959,-0.008421807796976535,-0.561794428145278,-0.0015124860901004145,-0.0015680592956007896,-2.3664615860470803,-10.031286500851573,7.664824914804493,-0.0027147723019292007,-0.011507754406745884,0.008792982104816683,0.29501856233283935,-0.005307847273494808,-0.007437995357179199
1790139600000,2026-09-23T05:00:00+00:00,87112.7,2.16686374,16.115595255163498,27.82178217168067,-11.706186916517172,0.018499708142628454,0.03193768781323581,-0.013437979670607354,-0.8390349423727885,-0.0050161718736308186,-0.003503685783530404,-17.984661683032755,-11.62196153728781,-6.362700145744945,-0.02064528097858608,-0.013341294136547036,-0.007303986842039044,-0.1587357112598443,-0.016096968946855725,-0.01078912167336092
1790139660000,2026-09-23T05:01:00+00:00,87034.6,6.94977226,3.9890594859607518,23.055237634536688,-19.066178148575936,0.0045833030610363595,0.026489738143837836,-0.02190643508280148,-1.3090047003783405,-0.008468455412194126,-0.0034522835385633072,-42.70906732387084,-17.839382694604417,-24.869684629266423,-0.04907136624270214,-0.020496885944905147,-0.02857448029779699,-0.7509716554428589,-0.021270493455757947,-0.005173524508902221
1790139720000,2026-09-23T05:02:00+00:00,86984.9,7.76082112,-9.521919358710875,16.539806235887173,-26.061725594598048,-0.01094663482824131,0.01901457176577449,-0.0299612065940158,-1.738800677046935,-0.00805477151121432,0.00041368390097980615,-66.28962368267821,-27.529430892219175,-38.76019279045904,-0.07620819669009014,-0.03164851703251849,-0.04455967965757165,-1.1818536699885986,-0.015985199359774657,0.005285294095983291
1790139780000,2026-09-23T05:03:00+00:00,86927.5,5.86010382,-24.57784957194235,8.316275074321268,-32.89412464626362,-0.028273963443032818,0.009566909291445477,-0.037840872734478295,-2.1395040603945,-0.007879666140462496,0.0001751053707518234,-95.3041379389033,-41.084372301556,-54.219765637347294,-0.10963634976147169,-0.047262802106992616,-0.06237354765447907,-1.6455558084014823,-0.017813867996907422,-0.0018286686371327653
1790139840000,2026-09-23T05:04:00+00:00,86977.1,19.8213639,-32.137021681221086,0.22561572321279755,-32.36263740443388,-0.03694883099254986,0.00025939669546673494,-0.03720822768801659,-2.0521054005741184,0.0006326450464617037,0.0085123111869242,-108.19694383266324,-54.50688660777745,-53.690057224885784,-0.12439704684642651,-0.06266808919563592,-0.06172895765079059,-1.588071607109014,0.0006445900036884805,0.018458458000595902
1790139900000,2026-09-23T05:05:00+00:00,86926.3,5.6981195,-41.745637759086094,-8.16863497324698,-33.57700278583911,-0.0480241742247008,-0.009397196214778475,-0.038626978009922326,-2.0740669323783734,-0.0014187503219057346,-0.0020513953683674382,-115.5956157570181,-66.72463243762559,-48.87098331939251,-0.13298117572819515,-0.07676000524309166,-0.05622117048510348,-1.403121002848682,0.00550778716568711,0.004863197161998636
1790139960000,2026-09-23T05:06:00+00:00,86915.6,2.22036748,-49.65158325871744,-16.465224630341073,-33.18635862837637,-0.05712620433928712,-0.018943923335213782,-0.03818228100407334,-1.9897119190545398,0.0004446970058489888,0.0018634473277547234,-108.08921209939581,-74.99754836997964,-33.09166372941617,-0.12436111825655671,-0.0862877876583486,-0.03807333059820811,-0.8900668418389542,0.01814783988689537,0.012640052721208259
1790140020000,2026-09-23T05:07:00+00:00,86966.1,1.51697822,-51.25138006602356,-23.42245571747757,-27.82892434854599,-0.05893259565051618,-0.026932857420854297,-0.031999738229661887,-1.6033067872253266,0.006182542774411451,0.005737845768562462,-80.02249456592835,-76.0025376091694,-4.019956956758961,-0.09201573321780367,-0.08739329187944428,-0.0046224413383593845,0.024119095044265463,0.03345088925984872,0.015303049372953355
1790140080000,2026-09-23T05:08:00+00:00,86904.6,1.19096837,-56.826703717713826,-30.10330531752482,-26.723398400189005,-0.06538975349718407,-0.03463948435125968,-0.030750269145924384,-1.4983669346785287,0.0012494690837375026,-0.004933073690673945,-55.0696817455173,-71.81596643643897,16.74628469092167,-0.06336797102284263,-0.08263770437518723,0.019269733352344606,0.6664986269297982,0.02389217469070399,-0.009558714569144734
1790140140000,2026-09-23T05:09:00+00:00,86919.8,1.09985363,-59.33470140816644,-35.949584535653145,-23.385116872513294,-0.06826373439442616,-0.041359488327921995,-0.026904246066504173,-1.261036213746855,0.0038460230794202105,0.0025965539956827044,-39.815829174025566,-65.4159389839563,25.60010980993073,-0.04580754807768261,-0.07526011217692205,0.029452564099239444,0.9303571000737588,0.010182830746894838,-0.013709343943809151
1790140200000,2026-09-23T05:10:00+00:00,86962,1.68031126,-57.257096163826645,-40.211086861287846,-17.0460093025388,-0.06584151257310854,-0.046239836780763835,-0.0196016757923447,-0.8480059502290066,0.007302570274159474,0.003456547194739267,-9.890265715759597,-54.310804330316955,44.42053861455736,-0.01137308906851222,-0.062453490409968664,0.051080401341456444,1.4999126595487722,0.021627837242217,0.011445006495322162
1790140260000,2026-09-23T05:11:00+00:00,86930.2,2.75096024,-57.513592383635114,-43.671587965757304,-13.84200441787781,-0.06616065807237889,-0.05023753306187874,-0.01592312501050016,-0.637680898351516,0.0036785507818445397,-0.0036240194923149345,11.674665947750327,-41.1137102747035,52.78837622245383,0.013429931080050809,-0.04729508303754449,0.060725014117595295,1.7235675046739125,0.009644612776138851,-0.011983224466078149
1790140320000,2026-09-23T05:12:00+00:00,86967.2,2.40939652,-54.10755845460517,-45.75878206352688,-8.348776391078289,-0.0622160520915991,-0.05261613811129585,-0.00959991398030325,-0.2894840434245816,0.00632321103019691,0.00264466024835237,25.238362653384684,-27.843295689085867,53.08165834247055,0.029020553327443778,-0.032015858495025556,0.06103641182246933,1.6876162416261988,0.0003113977048740321,-0.00933321507126482
1790140380000,2026-09-23T05:13:00+00:00,86946.5,2.03509581,-52.47368505204213,-47.101762661229934,-5.371922390812195,-0.060351693342506174,-0.054173270529842985,-0.006178422812663183,-0.10143645249104669,0.0034214911676400672,-0.0029017198625568424,37.622018332680454,-14.750232884732604,52.37225121741306,0.04327030798557786,-0.016964723001768447,0.06023503098734631,1.6242866875943427,-0.0008013808351230167,-0.0011127785399970488
1790140440000,2026-09-23T05:14:00+00:00,86938.3,0.18126413,-51.24972514915862,-47.93135515881568,-3.318369990342944,-0.05894953679696822,-0.05513261147137185,-0.0038169253255963646,0.027541218251975193,0.002361497487066818,-0.0010599936805732492,41.048848071921384,-3.5904166934018082,44.63926476532319,0.04721606941005447,-0.004129844606349339,0.0513459140164038,1.3562489881363187,-0.00888911697094251,-0.008087736135819493
1790140500000,2026-09-23T05:15:00+00:00,86944,1.09598808,-49.25203889874683,-48.19549190680191,-1.05654699194492,-0.05664800204585346,-0.05543279801573646,-0.0012152040301169947,0.16772538995744532,0.0026017212954793697,0.00024022380841255166,34.17301555341692,3.962269755961937,30.21074579745498,0.03930462775282586,0.004557266465727293,0.034747361287098565,0.9000526295925556,-0.016598552729305237,-0.0077094357583627204
1790140560000,2026-09-23T05:16:00+00:00,86969.4,1.68403775,-45.09941247579991,-47.57627602060152,2.47686354480161,-0.051856644378137494,-0.054704615670111006,0.0028479712919735104,0.3849739238116973,0.004063175322090505,0.0014614540266111352,40.622172234914615,11.294250251752473,29.327921983162142,0.04670858052937541,0.012986464494123766,0.033722116035251645,0.8622720726859171,-0.0010252452518469193,0.015573307477458317
1790140620000,2026-09-23T05:17:00+00:00,86938.4,0.9993145,-43.804911290018936,-46.822003074485,3.017091784466068,-0.05038614845686019,-0.053856527235933725,0.0034703787790735367,0.4177921804869059,0.0006224074871000263,-0.0034407678349904786,31.345332914293977,15.304466784260775,16.0408661300332,0.03605464663979781,0.017603805434952536,0.018450841204845272,0.45796771632045136,-0.015271274830406373,-0.01424602957855945
1790140680000,2026-09-23T05:18:00+00:00,86884.6,1.96614248,-46.583237582744914,-46.774249976136986,0.19101239339207154,-0.053615068243100514,-0.053834914330200045,0.00021984608709952228,0.24273315900771086,-0.0032505326919740145,-0.003872940179074041,17.062392330743023,15.656051893557224,1.4063404371857988,0.019637993764997506,0.01801936349313598,0.001618630271861525,0.01737455123550858,-0.016832210932983746,-0.001560936102577376
1790140740000,2026-09-23T05:19:00+00:00,86881.1,1.5828508,-48.5083281245461,-47.121065605818806,-1.3872625187272902,-0.05583300409933357,-0.054236267273110955,-0.0015967368262226078,0.14954693406496203,-0.0018165829133221301,0.0014339497786518842,9.769348941015778,14.478711303048936,-4.709362362033158,0.01124450420288852,0.016664972362284702,-0.005420468159396183,-0.16065811058587412,-0.007039098431257708,0.009793112501726039
1790140800000,2026-09-23T05:20:00+00:00,86888,2.36202688,-48.91336113450234,-47.47952471155551,-1.4338364229468255,-0.056294725548409835,-0.054644513294765114,-0.0016502122536447214,0.15851427310927818,-5.347542742211364e-05,0.0017631074859000165,-0.07072036936006043,11.568824968567137,-11.639545337927197,-8.139256210300666e-05,0.013314640650684948,-0.013396033212787954,-0.35890416490431387,-0.00797556505339177,-0.0009364666221340623
1790140860000,2026-09-23T05:21:00+00:00,86803.2,4.09473453,-55.4379498330818,-49.071209735860776,-6.366740097221026,-0.06386625128230504,-0.056531567656331536,-0.007334683625973497,-0.13995452360759403,-0.005684471372328775,-0.005630995944906661,-24.539484411739977,4.347163092505714,-28.88664750424569,-0.028270253183914854,0.0050080677814939014,-0.03327832096540875,-0.8716496682978544,-0.019882287752620798,-0.011906722699229029
1790140920000,2026-09-23T05:22:00+00:00,86835.2,3.2079251,-57.36532901477767,-50.73003359164416,-6.635295423133513,-0.06606229848584177,-0.05842104767610849,-0.007641250809733281,-0.14369566316813098,-0.0003065671837597841,0.005377904188568991,-30.995188611195772,-2.7213072482345826,-28.27388136296119,-0.03569426754495386,-0.0031338757188727412,-0.03256039182608112,-0.8351808447944588,0.0007179291393276319,0.02060021689194843
1790140980000,2026-09-23T05:23:00+00:00,86865.2,3.58281046,-55.828485592850484,-51.74972399188543,-4.078761600965052,-0.06427025505363539,-0.059574747991008405,-0.004695507062626981,0.030400494465135458,0.0029457437471063002,0.0032523109308660834,-24.723216817481443,-7.121689162083955,-17.60152765539749,-0.02846158970160829,-0.008198552656396296,-0.020263037045211995,-0.49386021593167606,0.012297354780869126,0.011579425641541491
1790141040000,2026-09-23T05:24:00+00:00,86812.2,2.75595546,-58.216104158665985,-53.04300002524155,-5.173104133424438,-0.06705981896400044,-0.0611008591249174,-0.005958959839083029,-0.030085863950988674,-0.0012634527764560487,-0.004209196523562349,-24.184512798834476,-10.534253889434058,-13.650258909400417,-0.02785842634887087,-0.012134531655037032,-0.015723894693833836,-0.36483945927708933,0.004539142351378159,-0.0077582124294909675
1790141100000,2026-09-23T05:25:00+00:00,86849.8,1.09836615,-56.42388389928965,-53.719176800051166,-2.704707099238483,-0.06496720072963857,-0.06185296546457351,-0.0031142352650650696,0.1340805496083367,0.0028447245740179598,0.004108177350474009,-19.1016590771178,-12.247734926970809,-6.853924150146993,-0.021993901053448367,-0.014102202799512272,-0.007891698253936097,-0.16027293263613795,0.00783219643989774,0.0032930540885195807
1790141160000,2026-09-23T05:26:00+00:00,86835.6,1.51873959,-55.509479036263656,-54.07723724729367,-1.4322417889699892,-0.06392479471122864,-0.06227542303766389,-0.0016493716735647467,0.21452058531935686,0.001464863591500323,-0.0013798609825176368,-4.061797510817996,-10.610547443740247,6.5487499329222505,-0.004677571768742309,-0.012219121470618325,0.007541549701876017,0.2417348269396608,0.015433247955812114,0.007601051515914375
1790141220000,2026-09-23T05:27:00+00:00,86798,0.62141894,-57.15990851352399,-54.69377150053973,-2.4661370129842553,-0.06585394653508604,-0.0630127093948475,-0.0028412371402385486,0.14430283993394075,-0.0011918654666738019,-0.002656729058174125,-1.1922558561636833,-8.726889126224934,7.534633270061251,-0.0013735983042969693,-0.010054251395452586,0.008680653091155616,0.2570200668306671,0.0011391033892795988,-0.014294144566532515
1790141280000,2026-09-23T05:28:00+00:00,86785.1,1.42755215,-58.83064490153629,-55.521146180739045,-3.3094987207972437,-0.06778887723991363,-0.06397543608377364,-0.003813441156139987,0.08430283266667128,-0.0009722040159014385,0.00021966145077236335,-2.482589250896126,-7.478029151159173,4.995439900263047,-0.002860616915687285,-0.008616720094992312,0.005756103179305028,0.15977398406556886,-0.0029245499118505883,-0.004063653301130187
1790141340000,2026-09-23T05:29:00+00:00,86785.1,1.63723926,-59.46919170238834,-56.31075528506891,-3.158436417319436,-0.06852465653941557,-0.06488528017490203,-0.003639376364513535,0.08622696067024598,0.00017406479162645214,0.0011462688075278902,3.5797716421511723,-5.266468992497105,8.846240634648277,0.004124868948876215,-0.0060684022862186075,0.010193271235094822,0.266430602343498,0.004437168055789795,0.007361717967640383
1790141400000,2026-09-23T05:30:00+00:00,86773.1,1.00072954,-60.249031028390164,-57.09841043373316,-3.1506205946570063,-0.06943284385182753,-0.06580197138713859,-0.003630872464688948,0.07688294991302354,8.503899824586787e-06,-0.00016556089180186535,-1.957464372040704,-4.604668068405825,2.6472036963651213,-0.0022558423889900256,-0.005306561674534879,0.0030507192855448533,0.04523025744280778,-0.007142551949549969,-0.011579720005339765
1790141460000,2026-09-23T05:31:00+00:00,86751.2,0.99664991,-61.920426158132614,-58.06281357861305,-3.857612579519561,-0.07137702551449734,-0.06693027137216898,-0.004446754142328361,0.020081066094492905,-0.0008158816776394125,-0.0008243855774639993,-7.445527182353544,-5.17283989119537,-2.2726872911581744,-0.008582621545700284,-0.005962845345304007,-0.0026197762003962763,-0.13165408464110506,-0.00567049548594113,0.00147205646360884
1790141520000,2026-09-23T05:32:00+00:00,86728,1.55885968,-64.3749901354604,-59.32524888998252,-5.049741245477875,-0.07422630538633473,-0.06840380141359483,-0.005822503972739917,-0.06917452508180244,-0.0013757498304115563,-0.0005598681527721437,-8.547621666977648,-5.847796246351826,-2.699825420625822,-0.009855665606237487,-0.006742685460695307,-0.00311298014554218,-0.1533281573751196,-0.0004932039451459036,0.005177291540795226
1790141580000,2026-09-23T05:33:00+00:00,86741.4,2.75080676,-64.49551758055168,-60.35930262809635,-4.136214952455326,-0.07435378905638101,-0.06958534520782043,-0.004768443848560579,-0.020122957281273546,0.0010540601241793377,0.002429809954590894,-10.447010546195088,-6.767639106320479,-3.6793714398746094,-0.01204385742701304,-0.007802086554194974,-0.004241770872818066,-0.189451971358558,-0.001128790727275886,-0.0006355867821299824
1790141640000,2026-09-23T05:34:00+00:00,86735.8,2.08583327,-64.30167990841437,-61.14777808415996,-3.1539018242544117,-0.07413510904195772,-0.07049889213468943,-0.003636216907268292,0.03386401758594792,0.0011322269412922872,7.816681711294952e-05,-10.132890602049883,-7.44068940546636,-2.6922011965835235,-0.011682477825822652,-0.00857856779492016,-0.003103910030902492,-0.15477970868229723,0.0011378608419155738,0.0022666515691914598
1790141700000,2026-09-23T05:35:00+00:00,86786.1,1.04687868,-59.4044944968191,-60.79912136669179,1.3946268698726954,-0.06844931906931996,-0.07005628939045745,0.0016069703211374809,0.32635539153979176,0.005243187228405773,0.004110960287113485,2.8930767684651073,-5.373936170680067,8.267012939145175,0.003333571584003783,-0.006192162305576661,0.009525733889580444,0.2165093988538488,0.012629643920482936,0.01149178307856736
1790141760000,2026-09-23T05:36:00+00:00,86787.9,2.63808229,-54.74710427978425,-59.588717949310286,4.8416136695260334,-0.0630814944016208,-0.06866016800649663,0.005578673604875834,0.5446605050534371,0.003971703283738352,-0.0012714839446674201,13.845694203846506,-1.5300100957747524,15.375704299621258,0.015953484533957507,-0.001762930196230987,0.017716414730188493,0.4586266307281133,0.008190680840608049,-0.004438963079874887
1790141820000,2026-09-23T05:37:00+00:00,86792.3,0.72525926,-50.123256055259844,-57.6956255705002,7.572369515240354,-0.057750809755312216,-0.06647551173376001,0.008724701978447803,0.7136776932981529,0.0031460283735719697,-0.000825674910166383,30.02058599278098,4.780109121936395,25.240476870844585,0.0345889969418727,0.005507526729832479,0.02908147021204022,0.7906879745367053,0.011365055481851728,0.0031743746412436786
1790141880000,2026-09-23T05:38:00+00:00,86741.1,6.74864855,-50.01370823199977,-56.159242102800114,6.145533870800342,-0.05765860501192603,-0.06474352077942304,0.0070849157674970015,0.604166179969942,-0.0016397862109508018,-0.004785814584522772,32.45708997565089,10.315505292679294,22.141584682971594,0.0374183518258944,0.011892292457300281,0.025526059368594117,0.68562185706177,-0.003555410843446103,-0.01492046632529783
1790141940000,2026-09-23T05:39:00+00:00,86739.2,0.75837774,-49.50949032793869,-54.82929174782783,5.319801419889139,-0.057078564625842404,-0.06321166410092303,0.006133099475080631,0.5361278622061767,-0.0009518162924163709,0.0006879699185344309,32.842874122041394,14.820979058551714,18.02189506348968,0.03786393478616519,0.01708682932117395,0.02077710546499124,0.5480860389168998,-0.004748953903602877,-0.0011935430601567737
1790142000000,2026-09-23T05:40:00+00:00,86792.1,1.38161663,-44.33029407457798,-52.72949221317786,8.399198138599886,-0.05107641602700934,-0.06075379235342602,0.009677376326416673,0.7291775882176416,0.0035442768513360423,0.004496093143752413,33.22554974531522,18.501893195904415,14.723656549410805,0.03828176728678672,0.021317485342449847,0.016964281944336874,0.4359429580306034,-0.0038128235206543667,0.00093613038294851
1790142060000,2026-09-23T05:41:00+00:00,86833.9,1.76172156,-36.432857761275955,-49.470165322797484,13.03730756152153,-0.04195695202136027,-0.05697102781609197,0.0150140757947317,1.0223735457997043,0.005336699468315028,0.0017924226169789854,39.52735486616439,22.70698552995641,16.82036933620798,0.04552064903933186,0.026149908653137093,0.019370740386194768,0.5037049062990762,0.0024064584418578942,0.006219281962512261
1790142120000,2026-09-23T05:42:00+00:00,86832.5,1.44961946,-29.941899307712447,-45.56451211978048,15.622612812068034,-0.03448236467648916,-0.052474030023067955,0.017991665346578797,1.1727084863993618,0.0029775895518470968,-0.002359109916467931,42.193129762948956,26.60421437655492,15.588915386394035,0.0485914027155143,0.03063854475749854,0.01795285795801576,0.457643537435973,-0.0014178824281790084,-0.0038243408700369026
1790142180000,2026-09-23T05:43:00+00:00,86751.4,8.67680221,-30.984687991585815,-42.64854729414155,11.663859302555736,-0.03571664317992081,-0.049161797151563616,0.013445153971642806,0.8889400061128252,-0.004546511374935992,-0.007524100926783088,36.89773254802276,28.66291801084849,8.23481453717427,0.0425327228702047,0.033040294463084735,0.009492428407119965,0.20762025839523904,-0.008460429550895794,-0.007042547122716784
1790142240000,2026-09-23T05:44:00+00:00,86757.2,1.50462053,-30.985907752547064,-40.316019385822656,9.330111633275592,-0.03571566135438565,-0.04646994069174969,0.010754279337364036,0.7166966192677782,-0.0026908746342787695,0.0018556367406572238,31.942675099897315,29.318869428658257,2.623805671239058,0.03681847166563388,0.03379416282297983,0.0030243088426540484,0.016932534525589252,-0.006468119564465916,0.0019923099864298764
1790142300000,2026-09-23T05:45:00+00:00,86773.3,0.96511192,-29.349417163524777,-38.12269894136308,8.773281777838307,-0.03382309669394246,-0.04393367423085567,0.010110577536913204,0.6652505693365436,-0.0006437018004508323,0.002047172833827937,22.99164518924954,28.053424580776515,-5.061779391526976,0.026496220829736263,0.032329558263632374,-0.005833337433896113,-0.23971126991643438,-0.008857646276550162,-0.0023895267120842435
1790142360000,2026-09-23T05:46:00+00:00,86748.1,0.26508894,-29.743056534949574,-36.44677046008039,6.703713925130813,-0.034286695080295214,-0.0420144884557476,0.007727793375452388,0.5156689315699984,-0.002382784161460816,-0.0017390823610099835,4.272842322621727,23.29730812914556,-19.024465806523832,0.0049255745343376135,0.02685627481079765,-0.021930700276460036,-0.6996271674793801,-0.016097362842563925,-0.007239716566013762
1790142420000,2026-09-23T05:47:00+00:00,86767.7,0.36745708,-28.148978475102922,-34.787212063084894,6.638233587981972,-0.032441770929853994,-0.04009235241119091,0.007650581481336917,0.5044472563524418,-7.721189411547067e-05,0.002305572267345345,-4.4911524284107145,17.739616017634308,-22.230768446045023,-0.0051760648587097675,0.020444953614806326,-0.025621018473516093,-0.7918085948071135,-0.003690318197056057,0.012407044645507867
1790142480000,2026-09-23T05:48:00+00:00,86748.1,1.65372177,-28.142803602298955,-33.45833037092771,5.315526768628757,-0.03244198270889962,-0.03856952529326603,0.006127542584366409,0.41323249523280675,-0.0015230388969705083,-0.0014458270028550376,-2.3519329036789713,13.721306233371653,-16.073239137050624,-0.0027112212298355484,0.015817414137452756,-0.018528635367288302,-0.5709922089740574,0.007092383106227791,0.010782701303283845
1790142540000,2026-09-23T05:49:00+00:00,86601.7,27.71186462,-39.49588250706438,-34.665840798155045,-4.830041708909334,-0.04560635935214249,-0.04002905346910632,-0.00557730588303617,-0.26068411971349803,-0.011704848467402579,-0.01018180957043207,-24.15679586403712,6.145685813889898,-30.30248167792702,-0.02789413587035488,0.007096495581368377,-0.03499063145172326,-1.0341226205085012,-0.016461996084434955,-0.023554379190662746
1790142600000,2026-09-23T05:50:00+00:00,86521.9,9.19271351,-54.30646133549453,-38.59396490562294,-15.712496429871592,-0.06276614514417106,-0.04460600715613381,-0.01816013798803724,-0.9783210857877933,-0.012582832105001069,-0.0008779836375984902,-59.56622643567971,-6.996696636024025,-52.56952979965568,-0.06884525933397176,-0.008086619267519583,-0.06075864006645218,-1.76432985667963,-0.025768008614728923,-0.009306012530293967
1790142660000,2026-09-23T05:51:00+00:00,86586.8,2.86829244,-60.11410615737259,-42.89799315597287,-17.21611300139972,-0.06942640928798914,-0.04954334050452595,-0.019883068783463204,-1.0608251030057858,-0.0017229307954259657,0.010859901309575103,-72.90619367628824,-20.17859604407687,-52.72759763221137,-0.08420012481843449,-0.023304471402196256,-0.06089565341623824,-1.7440625548531723,-0.00013701334978605956,0.025630995264942863
1790142720000,2026-09-23T05:52:00+00:00,86556.9,3.93980118,-66.36437938071322,-47.59127040092094,-18.773108979792276,-0.07667139116663516,-0.05498264193948829,-0.021688749227146857,-1.1491508615176902,-0.0018056804436836528,-8.274964825768713e-05,-86.49555611635151,-33.4419880585318,-53.05356805781971,-0.09992912883473358,-0.038635843079560146,-0.061293285755173434,-1.724686358004285,-0.00039763233893519434,-0.0002606189891491348
1790142780000,2026-09-23T05:53:00+00:00,86548.2,2.39339717,-71.1990449615987,-52.31282531305649,-18.88621964854221,-0.08226519437908437,-0.06044357400044888,-0.0218216203786355,-1.1381390620088698,-0.00013287115148864423,0.0016728092921950086,-91.1550787560991,-44.98460619804526,-46.17047255805384,-0.1053229053361007,-0.05197636253329967,-0.053346542802801024,-1.4571702407672538,0.00794674295237241,0.008344375291307597
1790142840000,2026-09-23T05:54:00+00:00,86561.9,3.45094344,-73.08262574477703,-56.46678539940061,-16.615840345376427,-0.0844281672938984,-0.06523283962043418,-0.019195327673464224,-0.9616617455792847,0.002626292705171278,0.002759163856659922,-68.18399160768604,-49.62448327997342,-18.55950832771262,-0.07876905614096508,-0.05732832028868754,-0.02144073585227753,-0.48982082523966186,0.031905806950523495,0.023959063998151085
1790142900000,2026-09-23T05:55:00+00:00,86521.4,6.46917052,-76.95628446954652,-60.5646852134298,-16.39159925611672,-0.08894479801476458,-0.06999965929056834,-0.018945138724196234,-0.9297365349944544,0.000250188949267989,-0.002376103755903289,-46.97149892323068,-49.093886408624876,2.122387485394192,-0.05428887988778578,-0.056741900164150004,0.00245302027636422,0.22661802362270794,0.02389375612864175,-0.008012050821881743
1790142960000,2026-09-23T05:56:00+00:00,86528.2,3.20656922,-78.57175743658445,-64.16609965806073,-14.405657778523718,-0.09080479824679637,-0.07415628622583242,-0.01664851202096394,-0.7720841159316633,0.002296626703232295,0.002046437753964306,-35.67143771548581,-46.409396669997065,10.737958954511257,-0.04122521642133525,-0.05363499607064179,0.012409779649306535,0.5135149512022125,0.009956759372942315,-0.013936996755699434
1790143020000,2026-09-23T05:57:00+00:00,86514.8,5.0142284,-80.01098261091101,-67.3350762486308,-12.675906362280216,-0.09248242221089456,-0.07783070208638382,-0.014651720124510737,-0.634374869463923,0.001996791896453203,-0.0002998348067790903,-20.815020100111724,-41.290521356019994,20.47550125590827,-0.024059490515046817,-0.047726540841590094,0.023667050326543284,0.8344454991917352,0.011257270677236749,0.0013005113042944341
1790143080000,2026-09-23T05:58:00+00:00,86486.1,8.16381473,-82.51623330179427,-70.3713076592635,-12.14492564253078,-0.09540982111783775,-0.08136718809064519,-0.014042633027192553,-0.5838963679216911,0.0006090870973181842,-0.0013877047991350186,-11.579194104022463,-35.34825590562049,23.769061801598028,-0.01338850301264881,-0.04087160353585199,0.02748310052320318,0.9321313097632811,0.0038160501966598946,-0.0074412204805768545
1790143140000,2026-09-23T05:59:00+00:00,86509,2.2924226,-81.71189998780028,-72.63942612497085,-9.072473862829426,-0.09445479659665501,-0.08396747867270556,-0.010487317923949446,-0.35414506151899006,0.0035553151032431066,0.0029462280059249207,1.064592008056934,-28.065686322885007,29.13027833094194,0.0012306141650659862,-0.032442504621351544,0.03367311878641753,1.1002428949601426,0.006190018263214352,0.002373968066554457
1790143200000,2026-09-23T06:00:00+00:00,86484.1,4.03867309,-82.13685935729882,-74.53891277143646,-7.59794658586236,-0.094973364303148,-0.08618799614199195,-0.00878536816115605,-0.2369894256441746,0.0017019497627933956,-0.001853365340449711,14.110127087231376,-19.630523640861732,33.74065072809311,0.016315284644496938,-0.022698419294253775,0.03901370393875071,1.2385897123050411,0.005340585152333183,-0.000849433110881169
1790143260000,2026-09-23T06:01:00+00:00,86478.9,0.85745343,-81.948586961822,-76.02084760951357,-5.927739352308436,-0.09476136602318254,-0.08790681612452698,-0.006854549898655552,-0.10248830067875377,0.0019308182625004987,0.00022886849970710395,14.03343659840175,-12.897731593009036,26.931168191410784,0.016227584530332545,-0.014914310419083773,0.031141894949416316,0.980406793586426,-0.007871808989334397,-0.013212394141667583
1790143320000,2026-09-23T06:02:00+00:00,86520.2,1.62971247,-77.57260617378051,-76.33119932236696,-1.2414068514135579,-0.08965837593276543,-0.08822355857056151,-0.0014348173622039221,0.25450087944590716,0.00541973253645163,0.00348891427395113,17.390634231400327,-6.840058428127163,24.23069265952749,0.020100085565452147,-0.00790573580288437,0.028005821368336518,0.8769672411208905,-0.0031360735810797985,0.004735735408254602
1790143380000,2026-09-23T06:03:00+00:00,86563.7,2.97039628,-69.79002742332523,-75.02296494255862,5.2329375192333885,-0.08062274073696622,-0.086667927713994,0.006045186977027771,0.7613355379706099,0.007480004339231693,0.0020602718027800644,36.066608055189135,1.7412748685360961,34.32533318665304,0.041664817995521373,0.0020115531897736535,0.039653264805747726,1.2345167009972768,0.011647443437411208,0.014783517018491007
1790143440000,2026-09-23T06:04:00+00:00,86530.8,3.33267408,-65.52173891602433,-73.12271973725177,7.600980821227438,-0.07572071322121642,-0.08450484652545888,0.008784133304242464,0.981127255802342,0.0027389463272146928,-0.0047410580120170005,40.44844956322049,9.482709807472975,30.965739755747517,0.04674456905890214,0.01095876821602594,0.0357858008428762,1.1375690780925487,-0.003867463962871527,-0.015514907400282735
1790143500000,2026-09-23T06:05:00+00:00,86560.1,0.96967829,-59.093629812967265,-70.31690175239487,11.223271939427605,-0.06826890196865214,-0.0812347741654583,0.012965872196806155,1.316491473284704,0.0041817388925636904,0.0014427925653489977,51.827402886454365,17.951648423269255,33.87575446318511,0.05987447205635664,0.020738941409805735,0.039135530646550905,1.2563427615963538,0.003349729803674706,0.007217193766546233
1790143560000,2026-09-23T06:06:00+00:00,86579.5,5.95983867,-51.8363519708073,-66.62079179607736,14.784439825270056,-0.05987139215496428,-0.0769475358440247,0.017076143689060408,1.6469919769607784,0.004110271492254253,-7.146740030943705e-05,65.79236742302601,27.519792223220605,38.2725751998054,0.07599069921058219,0.0317855753650929,0.04420512384548929,1.407842740946397,0.005069593198938384,0.001719863395263678
1790143620000,2026-09-23T06:07:00+00:00,86523.3,3.00089332,-50.042913752942695,-63.305216187450426,13.262302434507731,-0.05783750013342382,-0.0731655128589067,0.015328012725482882,1.5839123501249848,-0.0017481309635775256,-0.005858402455831777,58.609449411262176,33.73772366082892,24.871725750433257,0.06773834263286557,0.038992645519564,0.028745697113301567,0.9376644642842008,-0.015459426732187722,-0.02052901993112611
1790143680000,2026-09-23T06:08:00+00:00,86564.6,3.27755191,-44.77292183006648,-59.59875731597364,14.825835485907163,-0.0517219762236139,-0.06884887969906132,0.017126903475447427,1.7409207663428201,0.0017988907499645445,0.00354702171354207,52.72813815518748,37.53580655970063,15.192331595486849,0.0609118948798787,0.04336161266811217,0.01755028221176653,0.5826972362195317,-0.011195414901535038,0.004264011830652684
1790143740000,2026-09-23T06:09:00+00:00,86563.5,0.88830758,-40.22152733973053,-55.72331132072502,15.501783980994489,-0.046464765564851844,-0.06437275678631874,0.017907991221466888,1.7773895290533197,0.0007810877460194612,-0.0010178030039450833,51.00827163654321,40.230299575069154,10.77797206147406,0.058925842458476395,0.046474899438064717,0.012450943020411675,0.40987101435997086,-0.0050993391913548534,0.006096075710180185
1790143800000,2026-09-23T06:10:00+00:00,86545.3,1.38121409,-37.649106843426125,-52.108470425265246,14.45936358183912,-0.04350219693435244,-0.0602094746049355,0.016707277670583057,1.6680880588359153,-0.0012007135508838307,-0.001981801296903292,39.35984890385589,40.05620944082651,-0.6963605369706158,0.04547889822307611,0.04628351792740507,-0.0008046197043289651,-0.02567193753282407,-0.01325556272474064,-0.008156223533385788
1790143860000,2026-09-23T06:11:00+00:00,86576.7,1.22655914,-32.69978472418734,-48.22673328504967,15.52694856086233,-0.037769728719375235,-0.05570405580837531,0.017934327089000078,1.7308675622337513,0.0012270494184170207,0.0024277629693008514,32.66310916852672,38.57758938636655,-5.914480217839831,0.03772736679560057,0.04455885866100989,-0.006831491865409321,-0.24160420364311766,-0.006026872161080356,0.0072286905636602845
1790143920000,2026-09-23T06:12:00+00:00,86598.5,0.63311363,-26.710432240739465,-43.92347307618763,17.21304083544817,-0.030843989492588746,-0.050720824351677726,0.019876834859088977,1.8416102567236625,0.0019425077700888985,0.0007154583516718778,36.52049986970087,38.166171483033416,-1.6456716133325457,0.04217220837508833,0.044072554932283375,-0.0019003465571950388,-0.1022773919587064,0.004931145308214282,0.010958017469294638
1790143980000,2026-09-23T06:13:00+00:00,86618.2,0.35445381,-20.14201724952727,-39.16718191085556,19.02516466132829,-0.023253793370824227,-0.04521818960779093,0.0219643962369667,1.9594209810529069,0.002087561377877724,0.00014505360778882537,35.0837489960395,37.54968698563464,-2.465937989595133,0.04050389986866444,0.043350805010534316,-0.0028469051418698764,-0.14644256730067293,-0.0009465585846748375,-0.00587770389288912
1790144040000,2026-09-23T06:14:00+00:00,86612.4,0.59167728,-15.228962572669843,-34.37953804321842,19.150575470548574,-0.01758288948541992,-0.03969355201243519,0.02211066252701527,1.941085046505012,0.00014626629004857103,-0.0019412950878291528,34.88477040272846,37.016703669053406,-2.1319332663249426,0.04027687767886407,0.042738341933780157,-0.002461464254916089,-0.13511852403787722,0.00038544088695378724,0.0013319994716286248
1790144100000,2026-09-23T06:15:00+00:00,86612.3,1.34934013,-11.214130987413228,-29.74645663205738,18.532325644644153,-0.012947503977394928,-0.034344379068628104,0.021396875091233176,1.8629502818507209,-0.0007137874357820949,-0.0008600537258306659,39.84414876521623,37.58219268828597,2.261956076930261,0.046002875763853666,0.043391288175335344,0.002611587588518329,0.036182000861427734,0.005073051843434418,0.004687610956480631
1790144160000,2026-09-23T06:16:00+00:00,86605,2.00855897,-8.523147483429057,-25.501794802331716,16.97864731890266,-0.009841403479509332,-0.029446099881452244,0.01960469640194291,1.7105948144640994,-0.0017921786892902657,-0.0010783912535081708,35.05284521714202,37.07632319405718,-2.02347797691516,0.04047438972015706,0.042810834471516866,-0.002336444751359806,-0.12867290923092767,-0.004948032339878135,-0.010021084183312552
1790144220000,2026-09-23T06:17:00+00:00,86589.9,0.66757432,-7.5222555930231465,-21.905886960470003,14.383631367446856,-0.00868722055692771,-0.025298431988569108,0.0166112114316414,1.481616055477617,-0.0029934849703015104,-0.0012013062810112447,26.783842776712845,35.017827110588314,-8.233984333875469,0.03093183243855559,0.04044100652684472,-0.00950917408828913,-0.3687403992589992,-0.007172729336929324,-0.002224696997051189
1790144280000,2026-09-23T06:18:00+00:00,86556.5,2.79905033,-9.316744788957294,-19.388058526167463,10.071313737210168,-0.010763772551983148,-0.022399309729676527,0.011635537177693379,1.128529649560121,-0.004975674253948022,-0.0019821892836465113,12.639936673513148,30.542249023173284,-17.902312349660136,0.014603105108816955,0.03528591038590202,-0.020682805277085065,-0.747811415001299,-0.011173631188795935,-0.004000901851866611
1790144340000,2026-09-23T06:19:00+00:00,86525.4,5.03168085,-13.097421568774735,-18.129931134688917,5.032509565914182,-0.015137082947637036,-0.020953305196727112,0.0058162222490900735,0.7273103741947672,-0.005819314928603305,-0.0008436406746552827,-7.259020377983688,22.98199514294189,-30.24101552092558,-0.008389467575976174,0.026560981102591717,-0.03495044867856789,-1.2307573510299388,-0.014267643401482826,-0.003094012212686891
1790144400000,2026-09-23T06:20:00+00:00,86539.6,1.16003696,-14.77746837270388,-17.45943858229191,2.6819702095880302,-0.01707596103137047,-0.020175085836185873,0.0030991248048154027,0.5326419158385893,-0.002717097444274671,0.0031022174843286336,-18.44186114051263,14.697223886250988,-33.13908502676362,-0.021310314746673924,0.01698323528910578,-0.03829355003577971,-1.3598198814264864,-0.0033431013572118168,0.01092454204427101
1790144460000,2026-09-23T06:21:00+00:00,86511.7,7.05427409,-18.150981186365243,-17.597747103106578,-0.5532340832586655,-0.02098095539258302,-0.020341464915273402,-0.0006394904773096188,0.27063725628641,-0.0037386152821250215,-0.0010215178378503503,-30.94645876197319,5.568487356606154,-36.514946118579346,-0.03577141445836019,0.006436687010665788,-0.042208101469025976,-1.507717766151787,-0.0039145514332462675,-0.0005714500760344507
1790144520000,2026-09-23T06:22:00+00:00,86529.2,2.44720291,-19.191186596654006,-17.916435001816062,-1.2747515948379444,-0.022178855919913747,-0.020705651966984626,-0.0014732039529291203,0.20254498051556943,-0.0008337134756195015,0.00290490180650552,-37.096824889755226,-2.964575092666122,-34.1322497970891,-0.04287203035478801,-0.0034260978868013597,-0.03944593246798665,-1.4192336195169624,0.0027621690010393232,0.006676720434285591
1790144580000,2026-09-23T06:23:00+00:00,86510,0.2316979,-21.319083295908058,-18.596964660634463,-2.7221186352735955,-0.024643490112019488,-0.02149689592028027,-0.003146594191739216,0.07879333736650386,-0.0016733902388100957,-0.0008396767631905942,-37.59985447830695,-9.891630969794289,-27.708223508512663,-0.043463015233275865,-0.011434089665696784,-0.03202892556757908,-1.1593089668848506,0.007417006900407572,0.0046548378993682485
1790144640000,2026-09-23T06:24:00+00:00,86495.1,2.63116592,-23.931890301930252,-19.66394978889362,-4.267940513036631,-0.027668492552676685,-0.022734177761391826,-0.00493431479128486,-0.05355105393831293,-0.001787720599545644,-0.00011433036073554836,-33.31305595676531,-14.575915967188493,-18.737139989576818,-0.038514385157963064,-0.016851724510623715,-0.02166266064733935,-0.7975879099792269,0.010366264920239732,0.00294925801983216
1790144700000,2026-09-23T06:25:00+00:00,86512.5,0.8621142,-24.318199035376892,-20.594799638190278,-3.723399397186615,-0.028109462835286106,-0.023805576810507476,-0.004303886024778633,-0.02095725305113137,0.0006304287665062271,0.002418149366051871,-26.69105647742981,-16.998944069236757,-9.692112408193054,-0.03085225427242284,-0.01964911899348274,-0.0112031352789401,-0.4318915599635295,0.01045952536839925,9.326044815952117e-05
1790144760000,2026-09-23T06:26:00+00:00,86480,0.80056811,-26.936324692258495,-21.863104649003922,-5.073220043254572,-0.031147461485035263,-0.025281110833723315,-0.005866350651311947,-0.13692138280637883,-0.0015624646265333143,-0.0021928933930395415,-21.625489290148835,-17.924253113419173,-3.7012361767296618,-0.025006347467794676,-0.020726472147802003,-0.004279875319992671,-0.18735479459636473,0.006923259958947429,-0.00353626540945182
1790144820000,2026-09-23T06:27:00+00:00,86462.4,1.48914331,-30.08458468335448,-23.507400655874033,-6.577184027480445,-0.03479499144524612,-0.027188003867431434,-0.0076069875778146875,-0.2644584365560778,-0.0017406369265027402,-0.00017817229996942591,-21.7704097070673,-18.6934844321488,-3.0769252749185014,-0.025179048588828558,-0.02162036264566887,-0.0035586859431596873,-0.15359532356505004,0.0007211893768329838,-0.006202070582114445
1790144880000,2026-09-23T06:28:00+00:00,86453.8,1.60529817,-32.894365762593225,-25.384793677217875,-7.50957208537535,-0.038048490364325484,-0.029362264790232327,-0.008686225574093156,-0.3426643449142792,-0.001079237996278468,0.0006613989302242723,-19.647821319114882,-18.884351809542018,-0.7634695095728645,-0.022726382552432492,-0.021843287177130463,-0.0008830953753020278,-0.05175053690457248,0.0026755905678576596,0.001954401191024676
1790144940000,2026-09-23T06:29:00+00:00,86430.4,0.97428204,-36.58756329462631,-27.625347600699563,-8.962215693926744,-0.04233182224613829,-0.03196253586781915,-0.010369286378319138,-0.4589642073258977,-0.0016830608042259828,-0.0006038228079475148,-19.237841000125627,-18.95504964765874,-0.28279135246688725,-0.022258188091372512,-0.02193099840757273,-0.00032718968379978256,-0.02040082970996682,0.0005559056915022452,-0.002119684876355414
1790145000000,2026-09-23T06:30:00+00:00,86390.2,3.90389566,-42.270979443143005,-30.55447396918825,-11.716505473954754,-0.04893029468984098,-0.03536798614795226,-0.013562308541888725,-0.6780048416238977,-0.003193022163569587,-0.0015099613593436041,-29.181727177550783,-21.00038515363715,-8.181342023913633,-0.0337789786081648,-0.024308758578678077,-0.009470220029486717,-0.3267898723252932,-0.009143030345686934,-0.009698936037189179
1790145060000,2026-09-23T06:31:00+00:00,86459.3,2.5837434,-40.72982708721247,-32.5895445927931,-8.140282494419374,-0.047108670885853195,-0.0376935096545925,-0.00941516123126069,-0.39310150164919694,0.004147147310628036,0.007340169474197623,-22.417743673519,-21.28385685761352,-1.133886815905477,-0.025928666636809455,-0.02461719775387208,-0.0013114688829373785,-0.036776158976220885,0.008158751146549337,0.01730178149223627
1790145120000,2026-09-23T06:32:00+00:00,86459.2,1.74037245,-39.06619117203809,-33.8848739086421,-5.181317263395989,-0.04518453926480709,-0.039191750454135706,-0.00599278881067138,-0.16270557429843358,0.00342237242058931,-0.000724774890038726,-12.601884874922689,-19.547462461075355,6.945577586152666,-0.014575527965702538,-0.022608886574332583,0.008033358608630043,0.2870914320474898,0.009344827491567422,0.001186076345018083
1790145180000,2026-09-23T06:33:00+00:00,86447.3,1.88835112,-38.2668617094605,-34.76127146880578,-3.505590240654719,-0.04426611555185703,-0.04021093946115816,-0.004055176090698864,-0.03613485294080955,0.0019376127199725156,-0.0014847597006167942,-6.530179150970071,-16.9440057990543,10.413826648084228,-0.007553942287347402,-0.019600387518238623,0.012046445230891222,0.42027450337268296,0.004013086622261179,-0.005331740869306242
1790145240000,2026-09-23T06:34:00+00:00,86460.2,0.54936995,-36.175457011311664,-35.04410857730696,-1.1313484340047069,-0.04184058909337668,-0.04053206975846338,-0.0013085193349132976,0.14698522577654913,0.002746656755785566,0.0008090440358130505,5.915518258421798,-12.372100987559081,18.287619245980878,0.006841897495520249,-0.014309590988176158,0.021151488483696402,0.7252110244455992,0.00910504325280518,0.005091956630544001
1790145300000,2026-09-23T06:35:00+00:00,86495.1,2.35964868,-31.340590572479414,-34.30340497634145,2.9628144038620334,-0.03623394917455371,-0.03965936217929275,0.0034254130047390355,0.4694373113472715,0.004733932339652333,0.0019872755838667667,27.055417730050976,-4.48659724403707,31.542014974088048,0.03127971148660557,-0.005187111459535939,0.03646682294614151,1.2364197934164376,0.015315334462445106,0.006210291209639927
1790145360000,2026-09-23T06:36:00+00:00,86525.5,3.31054732,-24.77036084891006,-32.39679615085517,7.626435301945108,-0.028627815902722387,-0.037441905739758995,0.008814089837036604,0.8336785870257125,0.005388676832297568,0.0006547444926452352,37.790604863344925,3.9688431774393287,33.8217616859056,0.04367568504469194,0.004586905799376286,0.039088779245315654,1.3054994436912886,0.0026219562991741455,-0.012693378163270961
1790145420000,2026-09-23T06:37:00+00:00,86545.2,1.90150412,-17.76895168259216,-29.471227257202568,11.702275574610407,-0.02053141212059382,-0.034052988793373366,0.013521576672779551,1.1408416255790772,0.004707486835742947,-0.000681189996554621,50.62597250494582,13.300269042940629,37.325703462005194,0.058496568850665114,0.015368003127776734,0.04312856572288838,1.4196118475126853,0.004039786477572728,0.0014178301783985825
1790145480000,2026-09-23T06:38:00+00:00,86547.9,1.01370732,-11.865637359325774,-25.95010927762721,14.084471918301436,-0.013709907876824018,-0.0299835227401557,0.016273614863331676,1.3048181628018742,0.0027520381905521245,-0.001955448645190823,60.56677652607323,22.75357053956715,37.81320598650608,0.06998064254138256,0.02629014746697164,0.04369049507441091,1.4154608235650175,0.000561929351522529,-0.003477857126050199
1790145540000,2026-09-23T06:39:00+00:00,86545,1.00697154,-7.3366516375826905,-22.227417749618308,14.890766112035617,-0.008477268054287007,-0.025683075567182745,0.01720580751289574,1.3400620283890556,0.0009321926495640641,-0.0018198455409880604,64.28658849105705,31.060174129865132,33.226414361191914,0.0742811121278607,0.03588904515554351,0.038392066972317195,1.2184482040915527,-0.005298428102093716,-0.005860357453616245
1790145600000,2026-09-23T06:40:00+00:00,86535.9,1.10908818,-4.430618361133384,-18.668057871921324,14.23743951078794,-0.005119977213079639,-0.02157261653478074,0.016452639321701098,1.2616405205140666,-0.000753168191194642,-0.001685360840758706,59.03531195659889,36.655201695211886,22.380110261387003,0.06822060203522341,0.04235837576683421,0.025862226268389195,0.7869587336508921,-0.012529840703928,-0.007231412601834283
1790145660000,2026-09-23T06:41:00+00:00,86541.2,0.63209042,-1.6805282629356952,-15.270551950124199,13.590023687188504,-0.0019418823207162546,-0.01764541276308186,0.015703530442365606,1.1876474275750484,-0.0007491088793354916,4.059311859150316e-06,48.212969236352365,38.96675520343999,9.246214032912377,0.05571100150720393,0.045026825608426954,0.010684175898776972,0.2698392922348502,-0.015178050369612223,-0.0026482096656842216
1790145720000,2026-09-23T06:42:00+00:00,86587.2,2.15861201,4.162767720117699,-11.38388801607582,15.54665573619352,0.004807601724178284,-0.013147310475538904,0.017954912199717187,1.3213603147215953,0.002251381757351581,0.0030004906366870726,39.4312138944515,39.05964694164229,0.3715669528092107,0.04553931053833766,0.04511018596471798,0.0004291245736196698,-0.08951242389262061,-0.010255051325157302,0.00492299904445492
1790145780000,2026-09-23T06:43:00+00:00,86555.6,1.07539393,6.172611949354177,-7.872588022989821,14.045199972343998,0.00713138369944195,-0.009095411530842396,0.016226795230284346,1.1957811779516616,-0.0017281169694328413,-0.003979498726784422,29.996719379909337,37.2470614292957,-7.2503420493863615,0.03465601229719317,0.04303252640995579,-0.008376514112762619,-0.41636701038734164,-0.008805638686382289,0.0014494126387750144
1790145840000,2026-09-23T06:44:00+00:00,86579.4,0.58274217,9.575508573980187,-4.38296870359582,13.958477277576007,0.011059800107161967,-0.00506236899723932,0.01612216910440129,1.182802128340237,-0.00010462612588305747,0.0016234908435497838,25.489389268739615,34.89552699718448,-9.406137728444868,0.029440478068385338,0.040304653297648735,-0.010864175229263391,-0.5337675875490848,-0.002487661116500773,0.006317977569881515
1790145900000,2026-09-23T06:45:00+00:00,86549.1,0.97286505,9.715379051107448,-1.5632991526551663,11.278678203762613,0.011225280275713378,-0.0018062569716555876,0.013031537247368965,0.9553883908618228,-0.0030906318570323235,-0.002986005731149266,16.37408061447786,31.19123772064316,-14.817157106165297,0.018918834065839923,0.0360387776656755,-0.01711994359983558,-0.786723764992858,-0.006255768370572188,-0.0037681072540714147
1790145960000,2026-09-23T06:46:00+00:00,86527.4,1.21887333,7.9831934813264525,0.34599937414115733,7.637194107185295,0.00922620289217803,0.00039987261161338186,0.008826330280564648,0.6302592297909732,-0.004205206966804317,-0.0011145751097719932,4.714233884064015,25.895836953327333,-21.181603069263318,0.0054482555630517215,0.029927903708336707,-0.024479648145284985,-1.066253349629483,-0.007359704545449406,-0.0011039361748772184
1790146020000,2026-09-23T06:47:00+00:00,86514.5,0.78522356,5.506031641969457,1.3780058277068175,4.12802581426264,0.006364287653479425,0.0015928033193358543,0.004771484334143571,0.293689143707278,-0.004054845946421077,0.0001503610203832384,-11.94763160427101,18.327143241807665,-30.274774846078675,-0.013809975904930398,0.02118389777645096,-0.034993873681381356,-1.4260120693864502,-0.01051422553609637,-0.0031545209906469647
1790146080000,2026-09-23T06:48:00+00:00,86497.3,0.39433834,2.1304087576718302,1.52848641369982,0.6019223439720103,0.002462977176942899,0.0017670914741845353,0.0006958857027583638,-0.06425925787980923,-0.004075598631385207,-2.0752684964129436e-05,-21.545986256329343,10.352517342180263,-31.898503598509606,-0.024909432151442118,0.011968601727661166,-0.03687803387910328,-1.4601651375124423,-0.001884160197721925,0.008630065338374446
1790146140000,2026-09-23T06:49:00+00:00,86477.3,0.42192039,-2.1340297842543805,0.7959831741089798,-2.9300129583633603,-0.0024677340576710655,0.0009204533144640036,-0.0033881873721350697,-0.43903169622653343,-0.004084073074893433,-8.474443508226306e-06,-34.5567087186937,1.3706721300054703,-35.92738084869917,-0.03996043900387003,0.001585008007888163,-0.0415454470117582,-1.5885682880633742,-0.004667413132654917,-0.002783252934932992
1790146200000,2026-09-23T06:50:00+00:00,86488.1,2.23879132,-4.589256222679978,-0.2810647052488118,-4.308191517431166,-0.005306228513148026,-0.0003249750026290458,-0.00498125351051898,-0.5984396761490421,-0.0015930661383839104,0.002491006936509523,-38.161614252239815,-6.535785146443587,-31.625829105796228,-0.04412354329929761,-0.00755686059289496,-0.03656668270640265,-1.3872377132317975,0.00497876430535555,0.009646177438010467
1790146260000,2026-09-23T06:51:00+00:00,86509.7,0.55837989,-4.737490540850558,-1.1723498723691612,-3.565140668481397,-0.00547625357717176,-0.0013551658049550065,-0.004121087772216754,-0.5392264744623031,0.0008601657383022262,0.0024532318766861366,-33.994954892463284,-12.027619095647527,-21.967335796815757,-0.03929611927039775,-0.013903202872796377,-0.025392916397601373,-0.9737452766741903,0.011173766308801274,0.006195002003445728
1790146320000,2026-09-23T06:52:00+00:00,86490.6,2.81583903,-6.3232867668848485,-2.202537251272299,-4.12074951561255,-0.007310952597027709,-0.002546562575901079,-0.00476439002112663,-0.6026504786617662,-0.0006433022489098763,-0.0015034679872121025,-31.87925362889655,-15.997946002297333,-15.881307626599217,-0.03685863391963583,-0.01849674531370731,-0.018361888605928522,-0.7039484604913995,0.007031027791672851,-0.004142738517128423
1790146380000,2026-09-23T06:53:00+00:00,86490.5,5.84723803,-7.501636667424464,-3.2623571345027322,-4.239279532921731,-0.008673364898369722,-0.003771925395855883,-0.004901439502513838,-0.6164505514353487,-0.00013704948138720807,0.0005062527675226683,-26.591689919514465,-18.116694785740762,-8.474995133773703,-0.03074521469931896,-0.02094645629952511,-0.009798758399793854,-0.3679983593347574,0.008563130206134669,0.001532102414461816
1790146440000,2026-09-23T06:54:00+00:00,86450.2,7.00542069,-11.554171356823645,-4.920719978966915,-6.63345137785673,-0.013365118133704312,-0.005691970613100854,-0.007673147520603457,-0.8577693611575694,-0.0027717080180896187,-0.0026346585367024106,-21.590986843264545,-18.81155319724552,-2.779433646019026,-0.024975057134933806,-0.021759988059305263,-0.003215069075628542,-0.09769550944941709,0.006583689324165311,-0.0019794408819693576
1790146500000,2026-09-23T06:55:00+00:00,86484.2,3.77398114,-11.885311966951122,-6.313638376563756,-5.571673590387365,-0.013742755285880105,-0.00730033737557121,-0.006442417910308896,-0.7420370597815252,0.0012307296102945613,0.004002437628384181,-14.752362075916608,-17.99971497297974,3.2473528970631307,-0.017057869617706597,-0.02081272067381064,0.003754851056104041,0.18764318147981707,0.006969920131732583,0.0003862308075672713
1790146560000,2026-09-23T06:56:00+00:00,86467.1,5.19029312,-13.373410029395018,-7.7255927071300095,-5.647817322265008,-0.01546647225290893,-0.00893471934080131,-0.0065317529121076195,-0.7396144585613176,-8.933500179872378e-05,-0.001320064612093285,-12.74543541118328,-16.948859060620446,4.203423649437166,-0.014740213805231446,-0.019601512090286877,0.004861298285055432,0.24474737901621674,0.0011064472289513913,-0.005863472902781192
1790146620000,2026-09-23T06:57:00+00:00,86484.3,0.33653851,-13.014815519578406,-8.78343726961969,-4.231378249958716,-0.015048760895998933,-0.01015610610205516,-0.004892654793943774,-0.5864136120800796,0.0016390981181638453,0.00172843311996257,-6.795331210480072,-14.918153490592372,8.1228222801123,-0.00785730035449217,-0.017249551063710258,0.009392250709218088,0.42910499380502565,0.004530952424162656,0.0034245051952112647
1790146680000,2026-09-23T06:58:00+00:00,86513.9,1.79103932,-10.224294857805944,-9.07160878725694,-1.152686070549004,-0.011818094962550462,-0.010485724013432455,-0.0013323709491180078,-0.2708521513886076,0.0035602838448257667,0.0019211857266619213,1.7410220089950599,-11.586318390674887,13.327340399669946,0.0020124188240214116,-0.013392435655628619,0.01540485447965003,0.6613561998476394,0.006012603770431942,0.0014816513462692863
1790146740000,2026-09-23T06:59:00+00:00,86474.5,1.24668368,-11.064493258323637,-9.47018568147028,-1.5943075768533568,-0.012795093649947253,-0.010951419992564606,-0.0018436736573826465,-0.3157120333069631,-0.0005113027082646387,-0.004071586553090405,7.78812470792036,-7.711429770955839,15.499554478876199,0.009006267405906205,-0.008917576593048631,0.017923843998954834,0.7500333583550337,0.0025189895193048033,-0.003493614251127139
1790146800000,2026-09-23T07:00:00+00:00,86446.2,12.10700069,-13.854227124742465,-10.346993970124718,-3.5072331546177473,-0.016026415417615195,-0.011969287221560598,-0.004057128196054595,-0.5083750114201218,-0.002213454538671949,-0.0017021518304073102,2.1499501876096474,-5.739153779242741,7.889103966852389,0.002487038397997422,-0.006638989081350877,0.009126027479348299,0.393047473746298,-0.008797816519606535,-0.011316806038911338
1790146860000,2026-09-23T07:01:00+00:00,86410,2.49618503,-18.76978240897006,-12.031551657893786,-6.738230751076273,-0.02172177110168969,-0.013923795461050556,-0.0077979756406391315,-0.8373386522002307,-0.003740847444584536,-0.0015273929059125872,-6.768846945822588,-5.9450924125587115,-0.8237545332638767,-0.00783340695037911,-0.006880097688414202,-0.0009533092619649076,-0.019051872449031938,-0.010079336741313207,-0.0012815202217066717
1790146920000,2026-09-23T07:02:00+00:00,86376.1,7.71440718,-25.111373786538024,-14.647516083622634,-10.46385770291539,-0.029072131974629583,-0.016957834497763422,-0.012114297476866159,-1.20879267299171,-0.004316321836227027,-0.0005754743916424913,-20.817832199143595,-8.919640369875689,-11.898191829267907,-0.024101380126150165,-0.010326514359731092,-0.013774865766419075,-0.5422932005670807,-0.012821556504454167,-0.0027422197631409607
1790146980000,2026-09-23T07:03:00+00:00,86477.3,3.94908156,-21.720753084809985,-16.062163483860104,-5.658589600949881,-0.025117288681318663,-0.01857384941928125,-0.006543439262037414,-0.7176351720700386,0.005570858214828745,0.009887180051055773,-18.352304039202863,-10.806173103741123,-7.54613093546174,-0.02122210573087141,-0.012495964956978448,-0.008726140773892964,-0.34484113912231473,0.005048724992526111,0.017870281496980278
1790147040000,2026-09-23T07:04:00+00:00,86438.6,3.04899462,-21.903933411536855,-17.230517469395455,-4.6734159421414,-0.025340453699547256,-0.01993382293257347,-0.005406630766973782,-0.6186697968372479,0.001136808495063632,-0.004434049719765113,-17.786977941941586,-12.202334071381216,-5.58464387056037,-0.020577586797960155,-0.014116765046381147,-0.006460821751579005,-0.25766950732592797,0.002265319022313959,-0.002783405970212153
1790147100000,2026-09-23T07:05:00+00:00,86370.1,0.54425583,-27.262220751144923,-19.23685812574535,-8.025362625399573,-0.031564419574765946,-0.022272589849664813,-0.009291829725101132,-0.9503757514580252,-0.0038851989581273495,-0.0050220074531909815,-23.54021843051305,-14.469910943207584,-9.070307487305467,-0.02725505519909442,-0.016753379865494637,-0.010501675333599782,-0.4196398138176487,-0.004040853582020777,-0.0063061726043347355
1790147160000,2026-09-23T07:06:00+00:00,86326.8,0.66865123,-34.60375959840894,-22.31023842027807,-12.293521178130874,-0.04008460825422573,-0.025843930761105555,-0.01424067749312018,-1.359365690987163,-0.004948847768019049,-0.0010636488098916992,-31.59885165168089,-17.895699084902247,-13.703152566778641,-0.03660375648313257,-0.020730177748859276,-0.015873578734273294,-0.626102627418957,-0.0053719034006735125,-0.0013310498186527358
1790147220000,2026-09-23T07:07:00+00:00,86382,2.02760826,-35.557913856522646,-24.959773507526986,-10.59814034899566,-0.041163568632959,-0.028894646462835988,-0.012268922170123011,-1.1730983949198361,0.0019717553229971693,0.006920603091016218,-20.553634356008843,-18.427286139123566,-2.126348216885276,-0.023793885712311412,-0.021332321709526945,-0.0024615640027844644,-0.08105094342916148,0.01341201473148883,0.018783918132162344
1790147280000,2026-09-23T07:08:00+00:00,86432.6,1.24224337,-31.86378498347767,-26.340575802717126,-5.523209180760546,-0.03686547087959598,-0.030475278775273593,-0.00639019210432238,-0.6643383151748735,0.005878730065800631,0.003906974742803462,-19.19679876131704,-18.581188663562262,-0.6156100977547787,-0.022210136871177125,-0.021497893923776747,-0.0007122429474003775,-0.007888034070508015,0.001749321055384087,-0.011662693676104743
1790147340000,2026-09-23T07:09:00+00:00,86393.9,0.64174382,-31.693583900792873,-27.411177422332276,-4.282406478460597,-0.03668497880150436,-0.03172813985979598,-0.004956838941708382,-0.5397560242653243,0.0014333531626139978,-0.004445376903186634,-16.97766205597145,-18.2604833420441,1.2828212860726502,-0.019651459253455916,-0.02113631094561549,0.001484851692159574,0.08434692231679908,0.0021970946395599516,0.00044777358417586463
1790147400000,2026-09-23T07:10:00+00:00,86401.5,2.85989569,-30.592787224595668,-28.047499382784956,-2.545287841810712,-0.035407703829905345,-0.032461819971626595,-0.0029458838582787474,-0.3677420613801336,0.0020109550834296348,0.0005776019208156369,-0.5811570924415719,-14.724618092123595,14.143460999682024,-0.0006726238461618975,-0.017042086181517216,0.016369462335355318,0.678545891840032,0.014884610643195744,0.012687516003635792
1790147460000,2026-09-23T07:11:00+00:00,86428.6,1.27961317,-27.219880572592956,-27.88197562074656,0.6620950481536028,-0.031494066284300515,-0.03226012641735092,0.0007660601330504055,-0.05345285238480846,0.003711943991329153,0.0017009889078995182,21.977143458396313,-7.384265782019614,29.361409240415927,0.025428091463238222,-0.00854377576637781,0.03397186722961604,1.3602242939326459,0.01760240489426072,0.002717794251064976
1790147520000,2026-09-23T07:12:00+00:00,86456.8,0.52158723,-22.017519172048196,-26.70908433100689,4.691565158958692,-0.02546649791809111,-0.03089298277406391,0.0054264848559728,0.33813015162805543,0.0046604247229223945,0.0009484807315932415,34.99430607278191,1.0914485889406906,33.90285748384122,0.04047605980418187,0.001262420756887475,0.03921363904729439,1.5341095328651666,0.005241771817678355,-0.012360633076582365
1790147580000,2026-09-23T07:13:00+00:00,86397.4,5.85881145,-22.429144636902492,-25.85309639218601,3.423951755283518,-0.025960439361488303,-0.029923465743397385,0.003963026381909084,0.20483999743030404,-0.0014634584740637162,-0.006123883196986111,25.582746228494216,5.989708116851396,19.59303811164282,0.02961055104493216,0.006932741166807563,0.022677809878124598,0.868101027498703,-0.016535829169169795,-0.021777600986848153
1790147640000,2026-09-23T07:14:00+00:00,86371.7,0.41804436,-24.54618288273923,-25.591713690296658,1.0455308075574266,-0.02841924250968689,-0.029629744106341147,0.0012105015966542589,-0.036716049612882704,-0.002752524785254825,-0.0012890663111911086,17.002376023112447,8.192241698103608,8.810134325008839,0.019685123742050288,0.009484867958027466,0.010200255784022822,0.3723052694240073,-0.012477554094101775,0.004058275075068021
1790147700000,2026-09-23T07:15:00+00:00,86402.7,1.01900044,-23.452168028234155,-25.16380455788416,1.7116365296500042,-0.027142864781116972,-0.02912386367310762,0.0019809988919906488,0.029465695819823248,0.0007704972953363899,0.003523022080591215,21.15618995310797,10.78503134910448,10.371158604003488,0.024485565790314388,0.01248228510116522,0.012003280689149168,0.4419764563401552,0.0018030249051263457,0.01428057899922812
1790147760000,2026-09-23T07:16:00+00:00,86434.4,4.36997349,-19.798997780075297,-24.09084320232239,4.291845422247093,-0.02290638655451452,-0.027871823258242542,0.004965436703728021,0.28764046150122174,0.0029844378117373726,0.002213940516400983,23.054976479994366,13.239020375282458,9.815956104711908,0.02667338059845891,0.01531684187694073,0.01135653872151818,0.4196513462736744,-0.0006467419676309885,-0.002449766872757334
1790147820000,2026-09-23T07:17:00+00:00,86440.8,1.37809461,-16.200656442859326,-22.51280585042978,6.312149407570452,-0.01874190942571023,-0.026044189607719707,0.007302280182009481,0.49093588953579037,0.0023368434782814595,-0.0006475943334559131,16.002402089594398,13.791696718144845,2.210705371449553,0.018512556674156647,0.015955077600097227,0.002557479074059417,0.08469165341571828,-0.008799059647458762,-0.008152317679827775
1790147880000,2026-09-23T07:18:00+00:00,86440.9,2.07976951,-13.18884307105327,-20.648013294554477,7.459170223501207,-0.015257642008647841,-0.023886855984325103,0.008629213975677265,0.6037976086802418,0.001326933793667784,-0.0010099096846136755,15.253491645969916,14.08405570370986,1.1694359422600566,0.017646150891499183,0.016293277492147654,0.00135287339935153,0.046832294678655344,-0.001204605674707887,0.007594453972750876
1790147940000,2026-09-23T07:19:00+00:00,86388.5,6.18035712,-14.85891700402135,-19.490194036447853,4.631277032426503,-0.017200109972995654,-0.022561097873499195,0.0053609879005035435,0.3224124240113938,-0.0032682260751737214,-0.0045951598688415045,13.370972162825637,13.941438995533016,-0.5704668327073783,0.015477722338998405,0.0161380727707195,-0.0006603504317210952,-0.0247736230592189,-0.0020132238310726254,-0.0008086181563647381
1790148000000,2026-09-23T07:20:00+00:00,86441.8,0.69031711,-11.746195247760625,-17.94139427871041,6.195199030949784,-0.013588559293953415,-0.02075546122212912,0.007166901928175702,0.48112513437755305,0.0018059140276721584,0.00507414010284588,19.34368798471405,15.021888793369225,4.321799191344827,0.022377701510975075,0.017378037932307317,0.004999663578667758,0.20624222726014244,0.0056600140103888535,0.007673237841461479
1790148060000,2026-09-23T07:21:00+00:00,86438.5,2.55042858,-9.436841219372582,-16.240483666842845,6.8036424474702635,-0.010917405113893209,-0.018788483912657954,0.007871078798764744,0.5510940360041279,0.0007041768705890418,-0.0011017371570831167,15.873380574688781,15.192187149633138,0.6811934250556426,0.0183637853209956,0.017575718169141226,0.0007880671518543735,0.04543334233392348,-0.004211596426813385,-0.009871610437202239
1790148120000,2026-09-23T07:22:00+00:00,86421.9,1.53676362,-8.844192436794401,-14.761225420833158,5.917032984038757,-0.010233739870095892,-0.01708042223190321,0.0068466823618073165,0.47615332612354583,-0.0010243964369574272,-0.001728573307546469,9.441961600168725,14.042142039740256,-4.600180439571531,0.010925427004230092,0.016248360704567078,-0.005322933700336988,-0.19078528272048384,-0.006111000852191362,-0.0018994044253779771
1790148180000,2026-09-23T07:23:00+00:00,86365.1,0.72061575,-12.810132080776384,-14.371006752821804,1.5608746720454203,-0.014832533142179402,-0.01663983108086693,0.0018072979386875257,0.04452420361450402,-0.005039384423119791,-0.004014987986162363,-3.222448839689605,10.589223863854285,-13.81167270354389,-0.0037311933173117436,0.012260998787536033,-0.01599219210484778,-0.6088579799103223,-0.01066925840451079,-0.0045582575523194285
1790148240000,2026-09-23T07:24:00+00:00,86360.9,1.58830553,-16.10640807443997,-14.718087017145438,-1.3883210572945313,-0.018650116053028593,-0.017042535472818646,-0.0016075805802099462,-0.2466336937876707,-0.003414878518897472,0.0016245059042223186,-3.7678137274633627,7.717816345590755,-11.485630073054118,-0.00436286991852026,0.008936702078823583,-0.013299571997343843,-0.49360992331532993,0.002692620107503936,0.013361878512014726
1790148300000,2026-09-23T07:25:00+00:00,86342.3,0.62155017,-19.989172364934348,-15.77230408670322,-4.216868278231127,-0.023151077009686268,-0.018267180844966164,-0.004883896164720104,-0.52427139490915,-0.0032763155845101583,0.0001385629343873139,-18.94132965117751,2.385987146237102,-21.327316797414614,-0.02193748562544374,0.002763404665195509,-0.024700890290639252,-0.9394059365154397,-0.01140131829329541,-0.014093938400799345
1790148360000,2026-09-23T07:26:00+00:00,86316.4,3.86145335,-24.869524189518415,-17.591748107266262,-7.277776082252153,-0.028812049841650506,-0.020380539627772084,-0.008431510213878422,-0.8231341557160968,-0.0035476140491583173,-0.00027129846464815925,-36.64774435322033,-5.4207591536543855,-31.226985199565945,-0.04245745229553171,-0.0062801033797220285,-0.036177348915809676,-1.383445434278254,-0.011476458625170424,-7.51403318750149e-05
1790148420000,2026-09-23T07:27:00+00:00,86343.2,1.1227824,-26.271856539926375,-19.327769793798286,-6.9440867461280895,-0.03042724446155155,-0.02238481987440619,-0.008042424587145356,-0.7738648436565311,0.00038908562673306557,0.003936699675891383,-41.73798100747808,-12.684203524419125,-29.05377748305896,-0.04833962721728878,-0.014690448726036474,-0.033649178491252305,-1.2753461208051597,0.0025281704245573716,0.014004629049727796
1790148480000,2026-09-23T07:28:00+00:00,86393,1.62768747,-23.098506027687108,-20.08191704057605,-3.0165889871110565,-0.026736548132009662,-0.02324484280043065,-0.0034917053315790124,-0.3632021118202717,0.004550719255566344,0.0041616336288332785,-26.43730623794545,-15.434824067124392,-11.002482170821057,-0.030601213336665527,-0.01786582717016933,-0.012735386166496195,-0.4509681545330229,0.02091379232475611,0.01838562190019874
1790148540000,2026-09-23T07:29:00+00:00,86416.6,2.91355757,-18.46641082831775,-19.75881579812439,1.2924049698066433,-0.021369055052290586,-0.022864606797911965,0.0014955517456213773,0.07179835089874313,0.0049872570772003895,0.00043653782163404625,-8.473104566772236,-14.042480167053961,5.569375600281726,-0.009804950167875425,-0.016249748505557913,0.006444798337682489,0.29480888817925816,0.019180184504178684,-0.0017336078205774236
1790148600000,2026-09-23T07:30:00+00:00,86391,4.6311294,-16.668998226785334,-19.14085228385658,2.4718540570712477,-0.019294831900065208,-0.022156072141608016,0.0028612402415428085,0.1766354844700011,0.0013656884959214312,-0.0036215685812789585,5.393128703377442,-10.155358392967681,15.548487096345124,0.0062426973913688255,-0.01175511151968108,0.017997808911049903,0.7446443074632924,0.011553010573367415,-0.007627173930811269
1790148660000,2026-09-23T07:31:00+00:00,86356.8,4.89445048,-17.799014015021385,-18.87248463008954,1.0734706150681568,-0.02061101617362082,-0.02185408054732174,0.0012430643737009208,0.012487513466470717,-0.0016181758678418877,-0.002983864363763318,11.9658968927979,-5.731107335814565,17.697004228612464,0.013856345872934037,-0.006636544355296358,0.020492890228230393,0.837464319634167,0.00249508131718049,-0.009057929256186925
1790148720000,2026-09-23T07:32:00+00:00,86339.7,6.31453059,-19.845618817591458,-19.067111467589925,-0.7785073500015329,-0.022985508193324112,-0.022083828722580603,-0.0009016794707435085,-0.2072682946306665,-0.0021447438444444295,-0.0005265679766025414,14.897656620771158,-1.6053545444974207,16.50301116526858,0.01725470046892815,-0.0018593469105144225,0.019114047379442573,0.7701420210126965,-0.0013788428487878195,-0.0038739241659683094
1790148780000,2026-09-23T07:33:00+00:00,86291.2,6.27005615,-25.0918690894905,-20.272062991970042,-4.819806097520459,-0.02907813205690789,-0.023492619168547942,-0.005585512888359947,-0.6751632666432605,-0.004683833417616439,-0.0025390895731720094,2.5046175857569324,-0.7833601184465501,3.2879777042034823,0.002902517969105694,-0.0009078099718703067,0.0038103279409760003,0.0795080907991022,-0.015303719438466572,-0.013924876589678753
1790148840000,2026-09-23T07:34:00+00:00,86267.1,7.47652865,-30.83873902799678,-22.38539819917539,-8.45334082882139,-0.035747972318527894,-0.025948940209158985,-0.009799032109368912,-1.1022344614177984,-0.004213519221008965,0.00047031419660747346,-15.420465619303286,-3.7107812186178974,-11.709684400685388,-0.017875256754085026,-0.004301502216508839,-0.013573754537576187,-0.7079816232074406,-0.017384082478552186,-0.0020803630400856137
1790148900000,2026-09-23T07:35:00+00:00,86193.1,11.91941693,-40.89296773733804,-26.086912106807922,-14.806055630530118,-0.04744343542271717,-0.03026566176040532,-0.01717777366231185,-1.8252389656288865,-0.007378741552942939,-0.003165222331933974,-41.303417240138515,-11.229308422922022,-30.07410881721649,-0.04791963305663506,-0.013028082784958449,-0.034891550271676605,-1.6304348927227998,-0.02131779573410042,-0.00393371325554823
1790148960000,2026-09-23T07:36:00+00:00,86223.8,11.17875435,-45.85519287727948,-30.040568260902234,-15.814624616377245,-0.053181595890322016,-0.034840227710797055,-0.018341368179524965,-1.930876828428642,-0.001163594517213113,0.006215147035729826,-51.558112473096116,-19.29506923295684,-32.263043240139275,-0.05979568573073341,-0.022377892453077735,-0.03741779327765568,-1.697387627382627,-0.002526243005979076,0.018791552728121344
1790149020000,2026-09-23T07:37:00+00:00,86278.4,7.01183752,-44.86485425043793,-33.00542545880938,-11.859428791628552,-0.05200009996759088,-0.03825456366693098,-0.013745536300659902,-1.48811593630569,0.004595831878865062,0.005759426396078175,-48.99403480692126,-25.234862347749726,-23.759172459171538,-0.05678597981293263,-0.02924818071237961,-0.027537799100553022,-1.2376309501651965,0.009879994177102659,0.01240623718308173
1790149080000,2026-09-23T07:38:00+00:00,86206.9,15.88776762,-49.2813712322386,-36.26061461349522,-13.020756618743377,-0.057166388342741244,-0.04206231126916201,-0.015104077073579233,-1.6163854802474644,-0.001358540772919331,-0.005954372651784393,-52.261563304273295,-30.640202539054442,-21.621360765218853,-0.060623411008020586,-0.035542633523597815,-0.02508077748442277,-1.1078873371224127,0.002457021616130251,-0.007422972560972407
1790149140000,2026-09-23T07:39:00+00:00,86168.9,5.49388004,-55.2113332979643,-40.05075835038904,-15.160574947575263,-0.06407338761196245,-0.04647936593177938,-0.017594021680183064,-1.831915363036387,-0.0024899446066038305,-0.0011314038336844995,-54.30864046540228,-35.373890124324014,-18.934750341078264,-0.06302580219244099,-0.04105180653846575,-0.021973995653975235,-0.9534667058507954,0.0031067818304475366,0.0006497602143172854
1790149200000,2026-09-23T07:40:00+00:00,86240.9,5.04113089,-53.48453624633839,-42.73751392957892,-10.747022316759477,-0.06201759982367809,-0.049555969301780155,-0.012461630521897936,-1.3305086771915062,0.005132391158285128,0.007622335764888959,-27.865653734494117,-33.872242846358034,6.006589111863917,-0.03231141341810454,-0.03927630955423475,0.0069648961361302095,0.3413984180788706,0.028938891790105444,0.025832109959657908
1790149260000,2026-09-23T07:41:00+00:00,86232.1,6.48877749,-52.224116490833694,-44.634834441829874,-7.58928204900382,-0.06056226914436003,-0.051761275026156,-0.008800994118204033,-0.9772391985937022,0.003660636403693903,-0.001471754754591225,-8.931511381393648,-28.884096553365158,19.95258517197151,-0.010357525076385298,-0.033495759181749206,0.023138234105363906,1.0734106975583697,0.016173337969233696,-0.012765553820871748
1790149320000,2026-09-23T07:42:00+00:00,86204.4,5.55126245,-52.85114811839594,-46.27809717714309,-6.573050941252852,-0.061309107329087544,-0.05368414741839522,-0.0076249599106923225,-0.8562791052573844,0.0011760342075117104,-0.0024846021961821927,-6.51380427989352,-24.41003809867083,17.89623381877731,-0.007556231793149214,-0.028316464239262533,0.020760232446113323,0.9733836002420824,-0.0023780016592505823,-0.01855133962848428
1790149380000,2026-09-23T07:43:00+00:00,86181.9,4.71427548,-54.534991722684936,-47.92947608625146,-6.6055156364334735,-0.0632789387593972,-0.05561431818775342,-0.007664620571643783,-0.8447956816558326,-3.966066095146062e-05,-0.001215694868463171,1.6147560335957678,-19.205079272217514,20.81983530581328,0.0018736602855074765,-0.022284353526920982,0.02415801381242846,1.1455560201064834,0.003397781366315137,0.005775783025565719
1790149440000,2026-09-23T07:44:00+00:00,86068.1,25.43663833,-64.31082370072545,-51.20574560914626,-13.105078091579188,-0.07472085906477016,-0.05949445335629142,-0.015226405708478734,-1.5248917924393788,-0.007561785136834951,-0.00752212447588349,-3.9034916528034955,-16.144761748334712,12.241270095531217,-0.004535352416056002,-0.018758124959578185,0.014222772543522184,0.7108586814462241,-0.009935241268906277,-0.01333302263522141
1790149500000,2026-09-23T07:45:00+00:00,86150.8,9.94853397,-64.6399134419189,-53.89257917570079,-10.747334266218118,-0.07503112384553469,-0.06255609834813,-0.012475025497404688,-1.2407246853524554,0.0027513802110740466,0.010313165347908998,-7.7111957757297205,-14.458048553813715,6.746852778083994,-0.008950811571952577,-0.016782256872616058,0.007831445300663481,0.4377929704759633,-0.006391327242858702,0.0035439140260475725
1790149560000,2026-09-23T07:46:00+00:00,86146.4,11.11505584,-64.51210724550765,-56.016484789662165,-8.495622455845485,-0.07488659682297537,-0.0650247541274646,-0.009861842695510764,-0.9772348199633589,0.002613182801893923,-0.00013819740918012344,-11.166676831868244,-13.799774209424623,2.6330973775563784,-0.012962441648018078,-0.016018979562030012,0.0030565379140119362,0.23865271963507176,-0.004774907386651545,0.0016164198562071581
1790149620000,2026-09-23T07:47:00+00:00,86092,5.84448421,-68.01639461588638,-58.41646675490701,-9.59992786097937,-0.07900431470506712,-0.06785353662931168,-0.011150778075755437,-1.0784615316656203,-0.0012889353802446723,-0.0039021181821385954,-23.24699188345403,-15.689217744230506,-7.557774139223524,-0.027002499516161814,-0.018223781238942652,-0.008778718277219166,-0.31499961566179047,-0.011835256191231103,-0.007060348804579557
1790149680000,2026-09-23T07:48:00+00:00,86141.6,8.74264031,-66.0301081440557,-59.939195032736755,-6.090913111318947,-0.07665298548442993,-0.0695821705572415,-0.0070708149271884275,-0.6756678796993244,0.004079963148567009,0.005368898528811681,-18.92647527848021,-16.336669251080448,-2.5898060273997636,-0.021971353304884294,-0.018964901105947007,-0.0030064521989372887,-0.024995118922386275,0.005772266078281877,0.01760752226951298
1790149740000,2026-09-23T07:49:00+00:00,86132.8,7.90229098,-64.42341523144569,-60.83603907247855,-3.587376158967139,-0.0747954498535351,-0.07063051366317889,-0.004164936190356216,-0.38121754800487506,0.0029058787368322113,-0.0011740844117347979,5.299872207222506,-12.009360959419858,17.309233166642365,0.006153140507707292,-0.013942842865226554,0.020095983372933845,1.0940704491203064,0.023102435571871135,0.017330169493589256
1790149800000,2026-09-23T07:50:00+00:00,86167.9,4.93893166,-59.63044026878197,-60.59491931173924,0.9644790429572723,-0.06920261520680204,-0.07032191722409302,0.0011193020172909776,0.15027424588108648,0.005284238207647194,0.0023783594708149816,14.197439357478288,-6.768000896040229,20.965440253518516,0.016476482956505018,-0.007854434071203115,0.02433091702770813,1.2770477963278213,0.004234933654774287,-0.018867501917096848
1790149860000,2026-09-23T07:51:00+00:00,86216.9,7.93697127,-51.28687936904316,-58.73331132320003,7.446431954156864,-0.05948587732688506,-0.06812273617260656,0.008636858845721506,0.912658749322085,0.007517556828430528,0.0022333186207833342,27.325761889936985,0.05075166115521412,27.27501022878177,0.031694205996663054,5.886509623428136e-05,0.03163534090042877,1.590254989730322,0.00730442387272064,0.003069490217946353
1790149920000,2026-09-23T07:52:00+00:00,86227.2,6.77322325,-43.34378317273513,-55.655405693107056,12.311622520371927,-0.05026694960840098,-0.06454506894936524,0.014278119340964252,1.4967560817241274,0.0056412604952427465,-0.0018762963331877816,52.90235918016697,10.621073164957567,42.2812860152094,0.06135228695836925,0.012317543843424776,0.04903474311494448,2.3276016265153348,0.017399402214515712,0.010094978341795072
1790149980000,2026-09-23T07:53:00+00:00,86172.8,10.28547105,-40.96621454972774,-52.71756746443119,11.751352914703453,-0.04753961174492152,-0.061176574817612045,0.013636963072690515,1.4634674296035213,-0.0006411562682737369,-0.006282416763516483,57.073170627700165,19.911492657506088,37.16167797019408,0.06623107364237922,0.023106470553940554,0.04312460308843867,1.9917855133834743,-0.005910140026505813,-0.023309542241021525
1790150040000,2026-09-23T07:54:00+00:00,86202.8,8.25159652,-36.24343326901726,-49.42274062534841,13.179307356331151,-0.04204438054102333,-0.05733310359448697,0.015288723053463635,1.6630929287765701,0.0016517599807731199,0.002292916249046857,64.81015201107948,28.891224528220768,35.91892748285871,0.07518334904559884,0.03351541310516685,0.04166793594043199,1.871773182239641,-0.0014566671480066781,0.0044534728784991345
1790150100000,2026-09-23T07:55:00+00:00,86195.2,7.53348626,-32.73648573264654,-46.08548964680804,13.3490039141615,-0.03797947650524222,-0.053466422314476965,0.015486945809234737,1.7109496452409936,0.00019822275577110159,-0.0014535372250020183,62.670064468009514,35.64699251617852,27.023071951830993,0.07270713968760385,0.041356122517470256,0.0313510171701336,1.3860949611532467,-0.010316918770298396,-0.008860251622291718
1790150160000,2026-09-23T07:56:00+00:00,86156.7,9.61924766,-32.6870369707176,-43.40579911158996,10.718762140872357,-0.03793905403841791,-0.050380062272104155,0.012441008233686246,1.416846039855468,-0.003045937575548491,-0.003244160331319591,38.32817178363621,36.18322836967006,2.1449434139661463,0.044486582916518635,0.04199699892134919,0.002489583995169437,0.11133495880434947,-0.02886143317496416,-0.018544514404665764
1790150220000,2026-09-23T07:57:00+00:00,86162,5.72378756,-31.85300119459862,-41.0952395281917,9.242238333593079,-0.0369687347027676,-0.04769531757409495,0.01072658287132736,1.2524161563347227,-0.0017144253623588863,0.0013315122131896048,22.511268150206888,33.44883632577743,-10.93756817557054,0.02612667782805284,0.038820868045980166,-0.012694190217927325,-0.55639247031322,-0.015183774213096761,0.013677658961867397
1790150280000,2026-09-23T07:58:00+00:00,86165.9,6.43450756,-30.525446085754083,-38.981280839704176,8.455834753950093,-0.03542636482152926,-0.0452398000133512,0.00981343519182193,1.1588174628346648,-0.0009131476795054289,0.0008012776828534574,17.657440310314996,30.290557122684945,-12.633116812369948,0.020492376114350338,0.035153763986315874,-0.014661387871965534,-0.6470634020616279,-0.0019671976540382094,0.013216576559058552
1790150340000,2026-09-23T07:59:00+00:00,86133.3,4.68447283,-31.73804027584265,-37.53263272693187,5.794592451089223,-0.0368475842395945,-0.043575054859075264,0.006727470619480761,0.8237809861238196,-0.0030859645723411693,-0.0021728168928357404,-0.493649197393097,24.133715858669337,-24.627365056062434,-0.000573122354992897,0.0280190308030336,-0.028592153158026493,-1.2699985867932522,-0.013930765286060959,-0.01196356763202275
1790150400000,2026-09-23T08:00:00+00:00,86200,10.02601298,-27.00559366949892,-35.42722491544529,8.421631245946365,-0.03132899497621685,-0.04109886881142145,0.0097698738352046,1.1385968613042365,0.003042403215723839,0.006128367788065008,-0.4867404162796447,19.20962460367954,-19.696365019959185,-0.0005646640560088685,0.022284947336055152,-0.02284961139206402,-1.031939828422651,0.005742541765962474,0.019673307052023435
1790150460000,2026-09-23T08:01:00+00:00,86241.2,1.98924281,-19.70347061700886,-32.282474055758,12.57900343874914,-0.022846934663488985,-0.03743277465498857,0.014585839991499587,1.6174667804059908,0.004815966156294987,0.001773562940571148,10.757837579352781,17.519267198814187,-6.761429619461406,0.0124741278870804,0.02031426649769969,-0.007840138610619295,-0.3824065133299048,0.015009472781444724,0.00926693101548225
1790150520000,2026-09-23T08:02:00+00:00,86226,2.9452283,-14.97042867426353,-28.820064979459108,13.849636305195578,-0.017361849876213125,-0.03342386864688041,0.016062018770667288,1.7286275406032963,0.0014761787791677007,-0.0033397873771272863,18.532275181860314,17.72186879542341,0.8104063864369024,0.02149267643386022,0.02055281329926404,0.0009398631345961803,-0.0008662840079139443,0.008780001745215475,-0.006229471036229249
1790150580000,2026-09-23T08:03:00+00:00,86173.9,0.5665626,-15.247727110298001,-26.105597405626888,10.857870295328887,-0.017694136055462273,-0.03029408835578625,0.012599952300323982,1.3392569520654956,-0.0034620664703433057,-0.0049382452495110064,19.196780139027396,18.01685106414421,1.1799290748831872,0.02227679162603456,0.02090754980817186,0.0013692418178627025,0.0035967433727595874,0.00042937868326652215,-0.008350623061948953
1790150640000,2026-09-23T08:04:00+00:00,86149.2,3.95292167,-17.261590818190598,-24.33679608813963,7.075205269949031,-0.020036855615827655,-0.028249590348070123,0.00821273473224247,0.8696299451278623,-0.004387217568081511,-0.0009251510977382055,21.91744037452736,18.796968926220842,3.1204714483065175,0.02544125815971287,0.021819087032985615,0.0036221711267272563,0.09795637650539221,0.0022529293088645536,0.0018235506255980317
1790150700000,2026-09-23T08:05:00+00:00,86122,1.34179397,-20.81249154865509,-23.63193518024272,2.8194436315876317,-0.024166289158002705,-0.02744006778783902,0.0032737786298363157,0.352548818481965,-0.004938956102406155,-0.0005517385343246431,6.238556623153272,16.285286465607328,-10.046729842454056,0.007243859435630004,0.01890955442930648,-0.011665694993676477,-0.6228308129434798,-0.015287866120403733,-0.01754079542926829
1790150760000,2026-09-23T08:06:00+00:00,86100,2.2405285,-25.112342644642922,-23.928016673122762,-1.1843259715201597,-0.0291664839078315,-0.02779096013138532,-0.0013755237764461786,-0.13192217209250973,-0.004649302406282495,0.0002896536961236613,-14.052746106521226,10.217679951181617,-24.270426057702842,-0.01632142404938586,0.011867224101256233,-0.028188648150642096,-1.377918807528543,-0.01652295315696562,-0.001235087036561886
1790150820000,2026-09-23T08:07:00+00:00,86147.5,4.22713994,-24.405817518767435,-24.0235768422517,-0.38224067651573534,-0.02833026787633702,-0.027886562978904437,-0.00044370489743258404,-0.0431684654387408,0.0009318188790135946,0.0055811212852960885,-20.874105839408003,3.999322793063693,-24.873428632471697,-0.024230657696866425,0.0046424130625539834,-0.02887307075942041,-1.3848235414915069,-0.000684422608778313,0.015838530548187305
1790150880000,2026-09-23T08:08:00+00:00,86187,2.18079858,-20.42314606664877,-23.303490687131116,2.8803446204823473,-0.023696318547633367,-0.027038289634319694,0.00334197108668633,0.3379202872103338,0.003785675984118914,0.0028538571051053194,-14.866064537927741,0.22624532686540633,-15.092309864793148,-0.017248615844533098,0.0002625051653560355,-0.017511121009889132,-0.8482124527368897,0.011361949749531277,0.012046372358309586
1790150940000,2026-09-23T08:09:00+00:00,86200.1,2.41735993,-16.02506278002693,-21.84780510571028,5.82274232568335,-0.018590538502886802,-0.02534545215807206,0.006754913655185261,0.6775894420451931,0.0034129425684989306,-0.0003727334156199834,-3.9028861445985967,-0.5995809674273943,-3.3033051771712025,-0.004527704891988056,-0.0006955687608568833,-0.003832136131131173,-0.215740860331977,0.013678984878757959,0.0023170351292266834
1790151000000,2026-09-23T08:10:00+00:00,86213.6,1.5372267,-11.319726156274555,-19.742189315823136,8.422463159548581,-0.013129861363258876,-0.022899158967753505,0.009769297604494628,0.9735750326562567,0.003014383949309367,-0.0003985586191895636,11.504195344692562,1.821174294996597,9.683021049695965,0.013343828983701598,0.002112397922133627,0.011231431061567971,0.4692348286028352,0.015063567192699145,0.0013845823139411843
1790151060000,2026-09-23T08:11:00+00:00,86217.3,1.33104056,-7.209052435035119,-17.235561939665534,10.026509504630415,-0.008361491759815163,-0.019990839355518594,0.011629347595703431,1.145453032080639,0.0018600499912088033,-0.0011543339581005637,25.504567504744045,6.557852936946087,18.946714567797958,0.029581728382521887,0.007606191491668247,0.02197553689085364,0.9495734719120871,0.01074410582928567,-0.004319461363413475
1790151120000,2026-09-23T08:12:00+00:00,86196.5,1.86818503,-5.565543936216272,-14.901558338975681,9.336014402759409,-0.006456809657255541,-0.01728789259305851,0.010831082935802972,1.040953895739248,-0.0007982646599004588,-0.002658314651109262,30.876886803860543,11.42165971032898,19.455227093531562,0.035821508766435466,0.013250723301211742,0.022570785465223717,0.9661056738004634,0.0005952485743700754,-0.010148857254915595
1790151180000,2026-09-23T08:13:00+00:00,86197.6,1.71425624,-4.126720537591609,-12.746590778698868,8.61987024110726,-0.004787512108912091,-0.014787640002388545,0.010000127893476452,0.9364536997891931,-0.0008309550423265203,-3.2690382426061454e-05,32.48281347064767,15.633890462392717,16.848923008254953,0.03768412748225898,0.018137268859449353,0.019546858622809627,0.8226277625682568,-0.0030239268424140896,-0.003619175416784165
1790151240000,2026-09-23T08:14:00+00:00,86191.2,2.40921984,-3.462950404325966,-10.889862703824289,7.426912299498323,-0.004017754021670386,-0.012634541233704007,0.008616787212033622,0.779728573005444,-0.0013833406814428295,-0.0005523856391163092,29.826114266907098,18.472335223295595,11.353779043611503,0.03460459335397013,0.021431811163199487,0.01317278219077064,0.5369973557712181,-0.006374076432038987,-0.0033501495896248977
1790151300000,2026-09-23T08:15:00+00:00,86260.5,2.84272337,2.624766371343867,-8.186936888790658,10.811703260134525,0.003042836954740428,-0.009490945321196443,0.01253378227593687,1.169626526062418,0.0039169950639032485,0.005300335745346078,32.82014065409021,21.34189630945452,11.47824434463569,0.03804770509571613,0.02474121563108783,0.013306489464628295,0.5601297172638837,0.00013370727385765557,0.006507783705896643
1790151360000,2026-09-23T08:16:00+00:00,86254,4.83940804,6.8459146557434,-5.180366579883847,12.026281235627247,0.007936924265243814,-0.006005943585090369,0.013942867850334183,1.302630085803852,0.0014090855743973119,-0.0025079094895059367,30.903550038303365,23.25422705522429,7.649322983079074,0.035828541329449494,0.026960172345890383,0.008868368983559109,0.37442884878873534,-0.0044381204810691865,-0.00457182775492684
1790151420000,2026-09-23T08:17:00+00:00,86259.1,1.31948401,10.481903600448277,-2.0479125438174224,12.529816144265698,0.012151649623573948,-0.0023741408660853435,0.01452579048965929,1.3596262501579544,0.0005829226393251081,-0.0008261629350722038,30.272562518381164,24.657894147855664,5.6146683705255,0.035094920441299714,0.02858584676614486,0.006509073675154853,0.2864772335029679,-0.002359295308404256,0.0020788251726649304
1790151480000,2026-09-23T08:18:00+00:00,86253.9,4.05675344,12.796346179908141,0.9209392009276904,11.87540697898045,0.014835672566583242,0.0010677073163389602,0.01376796525024428,1.2891606746989461,-0.0007578252394150106,-0.0013407478787401186,25.955719731893623,24.917459264663258,1.0382604672303657,0.030092227402927434,0.028888501580407677,0.0012037258225197536,0.053903565092052824,-0.005305347852635099,-0.0029460525442308438
1790151540000,2026-09-23T08:19:00+00:00,86277.9,1.99563847,16.378358500791364,4.012423060900425,12.36593543989094,0.018983260488249443,0.0046505803466477804,0.014332680141601663,1.3562610518195932,0.0005647148913573829,0.0013225401307723934,29.497729289723793,25.833513269675365,3.6642160200484284,0.03418920637813831,0.02994221378785919,0.00424699259027912,0.22357672384400493,0.003043266767759366,0.008348614620394466
1790151600000,2026-09-23T08:20:00+00:00,86256.5,1.41367048,17.291007943073055,6.668140037334951,10.622867905738104,0.020046034725583643,0.0077305942593717016,0.012315440466211941,1.1587554638991018,-0.002017239675389722,-0.002581954566747105,20.288788296093117,24.724568274958916,-4.435779978865799,0.023521460175283157,0.028664005929940253,-0.005142545754657097,-0.23089132919097421,-0.009389538344936218,-0.012432805112695584
1790151660000,2026-09-23T08:21:00+00:00,86247.5,4.22130918,17.091049438386108,8.752721917545184,8.338327520840924,0.01981628387882096,0.010148377538531764,0.009667906340289195,0.8964738847309991,-0.002647534125922746,-0.0006302944505330241,12.539460870364564,22.287546794040047,-9.748085923675482,0.014538926775111817,0.025841382989698305,-0.01130245621458649,-0.5295460171984077,-0.0061599104599293925,0.0032296278850068244
1790151720000,2026-09-23T08:22:00+00:00,86252.9,2.42923939,17.170386228855932,10.436254779807335,6.734131449048597,0.01990702484073687,0.012099598714718387,0.007807426126018484,0.7217145361339966,-0.0018604802142707108,0.0007870539116520345,6.787828717788216,19.187603178789683,-12.399774461001467,0.007869681735672906,0.022245748466184538,-0.014376066730511632,-0.6750689982549739,-0.003073610515925142,0.0030862999440042505
1790151780000,2026-09-23T08:23:00+00:00,86235.5,2.06651976,15.648836577747716,11.47877113939541,4.170065438352305,0.018146629378559546,0.013310957945852242,0.004835671432707301,0.42345730444567037,-0.002971754693311183,-0.0011112744790404711,-0.016302783144055866,15.346821986402935,-15.36312476954699,-1.890495578277608e-05,0.0177964086558354,-0.017815313611618176,-0.8404153432348531,-0.0034392468811065436,-0.0003656363651814015
1790151840000,2026-09-23T08:24:00+00:00,86217.3,2.93715175,12.826553100938327,11.748327531703994,1.0782255692343323,0.014877006239975418,0.013626415500953977,0.0012505907390214404,0.05468945328876838,-0.0035850806936858605,-0.0006133260003746777,-13.900835408858256,9.497290507350698,-23.398125916208954,-0.016123023347817962,0.01101552763465186,-0.02713855098246982,-1.2891847057774648,-0.009323237370851646,-0.0058839904897451025
1790151900000,2026-09-23T08:25:00+00:00,86243.6,0.98898733,12.567196495452663,11.91210132445373,0.6550951709989334,0.014571743869055399,0.013812156872456308,0.0007595869965990907,0.014674745758748158,-0.0004910037424223497,0.003094076951263511,-17.978451165094157,4.002142172861728,-21.980593337955884,-0.020846127904092775,0.004640509177332263,-0.025486637081425036,-1.1980573459970605,0.0016519139010447853,0.010975151271896431
1790151960000,2026-09-23T08:26:00+00:00,86230.6,1.21644432,11.183743924251758,11.766429844413336,-0.5826859201615786,0.012969576837284858,0.013645306705987589,-0.0006757298687027326,-0.13331473546577371,-0.0014353168653018233,-0.0009443131228794738,-22.803039564809296,-1.3588941746724768,-21.444145390136818,-0.026444254782883682,-0.001575883937572598,-0.024868370845311082,-1.167034183623479,0.000618266236113954,-0.0010336476649308313
1790152020000,2026-09-23T08:27:00+00:00,86170.4,3.61221553,5.170113061642041,10.447166487859079,-5.277053426217037,0.005999871257000132,0.012123845877307148,-0.006123974620307017,-0.7219858796268784,-0.005448244751604284,-0.004012927886302461,-32.26671378608444,-7.540458096954869,-24.72625568912957,-0.03744524080900685,-0.008750636061750751,-0.028694604747256103,-1.3657531736698343,-0.0038262339019450205,-0.0044445001380589745
1790152080000,2026-09-23T08:28:00+00:00,86192.5,2.68920918,2.1626232056005392,8.79025783140737,-6.627634625806831,0.002509061931839243,0.010198402217602888,-0.007689340285763646,-0.8819026738994549,-0.001565365665456629,0.003882879086147655,-33.50558431514946,-12.73348334059379,-20.772100974555674,-0.03887296959149516,-0.014773307817494316,-0.02409966177400084,-1.1546024478983612,0.004594942973255262,0.00842117687520028
1790152140000,2026-09-23T08:29:00+00:00,86164.4,1.01355479,-2.459912985927076,6.540223667940482,-9.000136653867557,-0.002854906418343395,0.007590401218995875,-0.01044530763733927,-1.169742157177458,-0.002755967351575625,-0.0011906016861189962,-35.18896624742774,-17.224579921960583,-17.96438632546716,-0.04083933300461414,-0.0199903671608699,-0.020848965843744238,-1.0181404456917678,0.0032506959302566023,-0.00134424704299866
1790152200000,2026-09-23T08:30:00+00:00,86200.9,1.96856355,-3.14184404212574,4.603810125927238,-7.745654168052978,-0.0036447926206405507,0.005340791251515052,-0.008985583872155601,-1.0025307391128238,0.0014597237651836695,0.004215691116759295,-34.238465296977665,-20.627356996964,-13.611108300013665,-0.03971938262474947,-0.02392939864544802,-0.015789983979301453,-0.7817891522033859,0.005058981864442785,0.001808285934186183
1790152260000,2026-09-23T08:31:00+00:00,86161.1,0.92563797,-6.815244795070612,2.319999141727668,-9.135243936798279,-0.00790988601012593,0.0026926294368661355,-0.010602515446992063,-1.16468609357919,-0.0016169315748364617,-0.003076655340020131,-35.55828973412281,-23.61354354439576,-11.944746189727049,-0.041269540122076905,-0.027406269818277342,-0.013863270303799564,-0.6922816811243423,0.0019267136755018888,-0.003132268188940898
1790152320000,2026-09-23T08:32:00+00:00,86171.5,0.39110327,-8.785969091040897,0.09880549517395498,-8.884774586214853,-0.010195910586494255,0.00011466145439496234,-0.01031057204088922,-1.1215290365556982,0.00029194340610284343,0.0019088749809393051,-26.312473669400788,-24.153329569396767,-2.1591441000040206,-0.03053500713043267,-0.02802937116029867,-0.002505635970134001,-0.11082695221619297,0.011357634333665562,0.009430920658163675
1790152380000,2026-09-23T08:33:00+00:00,86171.6,2.21951603,-10.221881640973152,-1.9653319320554663,-8.256549708917685,-0.011862239578902041,-0.002280718858713853,-0.009581520720188188,-1.033906831123013,0.0007290513207010314,0.00043710791459818793,-21.8382591039408,-23.690315476305578,1.8520563723647783,-0.025342756898956036,-0.027492022286119296,0.002149265387163263,0.12600009731277376,0.004654901357297264,-0.0067027329763683
1790152440000,2026-09-23T08:34:00+00:00,86163,0.45909322,-11.91643555740302,-3.955552657124977,-7.960882900278042,-0.013830107537345518,-0.004590778706782467,-0.009239328830563052,-0.9940132210445082,0.0003421918896251361,-0.0003868594310758953,-14.106173514417605,-21.773487083927986,7.66731356951038,-0.016371497643324403,-0.02527011255867134,0.008898614915346936,0.4718172058125792,0.006749349528183674,0.0020944481708864097
1790152500000,2026-09-23T08:35:00+00:00,86150,0.20196044,-14.145314716326538,-5.993505068965289,-8.15180964736125,-0.01641940187617706,-0.006957057537974799,-0.009462344338202262,-1.0118646825672797,-0.0002230155076392102,-0.0005652073972643463,-15.857318154943641,-20.590253298131117,4.7329351431874755,-0.01840663744044532,-0.023900468134801064,0.005493830694355746,0.2931389621532413,-0.00340478422099119,-0.010154133749174864
1790152560000,2026-09-23T08:36:00+00:00,86184.6,0.35610062,-12.970273433835246,-7.388858741939281,-5.581414691895965,-0.015049409562538139,-0.00857329353729005,-0.006476116025248089,-0.6931169125802892,0.0029862283129541735,0.0032092438205933837,-6.359128706302727,-17.74402837976544,11.384899673462712,-0.007378497673949553,-0.020588397903761737,0.013209900229812183,0.6899850656618726,0.007716069535456437,0.011120853756447627
1790152620000,2026-09-23T08:37:00+00:00,86219.4,1.18008352,-9.125779284484452,-7.736242850448315,-1.3895364340361365,-0.010584368813149305,-0.008972740300266895,-0.00161162851288241,-0.1774415919390133,0.004864487512365678,0.0018782591994115048,7.695682157529518,-12.656086272306448,20.351768429835964,0.00892569671968202,-0.014678931043716899,0.023604627763398917,1.2161752544147086,0.010394727533586733,0.0026786579981302964
1790152680000,2026-09-23T08:38:00+00:00,86184.7,2.79521492,-8.777804902128992,-7.944555260784451,-0.8332496413445405,-0.010184876088364863,-0.009218057567972565,-0.0009668185203922977,-0.10890471885545426,0.0006448099924901124,-0.004219677519875566,12.926708536222577,-7.5395273106006435,20.46623584682322,0.014998843804320927,-0.008748104142151268,0.023746947946472193,1.2139650611573916,0.00014232018307327662,-0.010252407350513457
1790152740000,2026-09-23T08:39:00+00:00,86217.6,3.31368651,-5.7806420110864565,-7.511772610844853,1.7311305997583961,-0.006704712275784128,-0.008712574475333171,0.002007862199549043,0.20499946340750028,0.002974680719941341,0.0023298707274512285,19.662963294045767,-2.099029189671362,21.76199248371713,0.02280620580258064,-0.0024345715836109586,0.025240777386191602,1.281853698942782,0.0014938294397194088,0.0013515092566461322
1790152800000,2026-09-23T08:40:00+00:00,86195.9,0.72848606,-5.097615335631417,-7.028941155802166,1.9313258201707493,-0.005913988177664387,-0.008154611943029966,0.0022406237653655793,0.22331661727622318,0.00023276156581653615,-0.0027419191541248047,24.97583567361289,3.3159437829854888,21.659891890627403,0.02897566551728434,0.003846985509734789,0.025128680007549555,1.2590168412448333,-0.00011209737864204677,-0.0016059268183614556
1790152860000,2026-09-23T08:41:00+00:00,86183.3,0.28750859,-5.509516198624624,-6.7250561643666575,1.2155399657420336,-0.006392788624506864,-0.007803201042854772,0.001410412418347909,0.12508959421193191,-0.0008302113470176702,-0.0010629729128342064,19.923233285255264,6.637401683439444,13.28583160181582,0.023117278272304802,0.007701494005729004,0.0154157842665758,0.7536428239795145,-0.009712895740973755,-0.00960079836233171
1790152920000,2026-09-23T08:42:00+00:00,86173.9,0.28355161,-6.519301590436953,-6.683905249580717,0.16460365914376407,-0.007565285533597706,-0.007756298890476952,0.00019101335687924544,-0.019225894931137605,-0.0012193990614686636,-0.0003891877144509932,11.357539296819596,7.581429206115475,3.7761100907041207,0.013179790280838625,0.008797825334719069,0.004381964946119557,0.18430007712190397,-0.011033819320456242,-0.001320923579482488
1790152980000,2026-09-23T08:43:00+00:00,86103.4,42.6632316,-12.86008158014738,-7.91914051569405,-4.94094106445333,-0.014935625747818763,-0.009197244842473178,-0.005738380905345585,-0.6629044420819775,-0.0059293942622248305,-0.004709995200756168,-4.551281227424624,5.154887119407455,-9.70616834683208,-0.005285832182497584,0.005986856639119309,-0.011272688821616894,-0.611325556701694,-0.015654653767736452,-0.004620834447280208
1790153040000,2026-09-23T08:44:00+00:00,86100,2.8747304,-17.952600585427717,-9.925832529640783,-8.026768055786935,-0.02085087176007865,-0.011528260777747715,-0.009322610982330934,-1.0435168530551988,-0.0035842300769853485,0.0023451641852394824,-22.066154501662822,-0.2893212048066003,-21.77683329685622,-0.025628518584974242,-0.00033602927387526167,-0.025292489311098978,-1.3048462531317429,-0.014019800489482084,0.001634853278254367
1790153100000,2026-09-23T08:45:00+00:00,86061.6,0.89929948,-24.801125725338352,-12.900891168780298,-11.900234556558054,-0.02881787664340234,-0.014990299005340706,-0.013827577638061637,-1.5157684929683528,-0.004504966655730703,-0.0009207365787453547,-38.843150320491986,-8.000087027943678,-30.843063292548308,-0.04513412523180139,-0.00929576841232754,-0.03583835681947385,-1.7973558702838013,-0.010545867508374874,0.00347393298110721
1790153160000,2026-09-23T08:46:00+00:00,86051.7,2.99558526,-30.673889003315708,-16.45549073568738,-14.218398267628327,-0.035645883815561705,-0.01912279563993202,-0.016523088175629683,-1.7953062053716036,-0.0026955105375680456,0.0018094561181626577,-52.09984903529403,-16.820039429413747,-35.27980960588028,-0.060544822514016605,-0.01954643479375044,-0.04099838772026617,-2.006157847749552,-0.005160030900792319,0.005385836607582555
1790153220000,2026-09-23T08:47:00+00:00,85946.9,88.46636249,-43.28561078516941,-21.821514745583787,-21.464096039585623,-0.05036320191323877,-0.025389530914534192,-0.02497367099870458,-2.6146631320268567,-0.008450582823074898,-0.0057550722855068525,-78.36079704220174,-29.128190951971348,-49.23260609023039,-0.09117350019861303,-0.03389091514873875,-0.057282585049874275,-2.673456611963707,-0.016284197329608105,-0.011124166428815786
1790153280000,2026-09-23T08:48:00+00:00,85989.6,1.90004337,-49.267038269143086,-27.31061945029565,-21.956418818847435,-0.057294182400131045,-0.031760375034068825,-0.025533807366062217,-2.5690907065571267,-0.0005601363673576366,0.007890446455717261,-78.09332557134621,-38.921217875846324,-39.17210769549989,-0.09081717506692229,-0.04526270371748016,-0.04555447134944213,-2.05485323756669,0.011728113700432148,0.028012311030040253
1790153340000,2026-09-23T08:49:00+00:00,85815.2,22.80151014,-67.30414483614732,-35.30932452746599,-31.994820308681327,-0.07842916503853317,-0.04114576966256093,-0.037283395375972236,-3.489021627896651,-0.011749588009910019,-0.011189451642552382,-100.7921063212998,-51.295395564937024,-49.49671075636277,-0.11745250995313161,-0.0597742539374575,-0.05767825601567412,-2.5031222313629784,-0.012123784666231992,-0.02385189836666414
1790153400000,2026-09-23T08:50:00+00:00,85783.8,17.2336401,-83.17362553863495,-44.88218472969979,-38.291440808935164,-0.09695726412053901,-0.05232011723623783,-0.04463714688430118,-3.82702365138487,-0.007353751508328947,0.004395836501581072,-117.7391042727395,-64.58413730649752,-53.15496696624197,-0.13725097777522038,-0.07528710235090719,-0.06196387542431318,-2.5768769714746247,-0.0042856194086390645,0.007838165257592927
1790153460000,2026-09-23T08:51:00+00:00,85743.5,7.20089563,-97.87394659570418,-55.48053710290067,-42.393409492803514,-0.11414736580114432,-0.06470523958422583,-0.0494421262169185,-3.871719019938229,-0.0048049793326173165,0.0025487721757116305,-130.74157726291742,-77.81562529778151,-52.92595196513591,-0.15247986991774,-0.09075396420461201,-0.061725905713128006,-2.4767239149847318,0.0002379697111851778,0.004523589119824242
1790153520000,2026-09-23T08:52:00+00:00,85719,13.53130014,-110.23033549687534,-66.43049678169561,-43.79983871517973,-0.12859498535549335,-0.07749798385619945,-0.051097001499293894,-3.6834624425355598,-0.001654875282375394,0.0031501040502419225,-126.9413315741549,-87.6407665530562,-39.300565021098706,-0.14809007521571052,-0.1022419376719936,-0.045848137543716916,-1.768852895302989,0.01587776816941109,0.015639798458225912
1790153580000,2026-09-23T08:53:00+00:00,85762.2,3.62181258,-115.20892696650117,-76.18618281865672,-39.02274414784445,-0.13433532134961693,-0.08883422162521101,-0.04550109972440592,-3.0729918728430823,0.005595901774887974,0.007250777057263368,-120.28995581717754,-94.17060440588048,-26.11935141129706,-0.14025987651573485,-0.10980432452278566,-0.030455551992949182,-1.0941462525930175,0.015392585550767734,-0.0004851826186433525
1790153640000,2026-09-23T08:54:00+00:00,85733.7,3.14434319,-120.07011484763643,-84.96296922445266,-35.10714562318377,-0.14005007931261154,-0.0991010177146824,-0.04094906159792913,-2.623431165593693,0.004552038126476789,-0.001043863648411185,-89.91306648259342,-93.31909682122307,3.406030338629648,-0.10487482341552205,-0.10884762563755335,0.0039728022220313,0.36960338098051904,0.03442835421498048,0.01903576866421275
1790153700000,2026-09-23T08:55:00+00:00,85793.8,2.8728056,-117.71611543999461,-91.51359846756105,-26.202516972433557,-0.13720818455412234,-0.10666691353869517,-0.030541271015427172,-1.8538426303842515,0.01040779058250196,0.005855752456025175,-51.80395869642962,-85.01606919626438,33.212110499834765,-0.06038193750181204,-0.09909348833629514,0.038711550834483105,1.808079217998788,0.034738748612451804,0.0003103943974713218
1790153760000,2026-09-23T08:56:00+00:00,85868.6,4.05285657,-108.56336814981478,-94.92355240401182,-13.639815745802963,-0.12642964733303533,-0.11054512639545981,-0.015884520937575506,-0.8478398860946388,0.014656750077851666,0.004248959495349702,0.16817941177578177,-67.97921947465635,68.14739888643213,0.0001958567063813568,-0.07916656318451255,0.0793624198908939,3.293142665269488,0.0406508690564108,0.005912120443958994
1790153820000,2026-09-23T08:57:00+00:00,85904.8,5.2546678,-97.26747362730384,-95.39233664867022,-1.8751369786336198,-0.11322705323486446,-0.11104424508138104,-0.002182808153483414,0.08236696597034768,0.013701712784092091,-0.0009550372937595746,51.64813742348633,-44.053748095027814,95.70188551851415,0.06012252798852489,-0.051282056526559414,0.11140458451508431,4.115727045263625,0.032042164624190406,-0.008608704432220393
1790153880000,2026-09-23T08:58:00+00:00,85920.2,10.16027882,-86.08046254979854,-93.52996182889589,7.449499279097353,-0.10018652487982865,-0.10885677853275003,0.008670253652921378,0.8157741521359934,0.01085306180640479,-0.0028486509776873004,90.3746214791172,-17.16807418019881,107.54269565931601,0.1051843704729705,-0.0199814178507485,0.125165788323719,4.151365493483222,0.013761203808634687,-0.01828096081555572
1790153940000,2026-09-23T08:59:00+00:00,85912.7,1.16496551,-76.93302694721206,-90.21057485255912,13.277547905347063,-0.08954790961896443,-0.10500260712625621,0.01545469750729178,1.2594746869296223,0.006784443854370402,-0.00406861795203439,118.41019022380351,9.947578700601653,108.46261152320186,0.1378261772983546,0.011578705710100664,0.12624747158825395,3.8264458733216595,0.0010816832645349495,-0.012679520544099737
1790154000000,2026-09-23T09:00:00+00:00,85922.4,2.55565985,-68.11571384606941,-85.79160265126119,17.675888805191775,-0.07927585105405507,-0.09984777270101998,0.02057192164696491,1.5778856062788673,0.005117224139673129,-0.0016672197146972729,136.91999262804165,35.342061486089655,101.577931141952,0.1593530821160043,0.04113253527146548,0.11822054684453881,3.343298360209771,-0.008026924743715136,-0.009108608008250085
1790154060000,2026-09-23T09:01:00+00:00,85924.9,1.00630839,-60.2318849053263,-80.67965910207421,20.447774196747915,-0.0700982892099104,-0.09389555193206418,0.023797262722153784,1.7584315114548343,0.0032253410751888756,-0.0018918830644842535,128.06562137635774,53.886773464143275,74.17884791221447,0.1490436664766066,0.06271380410584508,0.08632986237076153,2.3420434137796,-0.031890684473777284,-0.023863759730062162
1790154120000,2026-09-23T09:02:00+00:00,85956.8,5.06874327,-50.82396325767331,-74.70851993319404,23.884556675520727,-0.05912733286682765,-0.08691403115657405,0.02778669828974639,1.970822757127082,0.003989435567592604,0.0007640944924037288,116.25475362785801,66.36036949688622,49.89438413097179,0.1352478845511443,0.07720200088519608,0.05804588366594823,1.5229475824436927,-0.0282839787048133,0.0036067057689639914
1790154180000,2026-09-23T09:03:00+00:00,85950.5,0.86413346,-43.37645811200491,-68.44210756895622,25.065649456951306,-0.05046678973595838,-0.07962967937237854,0.029162889636420154,2.001046311393111,0.001376191346673765,-0.0026132442209188395,97.93792272942665,72.67588014339431,25.262042586032337,0.1139468912099716,0.08455550595214024,0.02939138525783135,0.7247764429767876,-0.028654498408116878,-0.00037051970330358175
1790154240000,2026-09-23T09:04:00+00:00,85925.2,1.67432389,-39.06543319033517,-62.56677269323201,23.50133950289684,-0.04546446582648067,-0.07281539372993256,0.027350927903451887,1.8362705321669184,-0.0018119617329682668,-0.0031881530796420317,75.75991649585194,73.29268741388583,2.46722908196611,0.08816961321690486,0.08529824476857294,0.0028713684483319332,-0.004946338847351451,-0.026520016809499416,0.0021344815986174617
1790154300000,2026-09-23T09:05:00+00:00,85915.3,4.20888646,-36.03240303014172,-57.25989876061396,21.227495730472235,-0.04193944853843462,-0.0666469170923153,0.024707468553880663,1.6316663739428772,-0.0026434593495712234,-0.0008314976166029567,55.44142253512109,69.7224344381329,-14.281011903011802,0.06453032525652717,0.08115252398365937,-0.01662219872713219,-0.5415951526145681,-0.019493567175464122,0.007026449634035294
1790154360000,2026-09-23T09:06:00+00:00,85953.3,5.81838376,-30.21413264219882,-51.85074553693093,21.63661289473211,-0.03515180061987011,-0.06032432208761144,0.02517252146774133,1.6190088887407377,0.0004650529138606682,0.0031085122634318917,40.63187401847972,63.904322354202264,-23.272448335722544,0.047272034952095754,0.07434772411786664,-0.02707568916577088,-0.8326635283256117,-0.01045349043863869,0.009040076736825432
1790154420000,2026-09-23T09:07:00+00:00,86000,6.88568514,-21.58598196625826,-45.797792822796396,24.211810856538136,-0.02509997903053286,-0.05325324746836791,0.02815326843783504,1.7509639209078987,0.0029807469700937096,0.0025156940562330414,33.38186450807552,57.79983078497692,-24.417966276901396,0.03881612152101805,0.06720910556392665,-0.028392984042908603,-0.871495038385461,-0.0013172948771377237,0.009136195561500967
1790154480000,2026-09-23T09:08:00+00:00,85996.7,1.9167461,-14.843288622258115,-39.606891982688744,24.76360336043063,-0.01726030024670495,-0.046056292837619056,0.028795992590914105,1.7428110564566042,0.0006427241530790641,-0.0023380228170146455,31.447163444259786,52.5292973168335,-21.082133872573714,0.03656787230703014,0.061082922154958856,-0.024515049847928717,-0.7600589334536776,0.003877934194979886,0.00519522907211761
1790154540000,2026-09-23T09:09:00+00:00,86012.9,1.5239991,-8.099089693205315,-33.30533152479206,25.206241831586745,-0.009416133734829676,-0.0387213214817685,0.029305187746938827,1.7297948978548219,0.0005091951560247214,-0.00013352899705434268,37.79807100461039,49.58305205438888,-11.784981049778487,0.04394465365614971,0.05764606478143265,-0.013701411125282937,-0.45706435282137875,0.01081363872264578,0.006935704527665898
1790154600000,2026-09-23T09:10:00+00:00,86009.3,0.80931611,-3.0100553220981965,-27.246276284253288,24.23622096215509,-0.003499685873618546,-0.03167829093394933,0.028178605060330788,1.6281851249575547,-0.0011265826866080388,-0.0016357778426327602,44.200086090291734,48.506458861569456,-4.306372771277722,0.0513898916632175,0.05639676042191885,-0.005006868758701352,-0.21233304501868666,0.008694542366581584,-0.0021190963560641964
1790154660000,2026-09-23T09:11:00+00:00,85989.8,4.87599075,-0.5441730618622387,-21.90585563977508,21.36168257791284,-0.0006328344313653929,-0.025474946609685196,0.024842112178319803,1.4102359687460173,-0.003336492882010985,-0.0022099101954029463,39.25522513361648,46.65621211597887,-7.40098698236239,0.04565102504438489,0.05425784466992465,-0.00860681962553976,-0.303402728275155,-0.0035999508668384085,-0.012294493233419993
1790154720000,2026-09-23T09:12:00+00:00,86007.8,1.59742885,2.829884812250384,-16.95870754936999,19.788592361620374,0.0032902653157625052,-0.0197176390389825,0.023007904354745003,1.2824708501405309,-0.0018342078235747995,0.0015022850584361855,30.876713271441986,43.50031234707149,-12.623599075629507,0.03589989892944824,0.05057717131128978,-0.014677272381841537,-0.4608975716270651,-0.006070452756301777,-0.0024705018894633684
1790154780000,2026-09-23T09:13:00+00:00,85944,1.59361727,0.35166935963206924,-13.49663216756958,13.848301527201649,0.00040918430563165463,-0.015703984184549918,0.01611316849018157,0.8814963237195295,-0.006894735864563434,-0.005060528040988634,13.590110379169346,37.518271953491066,-23.92816157432172,0.015812750604078638,0.043654323691579476,-0.027841573087500838,-0.8111836122164917,-0.0131643007056593,-0.0070938479493575235
1790154840000,2026-09-23T09:14:00+00:00,85954.6,0.61808226,-0.7483760161703685,-10.946980937289737,10.198604921119369,-0.000870664299723771,-0.012735770903814031,0.011865106604090262,0.6322602106890993,-0.004248061886091307,0.0026466739784721284,0.6351923253532732,30.141656027863508,-29.506463702510235,0.0007389858429371705,0.03506694932890562,-0.03432796348596845,-0.9792216081276472,-0.006486390398467611,0.006677910307191689
1790154900000,2026-09-23T09:15:00+00:00,85964.3,6.55161873,-0.8279172534530517,-8.923168200522401,8.09525094706935,-0.0009630942768719708,-0.010380085919995162,0.009416991643123191,0.4827874853209208,-0.002448114960967071,0.001799946925124236,-8.526469310265384,22.40803096023773,-30.934500270503115,-0.009918616577190047,0.02606667065309405,-0.035985287230284095,-1.0238181882043256,-0.001657323744315646,0.004829066654151965
1790154960000,2026-09-23T09:16:00+00:00,85971.6,0.96076982,-0.2984647498378763,-7.198227510385496,6.8997627605476195,-0.0003471666804361862,-0.00837279695897889,0.008025630278542703,0.39215844745233336,-0.001391361364580488,0.001056753596386583,-13.986728776217205,15.129079012946743,-29.11580778916395,-0.016269010668892057,0.017597763695158333,-0.033866774364050396,-0.967973576400013,0.002118512866233699,0.003775836610549345
1790155020000,2026-09-23T09:17:00+00:00,85939.8,5.57358504,-2.417002363828942,-6.241982481074186,3.824980117245244,-0.002812436570516736,-0.007263203406424249,0.004450766835907512,0.18150159442109595,-0.0035748634426351917,-0.0021835020780547037,-27.41756763102603,6.619749684152189,-34.03731731517822,-0.03190322485161244,0.007702775296372796,-0.03960600014798524,-1.1178000516174997,-0.005739225783934841,-0.00785773865016854
1790155080000,2026-09-23T09:18:00+00:00,85926.3,1.41542131,-5.126204171203426,-6.018826819100035,0.8926226478966086,-0.005965815089446916,-0.007004638648586096,0.0010388235591391793,-0.02020434441423071,-0.0034119432767683324,0.00016292016586685887,-28.205631490127416,-0.3453265507037315,-27.860304939423685,-0.03282537650303506,-0.00040188690855271495,-0.032423489594482345,-0.9188762193683363,0.007182510553502892,0.012921736337437734
1790155140000,2026-09-23T09:19:00+00:00,85922.1,0.90380129,-7.525422633741982,-6.320145982028425,-1.2052766517135574,-0.008758424938103214,-0.00735566982421103,-0.0014027551138921853,-0.16869976231905076,-0.002441578673031365,0.000970364603736968,-27.23724127728201,-5.723709496019388,-21.51353178126262,-0.031699925021946636,-0.006661510247095203,-0.02503841477485143,-0.7170387116093756,0.007385074819630914,0.0002025642661280247
1790155200000,2026-09-23T09:20:00+00:00,85919.6,0.4241296,-9.518822595724487,-6.959881304767638,-2.5589412909568487,-0.011078755715488067,-0.008100458224628184,-0.002978297490859884,-0.2646597036857269,-0.0015755423769676987,0.0008660362960636659,-27.786368702814798,-10.13624133737847,-17.650127365436326,-0.032339965156745136,-0.011797356292834777,-0.02054260886391036,-0.5865660698307759,0.004495805910941071,-0.0028892689086898425
1790155260000,2026-09-23T09:21:00+00:00,85964.3,9.62075127,-7.406314616149757,-7.049167967044062,-0.3571466491056947,-0.008615570203153818,-0.008200110937963854,-0.0004154592651899622,-0.12318189134858785,0.0025628382256699216,0.004138380602637621,-20.322165190591477,-12.173426108021072,-8.148739082570405,-0.023640238087894016,-0.014161025109284985,-0.009479212978609033,-0.2782589762252265,0.011063395885301327,0.006567589974360254
1790155320000,2026-09-23T09:22:00+00:00,85973,1.79932153,-4.972796231959364,-6.6338936200271235,1.661097388067759,-0.005784137149988211,-0.007716252335066967,0.0019321151850787562,0.005766556204861687,0.0023475744502687184,-0.00021526377540120314,-7.758220385396271,-11.290384963496113,3.5321645780998416,-0.009024019617084749,-0.013132477595868601,0.004108457978783853,0.0951962651352273,0.013587670957392887,0.002524275072091558
1790155380000,2026-09-23T09:23:00+00:00,85976.6,1.92228544,-2.7223439796071034,-5.8515836919431194,3.129239712336016,-0.003166377804666739,-0.0068060189539283006,0.0036396411492615618,0.09733376310489274,0.0017075259641828055,-0.0006400484860859129,4.172599281184375,-8.197788114560016,12.370387395744391,0.004853180145742417,-0.009534906142555085,0.014388086288297504,0.37777644018335954,0.01027962830951365,-0.0033080426478792353
1790155440000,2026-09-23T09:24:00+00:00,86000,1.57756776,0.9385213916830253,-4.49356267521789,5.432084066900916,0.0010913039438174713,-0.005225072878160338,0.006316376821977809,0.23977852687468118,0.0026767356727162473,0.0009692097085334417,19.90902381448541,-2.576425728750931,22.48544954323634,0.023150027691262103,-0.0029958438706406175,0.026145871561902716,0.6933556333292367,0.011757785273605213,0.0014781569640915622
1790155500000,2026-09-23T09:25:00+00:00,85997,4.90097659,3.5567091168486513,-2.883508316804582,6.440217433653233,0.004135852549331548,-0.00335303361373604,0.007488886163067587,0.29684184156470506,0.0011725093410897783,-0.001504226331626469,28.167943049236783,3.572448026846612,24.59549502239017,0.032754564751371305,0.004154154245899988,0.028600410505471324,0.7523905736909318,0.002454538943568608,-0.009303246330036605
1790155560000,2026-09-23T09:26:00+00:00,85992.9,1.25121014,5.240397971429047,-1.2587270591578563,6.499125030586903,0.006093989121693823,-0.0014637569603512107,0.007557746082045033,0.29135816321688496,6.885991897744546e-05,-0.0011036494221123329,27.84979779952846,8.427917981382983,19.421879818145477,0.032386159554484685,0.009800713758209088,0.0225854457962756,0.5831086007047199,-0.006014964709195724,-0.008469503652764335
1790155620000,2026-09-23T09:27:00+00:00,85983.6,0.84876461,5.757927439015475,0.14460384047680996,5.613323598538665,0.006696541478858148,0.0001681760713401276,0.006528365407518021,0.22205921146235377,-0.0010293806745270122,-0.0010982405935044577,25.068917073425837,11.756117799791554,13.312799273634283,0.02915546345282802,0.013672511734553512,0.01548295171827451,0.38425530416430104,-0.007102494078001091,-0.001087529368805365
1790155680000,2026-09-23T09:28:00+00:00,85909.4,12.260512,0.17869351828994695,0.15142177603943738,0.027271742250509573,0.00020800228879487806,0.00017625751784954545,3.174477094533261e-05,-0.16019163210521828,-0.006496620636572688,-0.005467239962045676,10.654051352699753,11.535704510373193,-0.8816531576734405,0.01240149663796948,0.01342775588046616,-0.0010262592424966775,-0.06272336498682032,-0.016509210960771188,-0.009406716882770099
1790155740000,2026-09-23T09:29:00+00:00,85903,2.36046956,-4.705078852843144,-0.819878349737079,-3.885200503106065,-0.00547719969365813,-0.0009544234191321361,-0.004522776274525995,-0.4252614902984605,-0.004554521045471328,0.0019420995911013606,-7.794678785779979,7.66962785114256,-15.46430663692254,-0.009073814402034829,0.008928242146540354,-0.018002056548575184,-0.511492011520949,-0.016975797306078507,-0.00046658634530732067
1790155800000,2026-09-23T09:30:00+00:00,85936.9,0.86692735,-5.773503601143602,-1.8106034000183837,-3.9629002011252186,-0.006718305641864673,-0.0021068986663684446,-0.004611406975496229,-0.4267132143683401,-8.863070097023425e-05,0.004465890344501094,-17.9759382528282,2.5405146303484085,-20.51645288317661,-0.02091760146436304,0.00295625584626442,-0.02387385731062746,-0.6571432771044085,-0.005871800762052275,0.011103996544026232
1790155860000,2026-09-23T09:31:00+00:00,85900,1.12953639,-9.488383348667412,-3.3461593897481894,-6.142223958919223,-0.011045847902988837,-0.003895412560824435,-0.007150435342164404,-0.5647168818752797,-0.0025390283666681746,-0.0024503976656979403,-32.121073866597726,-4.391803069040819,-27.729270797556907,-0.03739356678300085,-0.00511269274626405,-0.032280874036736795,-0.8669992058606741,-0.008407016726109336,-0.0025352159640570603
1790155920000,2026-09-23T09:32:00+00:00,85881.2,0.49097557,-13.790487044301699,-5.435024920658892,-8.355462123642807,-0.016057631989657456,-0.006328538633203649,-0.009729093356453807,-0.7005824686551798,-0.002578658014289403,-3.962964762122857e-05,-45.398076710815076,-12.59305779739567,-32.8050189134194,-0.05286148389963703,-0.014663346340521174,-0.03819813755911585,-1.0072803836959199,-0.005917263522379056,0.00248975320373028
1790155980000,2026-09-23T09:33:00+00:00,85861.9,1.09370454,-18.543525699933525,-8.056725076513818,-10.486800623419708,-0.021596919821170422,-0.009383352891694475,-0.012213566929475948,-0.8289063976882823,-0.002484473573022141,9.418444126726207e-05,-44.36498119888711,-18.947442477693958,-25.41753872119315,-0.05167016010464142,-0.022067345909762025,-0.029602814194879395,-0.7576194405276752,0.008595323364236455,0.014512586886615511
1790156040000,2026-09-23T09:34:00+00:00,85833.8,2.98342079,-24.297689595943666,-11.304917980399788,-12.992771615543878,-0.02830783397209918,-0.013170706621866661,-0.015137127350232519,-0.9791283648360046,-0.0029235604207565706,-0.0004390868477344295,-45.27848208043724,-24.213650398242613,-21.06483168219463,-0.05275134280485921,-0.02820992475952668,-0.02454141804533253,-0.6048000220362896,0.005061396149546867,-0.0035339272146895848
1790156100000,2026-09-23T09:35:00+00:00,85824.1,2.10441408,-29.302830088854535,-14.904500402090738,-14.398329686763796,-0.03414289236805808,-0.017366334633384724,-0.016776557734673354,-1.0528756999184758,-0.0016394303844408358,0.0012841300363157348,-51.17676930010202,-29.6062741786145,-21.570495121487525,-0.05962983509305897,-0.034496457496920443,-0.025133377596138526,-0.6070543200815439,-0.0005919595508059976,-0.005653355700352865
1790156160000,2026-09-23T09:36:00+00:00,85823.8,1.05908049,-32.91423269624647,-18.506446860921887,-14.407785835324585,-0.038350938429953546,-0.021563303956387257,-0.01678763447356629,-1.033130106747271,-1.1076738892935173e-05,0.0016283536455479006,-47.399908639723435,-33.16500107083629,-14.234907568887145,-0.055229328740656364,-0.038643128212496165,-0.016586200528160188,-0.36680510914912,0.008547177067978338,0.009139136618784332
1790156220000,2026-09-23T09:37:00+00:00,85823.1,0.98663784,-35.42442866846977,-21.890043222431466,-13.534385446038307,-0.04127610010413254,-0.025506003887568105,-0.015770096216564427,-0.9562755999755198,0.0010175382570018626,0.0010286149958947978,-40.20265417773044,-34.57253169221512,-5.630122485515315,-0.046843628554235905,-0.04028348042917946,-0.006560148125056441,-0.09324351294689845,0.010026052403103747,0.001478875335125411
1790156280000,2026-09-23T09:38:00+00:00,85852.5,0.30914984,-34.64211008638085,-24.44045659522134,-10.201653491159512,-0.04035072954937929,-0.028467961439936334,-0.011882768109442953,-0.7196242190237475,0.003887328107121474,0.002869789850119611,-25.42984621829237,-32.74399459743057,7.314148379138203,-0.029620391040787827,-0.03813982656000766,0.008519435519219827,0.3145368124238614,0.015079583644276268,0.005053531241172523
1790156340000,2026-09-23T09:39:00+00:00,85813.6,2.70799287,-36.73753444418253,-26.89987216501358,-9.83766227916895,-0.04281085334280642,-0.031346863626527235,-0.011463989716279177,-0.6839664599344236,0.0004187783931637757,-0.003468549713957698,-14.64511239004787,-29.124218155954033,14.479105765906162,-0.017066190429078688,-0.033938930607682265,0.01687274017860358,0.5320419619495138,0.008353304659383753,-0.006726278984892515
1790156400000,2026-09-23T09:40:00+00:00,85805.1,1.51985844,-38.63865000149235,-29.247627732309336,-9.391022269183015,-0.045030714959241755,-0.034086118112220995,-0.010944596847020765,-0.641945608535774,0.0005193928692584122,0.00010061447609463654,-9.68163018967607,-25.23570056269844,15.55407037302237,-0.011283280585508402,-0.02941049024207004,0.018127209656561637,0.5552810995564285,0.0012544694779580562,-0.007098835181425697
1790156460000,2026-09-23T09:41:00+00:00,85798.5,0.78346278,-40.214297232960234,-31.440961632439517,-8.773335600520717,-0.046870629711428795,-0.0366451180760031,-0.010225511635425698,-0.5875716038655,0.0007190852115950674,0.00019969234233665513,-6.191362024837872,-21.426832855126328,15.235470830288456,-0.007216165812733173,-0.024973435264167003,0.017757269451433834,0.5373549203555712,-0.0003699402051278028,-0.001624409683085859
1790156520000,2026-09-23T09:42:00+00:00,85818.4,2.50665849,-39.403031705121975,-33.03337564697601,-6.369656058145964,-0.045914432924783005,-0.03849218308308709,-0.007422249841695911,-0.4148558890552705,0.0028032617937297872,0.0020841765821347207,3.310031688626623,-16.47945994637574,19.789491635002364,0.00385701864475057,-0.019202711710280946,0.023059730355031515,0.6753345539993871,0.005302460903597681,0.005672401108725484
1790156580000,2026-09-23T09:43:00+00:00,85807.5,1.72128132,-39.18790308127063,-34.26428113383494,-4.9236219474356915,-0.04566955462083225,-0.03993156907477195,-0.0057379855460602995,-0.30814333333023547,0.001684264295635611,-0.001118997498094177,3.017846914983238,-12.579998574103945,15.597845489087183,0.003516996666938482,-0.014660721468524249,0.01817771813546273,0.5362224381889571,-0.004882012219568785,-0.010184473123166466
1790156640000,2026-09-23T09:44:00+00:00,85806.7,0.84021137,-38.636586887863814,-35.13874228464071,-3.4978446032231005,-0.045027470917613444,-0.04095104727794067,-0.004076423639672777,-0.20549559764416533,0.001661561906387523,-2.2702389248088067e-05,7.760233808381599,-8.511952097606837,16.272185905988437,0.009043855326427423,-0.009919915458357957,0.01896377078478538,0.5527276298239809,0.0007860526493226501,0.005668064868891435
1790156700000,2026-09-23T09:45:00+00:00,85837.7,2.23528706,-35.2914065438672,-35.169275136486014,-0.12213140738118256,-0.04111411016822119,-0.040971828388325894,-0.00014228177989529373,0.023486734310580397,0.003934141859777483,0.00227257995338996,16.981645376625238,-3.4132326027604223,20.39487797938566,0.019783434757251462,-0.003976379379643702,0.023759814136895166,0.6727948688725379,0.004796043352109786,0.0040099907027871355
1790156760000,2026-09-23T09:46:00+00:00,85817.3,0.88420751,-33.895707909192424,-34.9145616910273,1.0188537818348777,-0.03949752312085375,-0.040684759006665676,0.0011872358858119258,0.0987372865298253,0.0013295176657072195,-0.002604624194070263,20.33937073207926,1.3372880642075144,19.002082667871747,0.023700781464901902,0.001558296595450468,0.022142484869451435,0.6155180528185418,-0.001617329267443731,-0.006413372619553517
1790156820000,2026-09-23T09:47:00+00:00,85819.4,3.66808494,-32.24841458676383,-34.38133227017461,2.1329176834107813,-0.03757706833975049,-0.04006242442871264,0.0024853560889621477,0.17193961988825185,0.001298120203150222,-3.139746255699757e-05,19.695544492235058,5.008939349813024,14.686605142422035,0.022949990902097962,0.005836604951576245,0.01711338595052172,0.46663784430484,-0.005029098918929716,-0.003411769651485985
1790156880000,2026-09-23T09:48:00+00:00,85806,1.46210737,-31.659242729176185,-33.83691436197493,2.1776716327987415,-0.03689630413861057,-0.039434205489097415,0.0025379013504868444,0.17545184914008502,5.2545261524696626e-05,-0.0012455749416255253,18.548437956851558,7.716839071220731,10.831598885630827,0.021616714398586995,0.008993356025476925,0.01262335837311007,0.33582732726955394,-0.004490027577411649,0.0005390713415180694
1790156940000,2026-09-23T09:49:00+00:00,85850.7,3.93959149,-27.271039789688075,-32.523739447517556,5.252699657829481,-0.03176565804319368,-0.03788407019106141,0.00611841214786773,0.38250576106138656,0.003580510797380886,0.0035279655358561894,24.826933543590712,11.138857965694728,13.688075577895985,0.028918731639451644,0.01297468508200251,0.015944046557449135,0.42091904069124964,0.0033206881843390653,0.007810715761750714
1790157000000,2026-09-23T09:50:00+00:00,85809.9,5.20207911,-26.77690882810566,-31.37437332363518,4.597464495529518,-0.03120491788022788,-0.036562649908268366,0.005357732028040493,0.3415534861432301,-0.0007606801198272372,-0.004341190917208124,20.54909466089157,13.020905304734097,7.528189356157473,0.023947230635266527,0.015174129447457808,0.008773101187808718,0.2256010695951437,-0.007170945369640417,-0.010491633553979482
1790157060000,2026-09-23T09:51:00+00:00,85802.8,1.86765583,-26.651000994083006,-30.42969885772475,3.7786978636417423,-0.031060759082550925,-0.035464692128607395,0.004403933046056472,0.29121695373303913,-0.0009537989819840215,-0.00019311886215678427,16.256211266620085,13.667966497111296,2.5882447695087887,0.018946014893010583,0.015929511038231033,0.003016503854779551,0.0735174296326167,-0.005756597333029167,0.0014143480366112498
1790157120000,2026-09-23T09:52:00+00:00,85812.5,1.17987481,-25.474850970320404,-29.438729280243884,3.96387830992348,-0.029686643519674177,-0.0343058753447853,0.00461923182511112,0.3078193257667768,0.0002152987790546481,0.0011690977610386696,13.260291669794242,13.586431531647886,-0.32613986185364396,0.015452634138143326,0.015832695157055075,-0.00038006101891174826,-0.013247505307947731,-0.0033965648736912993,0.002360032459337868
1790157180000,2026-09-23T09:53:00+00:00,85760,1.82863904,-28.451088405039627,-29.241201105203036,0.7901127001634087,-0.03317524300960777,-0.03409654979617891,0.0009213067865711389,0.09876095093939308,-0.0036979250385399806,-0.0039132238175946295,3.79556501506886,11.628258228332081,-7.832693213263221,0.004425798758242607,0.013559069762514087,-0.00913327100427148,-0.24584174649933818,-0.008753209985359733,-0.005356645111668433
1790157240000,2026-09-23T09:54:00+00:00,85813.6,5.32580181,-26.182885957547114,-28.629538075671853,2.4466521181247387,-0.030511347802151537,-0.03336247177099184,0.0028511239688402985,0.21454400397756043,0.0019298171822691595,0.00562774222080914,-0.5998255550366594,9.182641471658334,-9.782467026694993,-0.0006989865884156583,0.010700683192009581,-0.011399669780425238,-0.30141804477668455,-0.002266398776153757,0.006486811209205976
1790157300000,2026-09-23T09:55:00+00:00,85855.5,0.84399301,-20.764973658704548,-27.056625192278396,6.291651533573848,-0.024185956238918355,-0.03151414317344654,0.007328186934528188,0.47901912749690345,0.004477062965687889,0.00254724578341873,7.749652779559256,8.89604373323852,-1.1463909536792638,0.009026390597642849,0.010361646875550802,-0.0013352562779079544,-0.020871003137174247,0.010064413502517282,0.012330812278671041
1790157360000,2026-09-23T09:56:00+00:00,85900.5,3.45659322,-12.69378910936939,-24.184057975696597,11.490268866327206,-0.014777316906617995,-0.028153570672692935,0.013376253766074942,0.8322092647394141,0.006048066831546755,0.0015710038658588651,22.388136913155904,11.594462369221997,10.793674543933907,0.026062871477064632,0.013497549338155187,0.012565322138909445,0.36021806175200266,0.0139005784168174,0.003836164914300116
1790157420000,2026-09-23T09:57:00+00:00,85846.7,9.85696172,-10.517290797404712,-21.450704540038224,10.933413742633512,-0.012251246463061145,-0.024987220871668013,0.012735974408606868,0.7966168760820508,-0.0006402793574680748,-0.006688346189014829,25.86685654016037,14.448941203409673,11.417915336750697,0.03013145122661718,0.016831096831223184,0.013300354395393997,0.3783537671293391,0.0007350322564845524,-0.013165546160332848
1790157480000,2026-09-23T09:58:00+00:00,85822.7,3.21064132,-10.606731825944735,-19.28190999721953,8.675178171274794,-0.012358888529427221,-0.02246714447019207,0.01010825594076485,0.6464059242003855,-0.002627718467842018,-0.001987439110373943,31.321501757454826,17.823453314218703,13.498048443236122,0.036495591210081745,0.02076776111007776,0.01572783010000399,0.4406263038245735,0.002427475704609992,0.0016924434481254396
1790157540000,2026-09-23T09:59:00+00:00,85861.7,1.43781614,-7.44482115797291,-16.914492229370207,9.469671071397297,-0.008670712503913748,-0.019699694077068366,0.011028981573154616,0.7032530266108121,0.0009207256323897663,0.0035484441002317842,34.02275938632374,21.06331452863971,12.95944485768403,0.03962507076650444,0.024531676555017794,0.015093394211486647,0.41989523558420894,-0.0006344358885173422,-0.003061911593127334
1790157600000,2026-09-23T10:00:00+00:00,85909.4,9.80733406,-1.077571248228196,-13.747108033141807,12.66953678491361,-0.0012543112258125376,-0.016001867121807168,0.01474755589599463,0.9184645231390943,0.003718574322840014,0.0027978486904502477,35.989012407386326,24.048454104389034,11.940558302997292,0.04189182139252087,0.027992808824632735,0.01389901256788814,0.3816721164070071,-0.0011943816435985074,-0.0005599457550811635
1790157660000,2026-09-23T10:01:00+00:00,85861.5,0.86389585,0.10221225653367583,-10.977243975206711,11.079456231740387,0.00011904317596789693,-0.012784826697887542,0.012903869873855438,0.8076507462433163,-0.0018436860221391922,-0.005562260344979206,25.301159219816327,24.298995127474495,1.0021640923418325,0.0294674088151457,0.02830022201740535,0.0011671867977403523,0.029331124269858063,-0.012731825770147788,-0.011537444126549279
1790157720000,2026-09-23T10:02:00+00:00,85888.1,0.93470971,3.147316572169075,-8.152331865731554,11.299648437900629,0.003664438463732548,-0.009491806042666626,0.013156244506399172,0.8175712251682928,0.00025237463254373406,0.002096060654682926,25.57020690225181,24.55323748242996,1.0169694198218515,0.029771536338854637,0.02858747309863643,0.0011840632402182042,0.02554755929701789,1.6876442477851972e-05,0.01274870221262564
1790157780000,2026-09-23T10:03:00+00:00,85880.2,0.30775623,4.867015775904292,-5.548462337404385,10.415478113308676,0.00566721523227041,-0.006460700298094771,0.01212791553036518,0.7516513390674999,-0.0010283289760339917,-0.0012807036085777258,26.976210563399945,25.03783209862396,1.9383784647759867,0.03141144357302376,0.029154370970985114,0.0022570726020386383,0.04954538281573518,0.001073009361820434,0.001056132919342582
1790157840000,2026-09-23T10:04:00+00:00,85882.5,0.63446576,6.34236967311881,-3.170295935299746,9.512665608418557,0.00738493834380556,-0.0036914341516604034,0.011076372495465963,0.6832212349539397,-0.0010515430348992175,-2.3214058865225762e-05,22.629048639064422,24.556075406712054,-1.9270267676476323,0.026348847133076496,0.02859264158205927,-0.0022437944489827758,-0.0811908172905526,-0.004500867051021414,-0.005573876412841848
1790157900000,2026-09-23T10:05:00+00:00,85874.8,0.41513528,6.811750992332236,-1.1738865497733497,7.985637542105586,0.007932188479428465,-0.0013669744206371945,0.00929916290006566,0.5742178692880671,-0.001777209595400302,-0.0007256665605010846,5.948747431801166,20.83460981172988,-14.885862379928714,0.006927232938884476,0.024261610870394898,-0.017334377931510426,-0.4999373356116557,-0.015090583482527651,-0.010589716431506236
1790157960000,2026-09-23T10:06:00+00:00,85865.5,0.61946882,6.3599927553441375,0.33288931125014787,6.0271034440939895,0.007406924498598549,0.0003876869187859476,0.007019237579812603,0.4372756342952457,-0.002279925320253058,-0.0005027157248527567,0.965619734604843,16.860811796304876,-15.895192061700033,0.0011245724238545668,0.019636305380280644,-0.018511732956426077,-0.5347601241691435,-0.0011773550249156509,0.013913228457612
1790158020000,2026-09-23T10:07:00+00:00,85835.9,1.2712659,3.572319005514146,0.9807752501029476,2.591543755411198,0.004161800605008098,0.001142616609254342,0.003019183995753756,0.20057501850812418,-0.004000053584058846,-0.0017201282638057893,-9.206524412627914,11.64734455451832,-20.853868967146234,-0.010725727128891192,0.01356931604901716,-0.02429504317790835,-0.696364922380387,-0.005783310221482273,-0.0046059551965666225
1790158080000,2026-09-23T10:08:00+00:00,85851.2,1.75539149,2.5680467626807513,1.2982295526185084,1.269817210062243,0.002991276490812885,0.0015121856801285345,0.0014790908106843503,0.10620504829374977,-0.0015400931850694055,0.002459960398989441,-10.453001742644119,7.227275295085832,-17.68027703772995,-0.012175720016312083,0.008418374227833545,-0.02059409424414563,-0.595381749579252,0.003700948933762719,0.009484259155244992
1790158140000,2026-09-23T10:09:00+00:00,85855.7,0.22052763,2.1109326492151013,1.460770171937827,0.6501624772772743,0.002458698314980952,0.0017014247999117438,0.0007572735150692084,0.05799564420093639,-0.000721817295615142,0.0008182758894542635,-14.70020760812622,2.8417787144434214,-17.54198632256964,-0.017121993773420077,0.0033099476382388374,-0.020431941411658914,-0.591051826746276,0.0001621528324867172,-0.0035387961012760018
1790158200000,2026-09-23T10:10:00+00:00,85826.9,1.02604138,-0.5686972989351489,1.054876677763232,-1.6235739766983808,-0.0006626096234806907,0.0012290746581354237,-0.0018916842816161141,-0.09997641468410148,-0.0026489577966853223,-0.0019271405010701807,-23.45627821375092,-2.4178326711954474,-21.038445542555472,-0.02732975117795344,-0.0028171035784765007,-0.024512647599476942,-0.7005563029803187,-0.004080706187818028,-0.004242859020304746
1790158260000,2026-09-23T10:11:00+00:00,85859.9,1.11950408,-0.029162958613596857,0.8380687504878662,-0.8672317091014631,-3.3965749568304714e-05,0.0009760886636111459,-0.0010100544131794505,-0.05442180469551521,0.0008816298684366636,0.003530587665121986,-21.05825628695311,-6.145917394346981,-14.91233889260613,-0.02452629957285428,-0.007158076580973168,-0.017368222991881115,-0.50197895301022,0.007144424607595828,0.011225130795413856
1790158320000,2026-09-23T10:12:00+00:00,85840.3,1.07461872,-1.1696512907365104,0.436524742242991,-1.6061760329795014,-0.0013625899382184246,0.00050853124027175,-0.0018711211784901748,-0.1096511448680044,-0.0008610667653107243,-0.0017426966337473879,-14.022674933599774,-7.72126890219754,-6.301406031402234,-0.016335771116363494,-0.008994923016575595,-0.007340848099787901,-0.2236791602746395,0.010027374892093214,0.002882950284497386
1790158380000,2026-09-23T10:13:00+00:00,85835.9,0.60851155,-2.400864071867545,-0.13095302057911623,-2.269911051288429,-0.0027970395508960066,-0.0001525620638673518,-0.002644477487028655,-0.15902610512344037,-0.0007733563085384801,8.771045677224412e-05,-14.117046523620957,-9.000424426482223,-5.116622097138734,-0.016446552693710856,-0.010485617820145444,-0.005960934873565413,-0.18331028862661602,0.0013799132262224878,-0.008647461665870725
1790158440000,2026-09-23T10:14:00+00:00,85855.8,2.58442586,-1.7506648083799519,-0.4548953781392834,-1.2957694302406684,-0.002039075762359621,-0.0005298365144105388,-0.0015092392479490826,-0.09738352019442405,0.0011352382390795723,0.0019085945476180525,-9.459735985612497,-9.092286738308278,-0.3674492473042186,-0.011018167655082704,-0.010590183468453241,-0.0004279841866294631,-0.028000960636558537,0.00553295068693595,0.004153037460713462
1790158500000,2026-09-23T10:15:00+00:00,85845.9,0.50291386,-2.01104242465226,-0.7661247874418786,-1.2449176372103812,-0.0023426190705115326,-0.0008924419074666102,-0.0014501771630449226,-0.09876829880809486,5.906208490416001e-05,-0.0010761761541754123,-3.067715068536927,-7.887372404354008,4.819657335817081,-0.0035735137828794704,-0.009187826564057235,0.005614312781177763,0.13881061469828299,0.006042296967807226,0.0005093462808712758
1790158560000,2026-09-23T10:16:00+00:00,85824.1,6.29789031,-3.931155458180001,-1.3991309215895031,-2.532024536590498,-0.004580479676664248,-0.0016302308111468726,-0.0029502488655173756,-0.1888147877577665,-0.001500071702472453,-0.001559133787376613,-5.801969733875012,-7.470291870258209,1.668322136383197,-0.006760303613874205,-0.008704188998496003,0.0019438853846217984,0.04059528949786219,-0.0036704273965559647,-0.00971272436436319
1790158620000,2026-09-23T10:17:00+00:00,85841.8,0.6020942,-3.9787522171536693,-1.9150551807023364,-2.063697036451333,-0.004634982278043645,-0.002230912190450732,-0.0024040700875929124,-0.15632862127234415,0.0005461787779244632,0.002046250480396916,-2.351577010296751,-6.4465488982659185,4.094971887969168,-0.002739431151603008,-0.007509801633080759,0.00477037048147775,0.12414022703693332,0.002826485096855952,0.006496912493411916
1790158680000,2026-09-23T10:18:00+00:00,85817.7,1.9595616,-5.893208342051366,-2.7106858129721427,-3.1825225290792236,-0.006867124546627755,-0.0031586558635015188,-0.0037084686831262356,-0.2311127487375506,-0.0013043985955333232,-0.0018505773734577863,-3.085296933306381,-5.774298505274012,2.689001571967631,-0.0035951755096051063,-0.0067285635775300575,0.0031333880679249512,0.0847054935916979,-0.0016369824135527991,-0.004463467510408751
1790158740000,2026-09-23T10:19:00+00:00,85836.3,0.47826525,-5.842218601246714,-3.336992370627057,-2.5052262306196567,-0.00680623302873809,-0.003887623733347147,-0.002918609295390944,-0.1819254453702572,0.0007898593877352918,0.0020942579832686154,-5.574276395112975,-5.734294083241805,0.16001768812883022,-0.006494078140731805,-0.006680500071929714,0.00018642193119790834,0.009923885904237288,-0.002946966136727043,-0.0013099837231742434
1790158800000,2026-09-23T10:20:00+00:00,85792,0.69734502,-9.269594518278609,-4.523512800157368,-4.746081718121241,-0.010804730648870069,-0.00527265106321961,-0.005532079585650458,-0.33032746204372126,-0.0026134702902595145,-0.003403329677994806,-12.098983649877482,-7.007231996568941,-5.091751653308541,-0.014102694481860176,-0.008167698615918666,-0.0059349958659415105,-0.1520438941677955,-0.006121417797139419,-0.003174451660412376
1790158860000,2026-09-23T10:21:00+00:00,85785.1,0.76633504,-12.399651495783473,-6.0987405392825895,-6.300910956500884,-0.014454318402360635,-0.007109323809475759,-0.007344994592884875,-0.4309696058842837,-0.001812915007234417,0.0008005552830250974,-14.426329975976842,-8.491051592450521,-5.93527838352632,-0.016816824805213074,-0.009898049419363644,-0.00691877538584943,-0.1733888484843769,-0.0009837795199079194,0.0051376382772315
1790158920000,2026-09-23T10:22:00+00:00,85754.6,4.44199527,-17.143717201863183,-8.307735871798709,-8.835981330064474,-0.019991600685984403,-0.009687802020881339,-0.010303798665103066,-0.5968583587988667,-0.0029588040722181904,-0.0011458890649837733,-25.4477400038013,-11.882389274720676,-13.565350729080624,-0.029675072828514504,-0.013856270421319294,-0.015818802407195208,-0.415753019633285,-0.008900027021345777,-0.007916247501437858
1790158980000,2026-09-23T10:23:00+00:00,85706.4,51.20241344,-24.51022204621404,-11.548233106681776,-12.961988939532263,-0.028597890059801883,-0.013474178248860968,-0.015123711810940915,-0.8699955884415038,-0.004819913145837849,-0.0018611090736196587,-35.50043743297283,-16.60599890637111,-18.89443852660172,-0.041420987736006686,-0.01937544793197604,-0.022045539804030647,-0.5855797540554382,-0.006226737396835439,0.002673289624510339
1790159040000,2026-09-23T10:24:00+00:00,85676,2.01546414,-32.42745265593112,-15.724077016531645,-16.703375639399475,-0.03784893395575321,-0.01835295417215048,-0.01949597978360273,-1.1131477777238312,-0.0043722679726618165,0.00044764517317603253,-51.65454012042028,-23.615707149180945,-28.038832971239334,-0.06029055992392301,-0.027563970247421615,-0.0327265896765014,-0.8794874532449033,-0.01068104987247075,-0.004454312475635311
1790159100000,2026-09-23T10:25:00+00:00,85673.5,2.4109348,-38.460297690253356,-20.271321151275988,-18.188976538977368,-0.04489170827648381,-0.023661133432480275,-0.021230574844003532,-1.2041994446495075,-0.001734595060400801,0.0026376729122610156,-57.586050315760076,-30.409775782496773,-27.176274533263303,-0.06721570884317797,-0.03549496143206099,-0.031720747411116974,-0.8535602154300309,0.0010058422653844226,0.011686892137855173
1790159160000,2026-09-23T10:26:00+00:00,85688,6.63836292,-41.59189653264184,-24.535436227549162,-17.056460305092678,-0.0485387645091983,-0.02863345652547517,-0.01990530798372313,-1.1235539425008592,0.001325266860280401,0.003059861920681202,-56.22770587830746,-35.57336180165891,-20.65434407664855,-0.06561911338613045,-0.041514986697856075,-0.02410412668827438,-0.6489987920065099,0.007616620722842596,0.006610778457458173
1790159220000,2026-09-23T10:27:00+00:00,85757.1,3.33323651,-38.05919595010346,-27.240188172060023,-10.819007778043435,-0.044380227351558596,-0.031764353239626834,-0.012615874111931763,-0.7164969053009949,0.007289433871791368,0.005964167011510969,-38.73353053981555,-36.205395549290245,-2.5281349905253023,-0.04516655826726364,-0.04221853998011854,-0.0029480182871450904,-0.07394718838256477,0.02115610840112929,0.013539487678286694
1790159280000,2026-09-23T10:28:00+00:00,85762.3,3.23758742,-34.4428727478371,-28.68072508721544,-5.762147660621661,-0.04016085476699797,-0.033442112778243396,-0.00671874198875457,-0.38930253192060066,0.0058971321231771935,-0.0013923017486141727,-16.915204784134403,-32.34735739625908,15.432152612124675,-0.01972335721422397,-0.037717455567608464,0.0179940983533845,0.50426629783935,0.020942116640529588,-0.000213991760599698
1790159340000,2026-09-23T10:29:00+00:00,85799.9,1.77010396,-28.21762952384597,-28.58810597454155,0.3704764506955769,-0.03288771842839674,-0.03331950966672636,0.0004317912383296215,0.007803938406544162,0.0071505332270841914,0.001253401103906997,13.699896076126606,-23.13790670178194,36.83780277790855,0.01596726345383457,-0.02696728865859044,0.042934552112425015,1.194398942125184,0.024940453759040516,0.003998337118510926
1790159400000,2026-09-23T10:30:00+00:00,85809.9,11.32995551,-22.221012986279675,-27.314687376889175,5.0936743906095,-0.025895628576981997,-0.03183162709301511,0.005935998516033115,0.3198416759529962,0.0055042072777034936,-0.0016463259493806979,39.6142925213062,-10.587466857164316,50.20175937847051,0.046165177352853456,-0.012338281313886063,0.058503458666739526,1.6123707278307986,0.015568906554314511,-0.009371547204726004
1790159460000,2026-09-23T10:31:00+00:00,85774.9,6.4825478,-20.061601021094248,-25.86407010573019,5.802469084635941,-0.023388661509479172,-0.03015342495966791,0.00676476345018874,0.35429411556234053,0.0008287649341556244,-0.004675442343547869,54.67241745676438,2.464510005621424,52.20790745114296,0.06373941264491638,0.0028732298208700028,0.06086618282404638,1.6510826980831668,0.0023627241573068516,-0.01320618239700766
1790159520000,2026-09-23T10:32:00+00:00,85764.3,1.4275034,-18.986715851540794,-24.488599254892314,5.5018834033515205,-0.02213825082410839,-0.02855337157172893,0.0064151207476205365,0.31277122381458433,-0.0003496427025682031,-0.0011784076367238275,51.93365588247252,12.358339180991646,39.57531670148087,0.06055393197690941,0.014409654344513563,0.04614427763239585,1.2027666576471763,-0.01472190519165053,-0.017084629348957388
1790159580000,2026-09-23T10:33:00+00:00,85749.2,1.07075763,-19.132754925536574,-23.417430389021167,4.284675463484593,-0.02231245880490614,-0.027309211501706333,0.004996752696800195,0.18899959229250016,-0.0014183680508203416,-0.0010687253482521393,45.873558855528245,19.061383115898966,26.81217573962928,0.05349736073984159,0.022229225597322152,0.03126813514251944,0.7553822292334418,-0.014876142489876405,-0.00015423729822587606
1790159640000,2026-09-23T10:34:00+00:00,85814.1,6.71837888,-13.851927933079423,-21.504329897832818,7.652401964753395,-0.016141785479401895,-0.025059203438400936,0.008917417958999039,0.4676093313542913,0.003920665262198844,0.005339033313019185,43.17321436028578,23.883749364776328,19.289464995509455,0.050310163901137205,0.02783196393690119,0.022478199964236008,0.4939616420474107,-0.008789935178283435,0.00608620731159297
1790159700000,2026-09-23T10:35:00+00:00,85779.3,0.5028489,-12.332739515244612,-19.67001182131518,7.337272306070567,-0.014377290925951379,-0.022930953996261542,0.008553663070310163,0.42308950537456413,-0.0003637548886888751,-0.004284420150887719,29.388349421147723,24.984669376050608,4.403680045097115,0.034260421128579646,0.029126688345615555,0.00513373278296409,0.0002942911917602606,-0.017344467181271916,-0.008554532002988481
1790159760000,2026-09-23T10:36:00+00:00,85850,1.02565235,-5.36206209937518,-16.808421876927177,11.446359777551997,-0.0062458498536694,-0.01957882571569852,0.013332975862029117,0.7944873882776881,0.004779312791718953,0.0051430676804078285,31.486380030983128,26.28501150703711,5.201368523946016,0.036676039640050236,0.03061736925688656,0.0060586703831636765,0.049837628941752116,0.0009249376001995869,0.018269404781471505
1790159820000,2026-09-23T10:37:00+00:00,85866.1,1.51215273,1.444731455485453,-13.157791210444651,14.602522665930104,0.0016825399726847414,-0.01532361573478317,0.017006155707467913,1.0745010567069406,0.0036731798454387957,-0.0011061329462801577,35.658496548305266,28.159708515290745,7.49878803301452,0.041528026250528746,0.03279490801991792,0.008733118230610824,0.16937908935357074,0.002674447847447147,0.0017495102472475602
1790159880000,2026-09-23T10:38:00+00:00,85837.9,2.42264018,4.5116525431512855,-9.623902459725464,14.13555500287675,0.005256014584643014,-0.011211717038424128,0.016467731623067142,1.0196707565177678,-0.0005384240844007702,-0.004211603929839566,36.3841320356878,29.804593219370158,6.5795388163176405,0.04238702488724421,0.034721950582866264,0.007665074304377951,0.18724849733361368,-0.0010680439262328728,-0.00374249177368002
1790159940000,2026-09-23T10:39:00+00:00,85879.9,0.6049078,10.213523451791843,-5.656417277422003,15.869940729213846,0.011892798491604956,-0.006586427414822331,0.01847922590642729,1.1773795838085317,0.002011494283360147,0.002549918367760917,37.6753378216963,31.37874213983539,6.296595681860914,0.04386979703247943,0.03653793511617432,0.007331861916305113,0.23928960942299274,-0.000333212388072838,0.0007348315381600357
1790160000000,2026-09-23T10:40:00+00:00,85875.2,2.41474001,14.189479024644243,-1.6872380170087542,15.876717041652997,0.016523372317787024,-0.0019647558515249503,0.018488128169311974,1.1823081123303323,8.902262884684375e-06,-0.0020025920204754626,42.59721884696046,33.622437481260405,8.974781365700053,0.0496036327682037,0.03915267444065389,0.010450958327549808,0.4439093584698392,0.0031190964112446954,0.0034523087993175335
1790160060000,2026-09-23T10:41:00+00:00,85851.5,2.45702472,15.252242176880827,1.7006580217691623,13.551584155111666,0.01776584238700643,0.001980929886803565,0.01578491250020287,0.9777990181154715,-0.0027032156691091033,-0.0027121179319937877,33.90128838131204,33.67820766127073,0.22308072004130963,0.03948828894231556,0.03922844407059951,0.0002598448717160558,0.054300355017312264,-0.010191113455833753,-0.013310209867078447
1790160120000,2026-09-23T10:42:00+00:00,85862.7,1.29775367,16.804523938029888,4.721431205021307,12.08309273300858,0.0195713900658026,0.005498815207326706,0.014072574858475892,0.8626524976988952,-0.0017123376417269784,0.000990878027382125,26.181670057732845,32.17890014056316,-5.997230082830313,0.03049248399797915,0.03747715846410975,-0.006984674466130593,-0.2537019120695528,-0.007244519337846649,0.002946594117987104
1790160180000,2026-09-23T10:43:00+00:00,85862,3.21489003,17.773354104865575,7.331815784990161,10.441538319875415,0.020699906949367096,0.00853906941952221,0.012160837529844884,0.7327156150066483,-0.001911737328631008,-0.0001993996869040296,20.82890162691183,29.90890043783289,-9.079998810921062,0.024258579612531538,0.03483368712332917,-0.01057510751079763,-0.4077841086829089,-0.003590433044667037,0.0036540862931796116
1790160240000,2026-09-23T10:44:00+00:00,85881.8,3.89745088,19.90935091243591,9.847322810479312,10.0620281019566,0.0231822701811512,0.011466134629781062,0.011716135551370138,0.7214334775629612,-0.00044470197847474614,0.0014670353501562618,11.592072780811577,26.24553490642863,-14.653462125617054,0.013497705894393896,0.030560066168185376,-0.017062360273791485,-0.7048216785701824,-0.0064872527629938545,-0.0028968197183268174
1790160300000,2026-09-23T10:45:00+00:00,85885,2.08019797,21.611236150129116,12.200105478409274,9.411130671719842,0.02516299254832522,0.01420516443896987,0.010957828109355349,0.677982278624066,-0.0007583074420147891,-0.00031360546354004294,3.0208584679930937,21.600599618741526,-18.579741150748433,0.00351732953134202,0.02515060792774236,-0.02163327839640034,-0.9172957465174185,-0.004570918122608854,0.0019163346403850007
1790160360000,2026-09-23T10:46:00+00:00,85894.9,5.21216397,23.488083716409164,14.457701126009255,9.03038259039991,0.027345143560804152,0.01683185046610364,0.010513293094700513,0.6629210503952292,-0.00044453501465483575,0.00031377242735995334,4.868244878540281,18.254128670701277,-13.385883792160996,0.00566767628641547,0.021251702569886313,-0.015584026283470843,-0.6397882663097202,0.006049252112929495,0.010620170235538347
1790160420000,2026-09-23T10:47:00+00:00,85875,0.87900458,23.103413476710557,16.186843596149515,6.916569880561042,0.026903538255267024,0.018849308408907733,0.008054229846359291,0.4730422265903189,-0.0024590632483412218,-0.002014528233686386,-1.641845482197823,14.274933840121458,-15.91677932231928,-0.0019119015804341462,0.01662292150232484,-0.018534823082758986,-0.7884888614014798,-0.002950796799288143,-0.009000048912217638
1790160480000,2026-09-23T10:48:00+00:00,85874.2,1.03477214,22.47492923217942,17.444460723355498,5.0304685088239225,0.026171922687116062,0.020313971743964425,0.0058579509431516364,0.30169933325211673,-0.002196278903207655,0.00026278434513356784,-2.4569664715818362,10.928553777780799,-13.385520249362635,-0.002861122981735884,0.012726236492195326,-0.01558735947393121,-0.6544012067371537,0.0029474636088277755,0.00589826040811592
1790160540000,2026-09-23T10:49:00+00:00,85874.2,0.26122004,21.72640249664255,18.30084907801291,3.42555341862964,0.02530026771328589,0.021311230937828718,0.0039890367754571695,0.154589446308722,-0.001868914167694467,0.0003273647355131878,-5.057907799768145,7.73126146227101,-12.789169262039156,-0.0058899038358065,0.00900300842659496,-0.014892912262401463,-0.6203324273570727,0.0006944472115297477,-0.002253016397298028
1790160600000,2026-09-23T10:50:00+00:00,85855.8,1.22159705,19.424549327828572,18.525589127976044,0.8989601998525281,0.02262462096658417,0.021577562759855527,0.0010470582067286403,-0.10865409807601233,-0.002941978568728529,-0.0010730644010340622,-12.733768865437014,3.638255396729406,-16.37202426216642,-0.014831576743140258,0.00423763496086392,-0.019069211704004177,-0.811094221629299,-0.004176299441602714,-0.004870746653132462
1790160660000,2026-09-23T10:51:00+00:00,85847.8,10.16330356,16.76156408924726,18.17278412023029,-1.4112200309830314,0.019524745059567347,0.021168607838791778,-0.0016438627792244313,-0.361880058657696,-0.0026909209859530716,0.0002510575827754575,-18.827577177682542,-0.8549111181529838,-17.97266605952956,-0.021931344982262263,-0.0009958451097791484,-0.020935499872483113,-0.8911884444305316,-0.0018662881684789363,0.0023100112731237778
1790160720000,2026-09-23T10:52:00+00:00,85851.3,1.04864208,14.763366946906899,17.490900685565613,-2.727533738658714,0.017196439596030462,0.020373483785994635,-0.003177044189964175,-0.5047044795812647,-0.0015331814107397436,0.001157739575213328,-20.28651443454146,-4.741231781430679,-15.54528265311078,-0.023629827893743554,-0.0055226091875494945,-0.01810721870619406,-0.7541140795203104,0.002828281166289054,0.00469456933476799
1790160780000,2026-09-23T10:53:00+00:00,85832.7,0.75001774,11.545823693537386,16.30188528715997,-4.756061593622583,0.013451544333962914,0.018992627852974415,-0.005541083519011499,-0.73831447987857,-0.002364039329047324,-0.0008308579183075805,-25.796091892945697,-8.952203803733683,-16.843888089212015,-0.030053921049839626,-0.010429828962311198,-0.01962409208752843,-0.8334769131164407,-0.0015168733813343722,-0.004345154547623426
1790160840000,2026-09-23T10:54:00+00:00,85832.6,1.2794803,8.885402925880044,14.818588814903984,-5.933185889023941,0.010352014183282392,0.017264522821053986,-0.006912508637771593,-0.8666851182034279,-0.0013714251187600937,0.0009926142102872305,-29.263754096609773,-13.014513862308903,-16.24924023430087,-0.03409398538155639,-0.015162669967248925,-0.018931315414307467,-0.8148034523539476,0.0006927766732209642,0.0022096500545553364
1790160900000,2026-09-23T10:55:00+00:00,85862.7,1.90151877,9.100909128697822,13.675052877662754,-4.574143748964932,0.010599374499867606,0.015926651360442606,-0.005327276860575002,-0.6825743417013651,0.0015852317771965913,0.002956656895956686,-24.196950933139306,-15.251001276474984,-8.945949656664322,-0.0281809807205449,-0.017762079781412633,-0.010418900939132269,-0.42261193220264154,0.008512414475175199,0.007819637801954236
1790160960000,2026-09-23T10:56:00+00:00,85863.1,4.7567596,9.197947787572048,12.779631859644613,-3.581684072072566,0.010712340676695865,0.014883729867247529,-0.004171389190551663,-0.5465145583172639,0.0011558876700233384,-0.0004293441071732528,-17.11957579443697,-15.62471618006738,-1.494859614369588,-0.019938222349806807,-0.018197242098255687,-0.0017409802515511179,-0.015240884155803257,0.00867792068758115,0.00016550621240595323
1790161020000,2026-09-23T10:57:00+00:00,85867.1,1.39977706,9.488243628104101,12.121354213336511,-2.6331105852324104,0.011049917405041163,0.01411641270444269,-0.003066495299401529,-0.4199671418041584,0.0011048938911501342,-5.0993778873203825e-05,-10.655312357615912,-14.630835415577089,3.975523057961176,-0.012409074439006221,-0.017038930411737544,0.00462985597273132,0.28255161068378704,0.0063708362242824385,-0.002307084463298713
1790161080000,2026-09-23T10:58:00+00:00,85914.9,1.18730893,13.420660669828067,12.381215504634824,1.0394451651932428,0.015620876786015076,0.01441102242409038,0.0012098543619246986,0.038095891993636416,0.004276349661326228,0.003171455770176093,6.135837769325008,-10.47750077859667,16.61333854792168,0.007141762103342968,-0.012195208023982652,0.01933697012732562,1.0036220557918574,0.0147071141545943,0.008336277930311862
1790161140000,2026-09-23T10:59:00+00:00,85924,2.41206182,17.074598116523703,13.3198920270126,3.754706089511103,0.019871744933340745,0.015501945937121875,0.0043697989962188715,0.370375406452371,0.003159944634294173,-0.0011164050270320545,19.923367495342973,-4.397327123808742,24.320694619151716,0.02318719740159091,-0.005117693687222129,0.028304891088813042,1.4273572630282876,0.008967920961487422,-0.005739193193106879
1790161200000,2026-09-23T11:00:00+00:00,85950.6,3.3317102,21.86472462755046,15.028858547120173,6.835866080430286,0.02543871087293219,0.01748546088930173,0.007953249983630464,0.741095734623952,0.0035834509874115928,0.0004235063531174198,30.535553263645852,2.5892489536821772,27.946304309963676,0.035526864575286095,0.003012485024749306,0.032514379550536786,1.60104651201662,0.004209488461723743,-0.004758432499763678
1790161260000,2026-09-23T11:01:00+00:00,85875.1,8.20385276,19.345710074936505,15.892228852683441,3.453481222253064,0.022527729312613907,0.01850621292165417,0.004021516390959735,0.31588323065228346,-0.003931733592670729,-0.007515184580082321,26.525891933808452,7.376577549707433,19.149314384101018,0.0308889211585296,0.00858989107402196,0.022299030084507634,1.0679504236582835,-0.010215349466029151,-0.014424837927752895
1790161320000,2026-09-23T11:02:00+00:00,85845,1.3681817,14.75051964110753,15.66388701036826,-0.9133673692607296,0.017182735909030848,0.01824670861479208,-0.001063972705761232,-0.22435508215224367,-0.0050854890967209675,-0.0011537555040502384,16.427998961036792,9.186861831973305,7.241137129063487,0.019136815144780467,0.010701685400399912,0.008435129744380555,0.3733734060181411,-0.01386390034012708,-0.0036485508740979264
1790161380000,2026-09-23T11:03:00+00:00,85834.6,1.34181757,10.152572496182984,14.561624107531205,-4.409051611348222,0.011828065251289087,0.01696474860665886,-0.0051366833553697705,-0.6490068721426306,-0.004072710649608538,0.0010127784471124289,-1.4051422451011604,7.0684610165584125,-8.473603261659573,-0.0016370347681484627,0.008234978687567033,-0.009872013455715496,-0.5284960701254554,-0.01830714320009605,-0.004443242859968971
1790161440000,2026-09-23T11:04:00+00:00,85883.7,5.66761836,10.351302539376775,13.71955979390032,-3.368257254523545,0.012052697472718078,0.015974579336824474,-0.003921881864106396,-0.5086915635118662,0.0012148014912633743,0.0052875121408719125,-9.432758378155995,3.7682171376155313,-13.200975515771527,-0.01098317652611147,0.004387581272832367,-0.015370757798943835,-0.7863717244216992,-0.00549874434322834,0.01280839885686771
1790161500000,2026-09-23T11:05:00+00:00,85855.1,1.13006299,8.107557672497933,12.597159369619842,-4.489601697121909,0.009443303510796601,0.014672581325535514,-0.0052292778147389135,-0.6349393005280308,-0.0013073959506325174,-0.0025221974418958917,-26.476243857017835,-2.2806750613111424,-24.19556879570669,-0.030838288997412887,-0.002656423510439266,-0.02818186548697362,-1.4013487565061464,-0.012811107688029786,-0.007312363344801447
1790161560000,2026-09-23T11:06:00+00:00,85840,0.95410107,5.052685680799186,11.088264631855711,-6.035578951056525,0.005886166916122071,0.012917363271034146,-0.0070311963549120745,-0.8112099919674663,-0.001801918540173161,-0.0004945225895406436,-31.672407763733645,-8.159021601795644,-23.513386161938,-0.03689702675178663,-0.009504917989044319,-0.027392108762742312,-1.3334435592305,0.0007897567242313094,0.013600864412261096
1790161620000,2026-09-23T11:07:00+00:00,85868.1,0.90765271,4.843282431684202,9.839268191821409,-4.9959857601372075,0.00564037451822528,0.011458583795171208,-0.005818209276945928,-0.6684839290197596,0.0012129870779661461,0.003014905618139308,-24.523277972548385,-11.431872875946192,-13.091405096602193,-0.02855924140926419,-0.013313294315288438,-0.015245947093975752,-0.7101858303876963,0.01214616166876656,0.011356404944535249
1790161680000,2026-09-23T11:08:00+00:00,85845.2,1.06313159,2.7972453284601215,8.430863619149152,-5.63361829068903,0.003258476104033914,0.009821007603394426,-0.006562531499360512,-0.738803430813673,-0.0007443222224145837,-0.00195730930038073,-20.464862575230654,-13.238470815803083,-7.226391759427571,-0.02383926250417106,-0.0154213291084453,-0.008417933395725762,-0.3639251879282686,0.00682801369824999,-0.005318147970516572
1790161740000,2026-09-23T11:09:00+00:00,85860.1,1.23569464,2.3509513549361145,7.214881166306545,-4.86392981137043,0.0027381185846931397,0.008403066344328207,-0.005664947759635069,-0.641660367668643,0.0008975837397254428,0.0016419059621400264,-21.607530140550807,-14.912282680752629,-6.695247459798178,-0.02516597364847095,-0.017368117065729747,-0.0077978565827412005,-0.3389975752762882,0.0006200768129845614,-0.006207936885265429
1790161800000,2026-09-23T11:10:00+00:00,85742.5,10.97597482,-7.40669721525046,4.290565489995144,-11.697262705245604,-0.008638303309619453,0.005004012584185374,-0.013642315893804829,-1.4659300064359522,-0.00797736813416976,-0.008874951873895202,-33.26736905766302,-18.583299956134706,-14.684069101528312,-0.03879915917737763,-0.021673382460430598,-0.017125776716947035,-0.8138404769279218,-0.009327920134205834,-0.009947996947190396
1790161860000,2026-09-23T11:11:00+00:00,85766.6,1.60909356,-13.044664645276498,0.8235194629408156,-13.868184108217314,-0.015209492559197284,0.0009601866728316332,-0.016169679232028916,-1.70239395059901,-0.002527363338224087,0.005450004795945673,-34.49980844790116,-21.766601654488,-12.73320679341316,-0.04022522572644964,-0.02537887902107347,-0.01484634670537617,-0.7149215506018671,0.0022794300115708648,0.011607350145776699
1790161920000,2026-09-23T11:12:00+00:00,85733.5,0.82427434,-19.95367428821919,-3.331919287291186,-16.621755000928005,-0.023274069399032104,-0.003886367974352133,-0.019387701424679975,-1.996722540500485,-0.0032180221926510592,-0.0006906588544269721,-41.74858793086605,-25.76299890976361,-15.985589021102442,-0.04869576995091306,-0.0300500958315753,-0.018645674119337763,-0.9315817554905094,-0.0037993274139615923,-0.006078757425532457
1790161980000,2026-09-23T11:13:00+00:00,85749.6,3.89331968,-23.85499324736884,-7.436534079306717,-16.41845916806212,-0.027819363877346178,-0.00867238340389543,-0.019146980473450745,-1.9428005909260793,0.00024072095122923062,0.00345874314388029,-45.512747492379276,-29.712948626286746,-15.79979886609253,-0.053076337956537725,-0.03465083058846542,-0.018425507368072306,-0.9325304792384986,0.0002201667512654569,0.004019494165227049
1790162040000,2026-09-23T11:14:00+00:00,85755.6,6.83910013,-26.16109792194038,-11.181446847833449,-14.979651074106933,-0.030506576738942272,-0.013038736651406379,-0.017467840087535894,-1.763412646123435,0.0016791403859148513,0.0014384194346856206,-51.16714318880986,-34.00378753879137,-17.163355650018488,-0.05966624125865816,-0.03965197321083564,-0.02001426804782252,-1.0202794191892421,-0.0015887606797502125,-0.0018089274310156694
1790162100000,2026-09-23T11:15:00+00:00,85750.9,2.155294,-28.04467169351119,-14.554091816968999,-13.490579876542192,-0.032704813236375585,-0.016972523690094214,-0.01573228954628137,-1.5920367208227102,0.0017355505412545227,5.6410155339671475e-05,-38.61412394027866,-34.925854819088826,-3.6882691211898333,-0.04503057570273742,-0.04072943236641111,-0.004301143336326305,-0.213134836161275,0.015713124711496215,0.017301885391246424
1790162160000,2026-09-23T11:16:00+00:00,85740.1,1.78918052,-30.062347193234018,-17.655742892222,-12.406604301012017,-0.035062178832581274,-0.020592165033889626,-0.014470013798691646,-1.4722154505030682,0.0012622757475897247,-0.0004732747936647963,-29.08324989724497,-33.75733383472006,4.674083937475089,-0.033920242567066015,-0.039371698697249075,0.0054514561301830635,0.28922163094456976,0.009752599466509368,-0.0059605252449868446
1790162220000,2026-09-23T11:17:00+00:00,85717.6,4.59958678,-33.095428029846516,-20.743679919746903,-12.351748110099614,-0.038609839787682475,-0.024200024172103395,-0.014409815615579078,-1.470607860760511,6.0198183112567666e-05,-0.001202077564477157,-20.56608932337258,-31.119084932450566,10.552995609077986,-0.023992843153999386,-0.03630419532563973,0.012311352171640347,0.640349776494073,0.006859896041457284,-0.0028927034250520846
1790162280000,2026-09-23T11:18:00+00:00,85701.5,0.40699203,-36.37894802399387,-23.870733540596298,-12.508214483397573,-0.04244843791998258,-0.027853343921163922,-0.01459509399881866,-1.4811870054886527,-0.00018527838323958122,-0.0002454765663521489,-18.43707645982795,-28.582683237926044,10.145606778098095,-0.02151313157859308,-0.03335143870051988,0.011838307121926798,0.6131075877089961,-0.0004730450497135493,-0.007332941091170833
1790162340000,2026-09-23T11:19:00+00:00,85700,0.2449342,-38.65658963737951,-26.827904759952943,-11.828684877426568,-0.045106872389007596,-0.031304439626549524,-0.013802432762458072,-1.3942692106143337,0.0007926612363605874,0.0009779396196001686,-14.609649555801298,-25.788076501501095,11.178426945699798,-0.01704743238716604,-0.030091104435823916,0.013043672048657874,0.6796520932646565,0.001205364926731076,0.0016784099764446253
1790162400000,2026-09-23T11:20:00+00:00,85640,9.11903982,-44.786860535197775,-30.41969591500191,-14.367164620195865,-0.05229666106398619,-0.03552042960649453,-0.01677623145749167,-1.6750753005875825,-0.0029737986950335964,-0.0037664599313941838,-20.70827919447038,-24.772117040094955,4.063837845624576,-0.02418061559373001,-0.028925872302773183,0.004745256709043176,0.2501771840715625,-0.008298415339614697,-0.009503780266345772
1790162460000,2026-09-23T11:21:00+00:00,85608,4.54864645,-51.63209430943243,-34.662175593888016,-16.969918715544416,-0.06031223052685781,-0.04048941173008132,-0.019822818796776488,-1.9430071136419493,-0.003046587339284819,-7.278864425122253e-05,-26.515943108592182,-25.120882253794402,-1.39506085479778,-0.030973674316176272,-0.029344082625215404,-0.001629591690960868,-0.07748560168634376,-0.0063748484000040444,0.001923566939610653
1790162520000,2026-09-23T11:22:00+00:00,85599.5,5.91091066,-57.08483194670407,-39.14670686445123,-17.93812508225284,-0.06668827732253585,-0.04573240131595539,-0.020955876006580457,-2.004924708728189,-0.0011330572098039692,0.0019135301294808497,-36.00210779219924,-27.297127361475372,-8.704980430723868,-0.04205878281088002,-0.03188935374794873,-0.01016942906293129,-0.5173700974310782,-0.008539837371970421,-0.002164988971966377
1790162580000,2026-09-23T11:23:00+00:00,85619,3.67841373,-59.15082488817279,-43.147530469195544,-16.003294418977248,-0.06908609641338113,-0.05039480777537176,-0.018691288638009375,-1.7475574391487632,0.002264587368571082,0.003397644578375051,-35.36702761219931,-28.91110741162016,-6.455920200579147,-0.041307452332075015,-0.0337671631432511,-0.007540289188823914,-0.3644553883738578,0.002629139874107375,0.011168977246077797
1790162640000,2026-09-23T11:24:00+00:00,85577,0.97264545,-63.44582420257211,-47.20718921587086,-16.23863498670125,-0.07413887399952336,-0.05516340747615698,-0.01897546652336638,-1.7346002699844922,-0.0002841778853570065,-0.0025487652539280883,-42.64647160093591,-31.658180249483316,-10.988291351452595,-0.04983403437948971,-0.036993795353288055,-0.01284023902620166,-0.634665319279875,-0.005299949837377746,-0.007929089711485121
1790162700000,2026-09-23T11:25:00+00:00,85555,4.73163517,-67.84280857478734,-51.33431308765416,-16.50849548713318,-0.07929730416081741,-0.06000153478774375,-0.019295769373073673,-1.720439362289314,-0.0003203028497072921,-3.6124964350285615e-05,-40.568583311775,-33.44026086194165,-7.128322449833348,-0.04741813256007831,-0.039086272996249956,-0.008331859563828354,-0.3772046124447507,0.004508379462373306,0.009808329299751055
1790162760000,2026-09-23T11:26:00+00:00,85548.8,4.27080389,-71.00918882568658,-55.269288235260646,-15.739900590425933,-0.08300430727922142,-0.06460556809126562,-0.0183987391879558,-1.598236243856428,0.0008970301851178725,0.0012173330348251646,-32.850937691371655,-33.32239622782765,0.471458536455998,-0.03840023202122257,-0.03895133096878934,0.0005510989475667666,0.11899562781992301,0.00888295851139512,0.004374579049021816
1790162820000,2026-09-23T11:27:00+00:00,85550,0.96736529,-72.58502305271395,-58.73243519875131,-13.852587853962639,-0.08484514675945523,-0.06865275885301146,-0.016192387906443763,-1.3665682076377805,0.002206351281512038,0.0013093210963941657,-23.596931148975273,-31.37730321205718,7.780372063081906,-0.02758261969488635,-0.03667715162134094,0.009094531926454595,0.5943774717635936,0.008543432978887829,-0.000339525532507292
1790162880000,2026-09-23T11:28:00+00:00,85556.3,3.88397467,-72.4899071559048,-61.483929590182015,-11.005977565722787,-0.08472772566824979,-0.07186370797963682,-0.01286401768861298,-1.0451153034884897,0.0033283702178307836,0.0011220189363187472,-17.14724589610705,-28.531291748867154,11.384045852760103,-0.0200420610710223,-0.03334797291241809,0.013305911841395785,0.825697323958375,0.00421137991494119,-0.0043320530639466386
1790162940000,2026-09-23T11:29:00+00:00,85510.5,12.09586646,-75.24285159967258,-64.23571399208014,-11.00713760759244,-0.08799252910422999,-0.07512026475354505,-0.012872264350684934,-1.0255503657903267,-8.2466620719545e-06,-0.003336616879902738,-13.030857212012052,-25.431204841496136,12.400347629484084,-0.015238897225501022,-0.02974044689423654,0.014501549668735516,0.8929836263079703,0.0011956378273397308,-0.003015742087601459
1790163000000,2026-09-23T11:30:00+00:00,85540,1.2722771,-74.18897215703328,-66.22636562507077,-7.962606531962507,-0.08673015215926266,-0.07742151698044279,-0.009308635178819859,-0.6909823029810277,0.0035636291718650747,0.003571875833937031,-1.1564118644892005,-20.57624624609475,19.41983438160555,-0.0013518960304994161,-0.024054531501162907,0.022702635470663493,1.327471971547936,0.008201085801927977,0.007005447974588247
1790163060000,2026-09-23T11:31:00+00:00,85578.1,1.84299948,-69.4785085235344,-66.8767942047635,-2.6017143187709024,-0.08118725295786468,-0.07814708927256331,-0.0030401636853013823,-0.12005821967215592,0.006268471493518477,0.0027048423216534025,16.7509901811718,-13.110798960641443,29.861789141813244,0.019573921577099515,-0.015320273481932226,0.03489419505903174,1.939600065955296,0.012191559588368248,0.00399047378644027
1790163120000,2026-09-23T11:32:00+00:00,85565,2.78321657,-66.04121070785914,-66.70967750538263,0.668466797523493,-0.07718250535599736,-0.07796374394364826,0.0007812385876509006,0.22827389285138525,0.003821402272952283,-0.0024470692205661943,25.5941001578758,-5.369819136937994,30.963919294813795,0.029911880041928126,-0.0062757192040413644,0.03618759924596949,1.9507988047298654,0.001293404186937748,-0.0108981554014305
1790163180000,2026-09-23T11:33:00+00:00,85543.5,1.80081957,-64.31066443395684,-66.22987489109748,1.919210457140636,-0.07517890246945337,-0.07742245160777556,0.0022435491383221823,0.35898297806153723,0.0014623105506712817,-0.0023590917222810013,26.486632474028738,1.0014711852553528,25.485161288773384,0.03096276452802228,0.0011707157004978202,0.029792048827524457,1.5751429386493272,-0.006395550418445032,-0.007688954605382783
1790163240000,2026-09-23T11:34:00+00:00,85523.1,1.97942899,-63.849288698722376,-65.75375765262247,1.9044689539000927,-0.07465736005678275,-0.07688420748619082,0.0022268474294080695,0.35811686442326074,-1.6701708914112785e-05,-0.0014790122595853944,30.635065115173347,6.928189971238952,23.706875143934397,0.03582080761241506,0.008100957485450073,0.02771985012696499,1.4342374643249718,-0.0020721987005594654,0.0043233517178855665
1790163300000,2026-09-23T11:35:00+00:00,85508.5,0.55249932,-63.92485712614143,-65.38797754732627,1.4631204211848399,-0.07475848263756402,-0.07646956448461413,0.001711081847050106,0.3175414241370335,-0.0005157655823579636,-0.0004990638734438508,29.127027268594247,11.367957430710012,17.759069837884233,0.034063312148610074,0.01329453496519061,0.020768777183419466,1.058474835844203,-0.0069510729435455255,-0.004878874242986064
1790163360000,2026-09-23T11:36:00+00:00,85509.5,1.50624675,-63.17580267894664,-64.94554257365034,1.7697398947037044,-0.07388161862593821,-0.0759512598876737,0.002069641261735485,0.36348172989289723,0.00035855941468537897,0.0008743249970433425,19.70076368775335,13.03451868211868,6.666245005634671,0.023039268955792457,0.015243357383821307,0.007795911571971151,0.3964126671492706,-0.012972865611448316,-0.006021792667902787
1790163420000,2026-09-23T11:37:00+00:00,85488.4,1.80990209,-63.552175374978106,-64.6668691339159,1.1146937589377899,-0.07434011558875603,-0.07564402788438654,0.0013039122956305066,0.30661413352580685,-0.0007657289661049784,-0.0011242883807903573,9.09784192283405,12.247183330261755,-3.1493414074277055,0.010642194640248327,0.014326134692264396,-0.0036839400520160695,-0.18448764509021445,-0.01147985162398722,0.0014930139874610934
1790163480000,2026-09-23T11:38:00+00:00,85488.4,6.56775943,-63.122812953050015,-64.35805789774273,1.2352449446927096,-0.07383786917646139,-0.07528279614280152,0.001444926966340123,0.32949749601159123,0.0001410146707096164,0.0009067436368145948,3.421503310164553,10.482047326242316,-7.060544016077763,0.004002301259778582,0.012261368005767236,-0.008259066745988653,-0.40850806663705785,-0.004575126693972584,0.006904724930014637
1790163540000,2026-09-23T11:39:00+00:00,85491.7,5.13644394,-61.80382173412363,-63.847210665018906,2.0433889308952757,-0.07229218945713284,-0.07468235005856581,0.0023901606014329765,0.42793409423088025,0.0009452336350928535,0.0008042189643832371,2.7494829918869073,8.935534459371235,-6.186051467484328,0.003216081785584925,0.010451932128348407,-0.007235850342763482,-0.34512766196709393,0.0010232164032251715,0.005598343097197755
1790163600000,2026-09-23T11:40:00+00:00,85467.9,0.74843568,-61.964682497258764,-63.47070503146688,1.506022534208114,-0.07250053236040521,-0.07426262378210637,0.0017620914217011464,0.3860685638695065,-0.0006280691797318301,-0.0015733028148246834,1.4138604292238597,7.43119965334176,-6.0173392241179,0.0016542590015945868,0.008694725918551596,-0.00704046691695701,-0.3249455649573286,0.00019538342580647204,-0.0008278329774186995
1790163660000,2026-09-23T11:41:00+00:00,85494.1,2.41734043,-59.29453429178102,-62.63547088352971,3.3409365917486937,-0.06935511841376307,-0.0732629162521504,0.003907797838387319,0.6024058782352688,0.0021457064166861724,0.0027737755964180027,1.529667704293388,6.2508932635320855,-4.721225559238698,0.0017892085001109876,0.007311490808760002,-0.005522282308649014,-0.24274619985506812,0.0015181846083079957,0.0013228011825015236
1790163720000,2026-09-23T11:42:00+00:00,85505.1,1.61498384,-55.64932376849174,-61.238241460522126,5.588917692030385,-0.06508304623758318,-0.07161940218831639,0.006536355950733213,0.8655077894407464,0.0026285581123458943,0.00048285169565972174,8.800688586983597,6.760852328222388,2.039836258761209,0.010292589081801666,0.007906957980544305,0.0023856311012573628,0.16630739915558482,0.007907913409906377,0.006389728801598381
1790163780000,2026-09-23T11:43:00+00:00,85488.8,0.49325593,-53.45949417025258,-59.68249200246822,6.22299783221564,-0.06253391575300224,-0.06981322933819194,0.007279313585189685,0.946634320658026,0.0007429576344564716,-0.0018856004778894228,15.206751231962699,8.45003210897045,6.756719122992248,0.017788004080022995,0.009884373285120917,0.007903630794902078,0.4488330729747312,0.0055179996936447154,-0.0023899137162616615
1790163840000,2026-09-23T11:44:00+00:00,85522.5,1.12799406,-48.446271616994636,-57.43524792537351,8.988976308378874,-0.05664739877458521,-0.06715805539521588,0.01051065662063068,1.2598662303006984,0.003231343035440996,0.0024883854009845243,24.973247592206462,11.754675205617653,13.218572386588809,0.029200792297005423,0.013744541150711978,0.015456251146293443,0.8277197585209966,0.007552620351391365,0.0020346206577466497
1790163900000,2026-09-23T11:45:00+00:00,85567.4,4.31529054,-40.384672504122136,-54.02513284112324,13.640460337001102,-0.04719633003237464,-0.06313751830851848,0.01594118827614384,1.7614070503660644,0.005430531655513158,0.0021991886200721624,42.40827183351212,17.885394531196546,24.52287730231557,0.049561248598779584,0.020902112873824083,0.028659135724955497,1.4741661818288554,0.013202884578662054,0.005650264227270689
1790163960000,2026-09-23T11:46:00+00:00,85608.9,2.879269,-30.29783932447026,-49.27967413779264,18.98183481332238,-0.035390992437083366,-0.05756372776404397,0.02217273532696061,2.2897383511737943,0.006231547050816771,0.0008010153953036132,57.525646702517406,25.813444965460718,31.712201737056688,0.06719587181066151,0.03015275860974819,0.03704311320091333,1.8505882028488232,0.008383977475957833,-0.004818907102704221
1790164020000,2026-09-23T11:47:00+00:00,85620.4,3.28522766,-21.132396356668323,-43.65021858156778,22.517822224899454,-0.024681496882364862,-0.050981096305982895,0.026299599423618036,2.5671767313381837,0.004126864096657426,-0.0021046829541593454,68.10563388818991,34.271882750006554,33.83375113818336,0.07954369973533167,0.04002770688995445,0.039515992845377226,1.92192090426996,0.002472879644463896,-0.005911097831493937
1790164080000,2026-09-23T11:48:00+00:00,85631.8,2.4959766,-12.801267007453134,-37.48042826674485,24.679161259291718,-0.014949197619871513,-0.04376928695501537,0.028820089335143857,2.670179287066077,0.002520489911525821,-0.0016063741851316052,80.05798129703908,43.42910245941306,36.62887883762602,0.09349094763515314,0.05071609198850551,0.04277485564664764,2.0222753655993553,0.0032588628012704124,0.0007859831568065162
1790164140000,2026-09-23T11:49:00+00:00,85653.3,2.5947408,-4.413045813547797,-30.86695177610544,26.453905962557645,-0.005152219253137703,-0.03603708412414401,0.030884864871006307,2.717244781654621,0.0020647755358624495,-0.00045571437566337136,85.42853289889172,51.828988547308796,33.59954435158292,0.09973758500710622,0.060510206316988134,0.039227378690118095,1.799110369802218,-0.003547476956529544,-0.006806339757799956
1790164200000,2026-09-23T11:50:00+00:00,85657,1.18003624,2.504370173861389,-24.192687386112077,26.697057559973466,0.002923719221851558,-0.02824367814202234,0.031167397363873896,2.6176490288225938,0.000282532492867589,-0.0017822430429948605,81.95670258240716,57.85453135432847,24.10217122807869,0.09568009921244867,0.06754209387945932,0.02813800533298935,1.2344419177255357,-0.011089373357128746,-0.007541896400599199
1790164260000,2026-09-23T11:51:00+00:00,85654.8,3.86315006,7.719959677677252,-17.81015797335421,25.530117651031464,0.009012874558900671,-0.02079294794145128,0.029805822500351953,2.4086930620431106,-0.0013615748635219423,-0.0016441073563895348,70.91117509703327,60.465860102869435,10.44531499416383,0.08278715856791828,0.07059249464463105,0.01219466392328723,0.44443646807166015,-0.01594334140970212,-0.004853968052573376
1790164320000,2026-09-23T11:52:00+00:00,85668.2,2.24482963,12.787216870958218,-11.690683004491726,24.477899875449943,0.014926445134785391,-0.013646467422557875,0.028572912557343268,2.229860920873315,-0.0012329099430086858,0.00012866492051325645,58.71925270710199,60.116538623715954,-1.397285916613967,0.06854264792198504,0.07017369178261706,-0.001631043860632028,-0.23533335991500814,-0.013825707783919257,0.0021176336257828603
1790164380000,2026-09-23T11:53:00+00:00,85648,0.78215043,15.000170889965375,-6.3525122256003055,21.352683115565682,0.01751374333313723,-0.007417000076592922,0.024930743409730154,1.8949776399812202,-0.0036421691476131134,-0.002409259204604424,43.72422231375822,56.83807536172441,-13.113853047966188,0.051051072195215555,0.06636240818434103,-0.015311335989125477,-0.8982926212135635,-0.013680292128493449,0.00014541565542580855
1790164440000,2026-09-23T11:54:00+00:00,85662,0.82104755,17.679833772199345,-1.5460430260403761,19.22587679823972,0.02063906256239563,-0.001804817802573342,0.022443880364968975,1.6663469047477995,-0.0024868630447611798,0.0011553061028519336,29.649207363836467,51.400301762146825,-21.751094398310357,0.03461185515612111,0.06000362093127271,-0.025391765775151592,-1.3656599108648435,-0.010080429786026116,0.003599862342467333
1790164500000,2026-09-23T11:55:00+00:00,85668.7,5.9361166,20.11227809562115,2.785621198291929,17.326656897329222,0.023476810195113443,0.003251620718292596,0.020225189476820848,1.4697308349612572,-0.002218690888148127,0.00026817215661305294,15.887310096935835,44.29770342910463,-28.410393332168795,0.01854505799310114,0.05170815412058854,-0.0331630961274874,-1.6978545050198337,-0.007771330352335806,0.0023090994336903096
1790164560000,2026-09-23T11:56:00+00:00,85673.1,1.43129114,22.139836718313745,6.656464302296293,15.483372416017453,0.025842226694626137,0.00776960831614158,0.018072618378484555,1.2860881570702634,-0.002152571098336293,6.611978981183389e-05,6.544087906659115,36.74698032461553,-30.202892417956413,0.0076384394946127955,0.04289208669304079,-0.03525364719842799,-1.7520045085655092,-0.0020905510709405897,0.0056807792813952165
1790164620000,2026-09-23T11:57:00+00:00,85662.5,0.66462916,22.630489921648405,9.851269426166716,12.779220495481688,0.026418199237295673,0.011500095638309314,0.014918103598986357,1.038780003423923,-0.0031545147794981975,-0.0010019436811619063,-2.7851498538948363,28.840554288913456,-31.625704142808292,-0.0032513058268143426,0.03366765421148513,-0.036918960038299475,-1.7814942979358237,-0.001665312839871487,0.00042523823106910275
1790164680000,2026-09-23T11:58:00+00:00,85655.6,0.87064226,22.206580153069808,12.322331571547334,9.884248581522474,0.025925427121016965,0.01438590304842571,0.011539524072591253,0.7814926074857673,-0.003378579526395104,-0.00022406474689690842,-6.1304483858984895,21.846353753951067,-27.976802139849557,-0.007157090004504655,0.02550487505072764,-0.03266196505523229,-1.5492502808021094,0.004256994983067183,0.00592230782293867
1790164740000,2026-09-23T11:59:00+00:00,85658.7,1.51583688,21.86868412180047,14.231602081597963,7.6370820402025075,0.025530021027403486,0.01661431014199137,0.008915710885412115,0.582992789942046,-0.0026238131871791377,0.0007547663392159665,-9.934537567547522,15.49017548965135,-25.424713057198872,-0.011597815011840621,0.018083598618297208,-0.02968141363013783,-1.3860069325891444,0.002980551425094461,-0.0012764435579727257
1790164800000,2026-09-23T12:00:00+00:00,85665.6,1.74172787,21.90516234091774,15.766314133461918,6.138848207455823,0.025570546801654034,0.018404486904267194,0.007166059897386842,0.4479010324547101,-0.0017496509880252737,0.000874162199153863,-12.361279375763843,9.919884516568311,-22.281163892332152,-0.014429688668221365,0.011579775915382966,-0.026009464583604328,-1.2027503891500333,0.0036719490465335035,0.0006913976214390424
1790164860000,2026-09-23T12:01:00+00:00,85628,6.97839863,18.68468046313501,16.349987399396536,2.3346930637384737,0.021820760105497043,0.019094206800808772,0.002726553304688272,0.1212166712092556,-0.00443950659269857,-0.0026898556046732955,-19.625407238316257,4.010826165591398,-23.636233403907653,-0.0229193806211943,0.004684012432371885,-0.027603393053566187,-1.2556379622729592,-0.001593928469961859,-0.0052658775164953625
1790164920000,2026-09-23T12:02:00+00:00,85609.8,1.54532495,14.496728217432974,15.979335563003826,-1.4826073455708517,0.016933491513159676,0.018665311171155434,-0.0017318196579957574,-0.20717924110438887,-0.004458372962684029,-1.886636998546e-05,-26.317525566657423,-2.054844180858366,-24.262681385799056,-0.030741253415680708,-0.0024002441085697736,-0.02834100930711093,-1.2757699261430708,-0.0007376162535447442,0.0008563122164171148
1790164980000,2026-09-23T12:03:00+00:00,85506.8,31.30028484,2.8338399540662067,13.350236441216303,-10.516396487150097,0.003314169111773808,0.015613069885922877,-0.012298900774149068,-0.9759369311872752,-0.01056708111615331,-0.00610870815346928,-46.85787439295382,-11.015450223277456,-35.84242416967636,-0.05480017307740883,-0.012882542936090998,-0.041917630141317844,-1.8451818365147346,-0.013576620834206913,-0.012839004580662169
1790165040000,2026-09-23T12:04:00+00:00,85484.8,1.83424702,-8.09103079304623,9.061982994363797,-17.153013787410025,-0.009464876554716428,0.010600695087739337,-0.020065571642455763,-1.5377458927902454,-0.0077666708683066955,0.0028004102478466145,-65.42016621533548,-21.896393421689062,-43.52377279364642,-0.07652841933926907,-0.02561437053334518,-0.05091404880592389,-2.1988599619429334,-0.008996418664606043,0.00458020216960087
1790165100000,2026-09-23T12:05:00+00:00,85516.6,10.44706643,-14.021444845144288,4.44529742646218,-18.466742271606467,-0.016396167346625436,0.005198169041405037,-0.02159433638803047,-1.6475583794025357,-0.001528764745574708,0.006237906122731987,-76.5938117603364,-32.83587708941853,-43.75793467091786,-0.08956601614228862,-0.03839707973588582,-0.051168936406402805,-2.169209589892449,-0.00025488760047891884,0.008741531064127124
1790165160000,2026-09-23T12:06:00+00:00,85470.1,2.79326118,-22.217393805112806,-0.887240819852817,-21.33015298525999,-0.025994346332943105,-0.0010380715827556267,-0.024956274750187475,-1.8757528161250754,-0.003361938362157004,-0.001833173616582296,-85.27294930402422,-43.323291532339674,-41.94965777168455,-0.0997693337249216,-0.05068824247583619,-0.04908109124908541,-2.0367767544619144,0.002087845157317393,0.002342732757796312
1790165220000,2026-09-23T12:07:00+00:00,85530.8,2.88609028,-23.54336642268754,-5.418465940419762,-18.12490048226778,-0.027526185213616078,-0.00633510494514229,-0.02119108026847379,-1.5859208170814825,0.003765194481713686,0.00712713284387069,-77.7329807208298,-50.2052293700377,-27.5277513507921,-0.09088302777576007,-0.058698421352352245,-0.03218460642340783,-1.3068250698700703,0.016896484825677585,0.014808639668360192
1790165280000,2026-09-23T12:08:00+00:00,85552.1,2.20841371,-22.614788086910266,-8.857730369717864,-13.757057717192403,-0.026433936848902908,-0.01035360951948329,-0.01608032732941962,-1.207113367955183,0.005110752939054171,0.001345558457340485,-50.69815655198181,-50.30381480642652,-0.39434174555528756,-0.059259979067704714,-0.05879904152724074,-0.0004609375404639834,0.015723353638779473,0.031723668882943847,0.014827184057266254
1790165340000,2026-09-23T12:09:00+00:00,85570,2.12709955,-20.2016308370803,-11.126510463190353,-9.075120373889948,-0.023608309965034827,-0.013002816948919426,-0.010605493016115401,-0.8078776856884904,0.005474834313304217,0.00036408137425004636,-21.588842384924646,-44.560820322126155,22.97197793720151,-0.02522945236055235,-0.05207528377016028,0.026845831409607935,1.1693271753702785,0.02730676895007192,-0.004416899932871924
1790165400000,2026-09-23T12:10:00+00:00,85554.8,3.68471414,-19.29329816743848,-12.759868004039978,-6.533430163398501,-0.022550807397642772,-0.014914263143669296,-0.007636544253973478,-0.5875284488688418,0.0029689487621419233,-0.002505885551162294,-4.339791771024466,-36.51661461190582,32.17682284088136,-0.005072528684567629,-0.04268213427172505,0.037609605587157424,1.6604557865402991,0.01076377417754949,-0.01654299477252243
1790165460000,2026-09-23T12:11:00+00:00,85532.6,5.68943349,-20.13271504257864,-14.23443741174771,-5.898277630830929,-0.02353806039168532,-0.016642119392778553,-0.006895940998906766,-0.5252757237626348,0.0007406032550667119,-0.0022283455070752113,14.649519015045371,-26.283387886515584,40.932906901560955,0.01712740991744127,-0.030729087957709202,0.04785649787515047,2.1327632194004473,0.010246892287993047,-0.0005168818895564427
1790165520000,2026-09-23T12:12:00+00:00,85501.8,4.94127679,-23.017925243417267,-15.991134978081622,-7.026790265335645,-0.02692098323475911,-0.01870268810490729,-0.008218295129851822,-0.6077665608115816,-0.0013223541309450564,-0.0020629573860117684,17.76821528316941,-17.473067252578588,35.241282535748,0.020781100846028282,-0.02043590573833368,0.04121700658436197,1.8548124759060576,-0.006639491290788502,-0.01688638357878155
1790165580000,2026-09-23T12:13:00+00:00,85474.5,21.44578215,-27.193882805411704,-18.23168454354764,-8.962198261864064,-0.031815199627270946,-0.021329969223040368,-0.010485230404230576,-0.7550798673639056,-0.0022669352743787535,-0.0009445811434336971,11.127670019923244,-11.752919798078223,22.880589818001468,0.013018701507377339,-0.013750205965613395,0.02676890747299074,1.2309754205003312,-0.01444809911137123,-0.007808607820582729
1790165640000,2026-09-23T12:14:00+00:00,85479.6,1.63924902,-29.748905022861436,-20.535128639410402,-9.213776383451034,-0.034802344679738126,-0.024023426220303328,-0.010778918459434805,-0.7610971595071946,-0.0002936880552042286,0.001973247219174525,3.37479073938448,-8.727377690585682,12.102168429970162,0.003948065666409857,-0.01020989533243684,0.014157960998846695,0.6863194751610867,-0.012610946474144043,0.0018371526372271893
1790165700000,2026-09-23T12:15:00+00:00,85488.3,6.34419022,-30.717667101795087,-22.57163633188734,-8.146030769907746,-0.03593201303780177,-0.02640318772497212,-0.009528825312829645,-0.6601740792679208,0.0012500931466051593,0.001543781201809388,-6.187434232444502,-8.219388998957447,2.0319547665129445,-0.007237755613861197,-0.009614636153669505,0.0023768805398083066,0.17173141196163313,-0.011781080459038388,0.0008298660151056549
1790165760000,2026-09-23T12:16:00+00:00,85471.3,0.49765625,-32.48273520235671,-24.553856105981215,-7.928879096375493,-0.038004260146220666,-0.02872760342475335,-0.009276656721467314,-0.6281462551158215,0.00025216859136233116,-0.0009979245552428281,-15.082198136500665,-9.59195082646609,-5.490247310034574,-0.017645921071167355,-0.011222422996334547,-0.006423498074832808,-0.2083113519314241,-0.008800378614641115,0.002980701844397275
1790165820000,2026-09-23T12:17:00+00:00,85396.9,53.38747148,-39.43049242984853,-27.52918337075468,-11.901309059093848,-0.046173212879915465,-0.03223674790391066,-0.013936464976004806,-0.937830559103312,-0.0046598082545374914,-0.004911976845899823,-27.19995107401337,-13.113550875975548,-14.086400198037822,-0.03185121599731767,-0.015356003409931214,-0.016495212587386454,-0.6378851018138466,-0.010071714512553646,-0.0012713358979125314
1790165880000,2026-09-23T12:18:00+00:00,85329.3,9.50390268,-49.817134218566935,-31.98677354031713,-17.830360678249804,-0.05838221363419943,-0.03748627205463672,-0.020895941579562708,-1.4000945874277033,-0.0069594766035579025,-0.002299668349020411,-46.24491475925606,-19.73982365263165,-26.505091106624413,-0.054195821082859065,-0.02313369927168235,-0.031062121811176714,-1.2496557636335965,-0.01456690922379026,-0.004495194711236614
1790165940000,2026-09-23T12:19:00+00:00,85291.7,12.15414196,-60.386530101823155,-37.66672485261834,-22.719805249204818,-0.07080000762304323,-0.044162239529307465,-0.026637768093735754,-1.7622842194854833,-0.005741826514173046,0.001217650089384856,-62.97649696553708,-28.387158315212737,-34.58933865032434,-0.0738366065696159,-0.03328243934077142,-0.04055416722884448,-1.6208876286833334,-0.009492045417667766,0.005074863806122494
1790166000000,2026-09-23T12:20:00+00:00,85350.6,2.58881422,-63.28065473854076,-42.78951082980282,-20.49114390873794,-0.0741420150983599,-0.05013381373980126,-0.024008201358558627,-1.5447627420121826,0.0026295667351771274,0.008371393249350174,-65.14766254634014,-35.73925916143822,-29.408403384901924,-0.07632947225484078,-0.041873471494562685,-0.0344560007602781,-1.3300366214522645,0.006098166468566382,0.015590211886234148
1790166060000,2026-09-23T12:21:00+00:00,85374.5,4.05015283,-62.92043153665145,-46.81569497117255,-16.104736565478902,-0.07369932653971789,-0.054835688608627337,-0.01886363793109055,-1.161734642028373,0.005144563427468076,0.0025149966922909488,-57.624813214541064,-40.11636997205879,-17.508443242482272,-0.06749651618989401,-0.04698870268295427,-0.020507813506939743,-0.7251077488635904,0.013948187253338355,0.007850020784771976
1790166120000,2026-09-23T12:22:00+00:00,85426.8,7.13355334,-57.74908365441661,-49.00237270782136,-8.74671094659525,-0.06760066355571859,-0.057361826391508705,-0.010238837164209884,-0.5435809253455601,0.008624800766880667,0.0034802373394125924,-31.284976123075467,-38.35009120226213,7.065115079186661,-0.03662196889392493,-0.04489234198432123,0.008270373090396294,0.4907715461383355,0.02877818659733604,0.014829999343997681
1790166180000,2026-09-23T12:23:00+00:00,85451.1,4.7707615,-51.10088706687384,-49.42207557963186,-1.6788114872419797,-0.059801321535795135,-0.05783667568894005,-0.001964645846855078,0.0490065920357568,0.008274191317354806,-0.00035060944952585923,4.140081155113876,-29.852056730786927,33.9921378859008,0.0048449711649281,-0.0349346664124709,0.039779637577399,1.7786340453713787,0.03150926448700271,0.002731077889666672
1790166240000,2026-09-23T12:24:00+00:00,85509.5,1.04648289,-40.65115028669243,-47.66789052104398,7.016740234351552,-0.04753992280003091,-0.0557457247686444,0.008205801968613488,0.7729399687011514,0.010170447815468567,0.0018962564981137593,46.98489718610654,-14.484665947408235,61.46956313351477,0.05494699090288978,-0.01693924762442563,0.0718862385273154,2.949712691058594,0.0321066009499164,0.0005973364629136921
1790166300000,2026-09-23T12:25:00+00:00,85501.6,4.00516389,-32.630973033985356,-44.660507023632256,12.0295339896469,-0.0381641665582695,-0.052233533669115255,0.01406936711084576,1.1837926397497966,0.005863565142232272,-0.0043068826732362946,70.06747502024518,2.4257622461224493,67.64171277412274,0.0819487296380947,0.002837095734024216,0.07911163390407049,3.0535650157710803,0.007225395376755081,-0.02488120557316132
1790166360000,2026-09-23T12:26:00+00:00,85485.7,2.78263056,-27.243871505124844,-41.17717991993077,13.933308414805929,-0.03186950742068538,-0.04816850060294385,0.01629899318225847,1.3312890336415593,0.0022296260714127093,-0.003633939070819563,82.92969440572779,18.52654867804352,64.40314572768426,0.09701001969420359,0.02167210267687288,0.0753379170173307,2.7659124932967565,-0.003773716886739789,-0.01099911226349487
1790166420000,2026-09-23T12:27:00+00:00,85449.7,0.96633216,-25.58453131580609,-38.05865019910584,12.474118883299752,-0.02994104287762987,-0.04453924378798971,0.01459820091035984,1.201485444823603,-0.00170079227189863,-0.0039304183433113375,80.11428572591103,30.844096087617025,49.270189638294006,0.09375607606101723,0.03609620172758597,0.057659874333431255,2.0488018753111783,-0.017678042683899442,-0.013904325797159653
1790166480000,2026-09-23T12:28:00+00:00,85489.9,1.64025178,-20.786079243654967,-34.604136008015665,13.818056764360698,-0.024314075982841212,-0.04047745524092983,0.016163379258088615,1.295175434663108,0.001565178347728775,0.003265970619627405,79.11230700838496,40.497738271770615,38.614568736614345,0.09253994566420708,0.047371371672876694,0.045168573991330375,1.560215328709331,-0.01249130034210088,0.005186742341798556
1790166540000,2026-09-23T12:29:00+00:00,85493,2.59210653,-16.542436403717147,-30.99179608715596,14.449359683438814,-0.019349463001318408,-0.03625068261396367,0.016901219612645263,1.3269600387477942,0.000737840354556648,-0.000827337993172127,63.65477602445753,45.129145822308004,18.52563020214953,0.0744561262611647,0.05278694843122595,0.02166917782993874,0.7091421358109188,-0.023499396161391635,-0.011008095819290756
1790166600000,2026-09-23T12:30:00+00:00,85533.5,3.15458682,-9.798357980354922,-26.753108465795755,16.954750485440833,-0.01145557936990176,-0.03127793024463602,0.019822350874734267,1.4989104016324248,0.0029211312620890037,0.0021832909075323557,52.20508905957104,46.544334469760614,5.6607545898104235,0.06103466952664282,0.0544164970096636,0.006618172516979224,0.16451175134696655,-0.015051005312959517,0.008448390848432116
1790166660000,2026-09-23T12:31:00+00:00,85548.4,4.23150844,-3.2142696659866488,-22.045340705833937,18.831071039847288,-0.0037572528135963374,-0.025769436606451947,0.022012183792855612,1.6108283308272522,0.0021898329181213455,-0.0007312983439676582,42.714250678996905,45.778317711607876,-3.0640670326109714,0.049929923504118026,0.053511600113629106,-0.003581676609511074,-0.2064876997478759,-0.010199849126490298,0.004851156186469217
1790166720000,2026-09-23T12:32:00+00:00,85581.9,3.18913929,4.653198610685649,-16.70563284253002,21.358831453215668,0.005437129358761198,-0.019520053705900455,0.02495718306466165,1.762169075773433,0.0029449992718060362,0.0007551663536846907,47.82696419075364,46.18804700743703,1.6389171833166145,0.05588443840432807,0.05396941059667643,0.001915027807651635,-0.016838405742420157,0.005496704417162709,0.015696553543653007
1790166780000,2026-09-23T12:33:00+00:00,85531.2,6.39852207,6.719697133899899,-12.020566847244037,18.740263981143936,0.00785642798639549,-0.01405401402908417,0.021910442015479658,1.5241220543412455,-0.0030467410491819905,-0.005991740320988027,37.65513615362579,44.48146483667478,-6.826328683048992,0.04402502964254657,0.05200612739757514,-0.007981097755028565,-0.37732076241824813,-0.0098961255626802,-0.01539282997984291
1790166840000,2026-09-23T12:34:00+00:00,85518.9,0.57220744,7.280974357097875,-8.160258606375656,15.441232963473531,0.008513877466966807,-0.00954205281683424,0.018055930283801046,1.2458828383729468,-0.0038545117316786115,-0.000807770682496621,29.37629497179296,41.46043086369842,-12.084135891905461,0.03435064643230088,0.048481015148345484,-0.014130368716044598,-0.6011292245493036,-0.0061492709610160325,0.0037468546016641677
1790166900000,2026-09-23T12:35:00+00:00,85485.7,1.29760362,4.989314354126691,-5.530344014275187,10.519658368401878,0.005836431536650798,-0.0064693206165185365,0.012305752153169336,0.8570768143130573,-0.00575017813063171,-0.0018956663989531004,12.07319951626414,35.58298459421157,-23.509785077947427,0.014123063291596303,0.04162448759758833,-0.027501424305992027,-1.071804434168293,-0.01337105558994743,-0.007221784628931397
1790166960000,2026-09-23T12:36:00+00:00,85500,8.27178919,4.277736695337808,-3.568727872352588,7.846464567690395,0.005003200813260594,-0.004173950727897764,0.009177151541158357,0.6441462638311224,-0.003128600612010979,0.0026215775186207314,1.755125304494868,28.817412736268228,-27.06228743177336,0.0020527781339121265,0.03370457629972892,-0.0316517981658168,-1.201237509800638,-0.004150373859824773,0.009220681730122656
1790167020000,2026-09-23T12:37:00+00:00,85531.4,7.57435844,6.176327000328456,-1.6197168978163794,7.796043898144836,0.007221122301667524,-0.0018937102605784302,0.009114832562245954,0.6310157471999789,-6.231897891240297e-05,0.003066281633098576,-7.5214869731571525,21.549632794383154,-29.071119767540306,-0.008793831239938961,0.02519499598320986,-0.03398882722314882,-1.2605270108984765,-0.0023370290573320185,0.0018133448024927543
1790167080000,2026-09-23T12:38:00+00:00,85514.4,12.4601818,6.237315678023151,-0.048310382648473205,6.285626060671625,0.007293877613621977,-5.649385676385873e-05,0.007350371470385836,0.512312439453678,-0.0017644610918601186,-0.0017021421129477157,-11.708901299265563,14.897925975653411,-26.606827274918974,-0.013692315328489194,0.017421540671107336,-0.03111385599959653,-1.135908649546105,0.0028749712235522883,0.00521200028088431
1790167140000,2026-09-23T12:39:00+00:00,85505,0.54147468,5.4641607596568065,1.0541838458125827,4.409976913844224,0.006390457586874226,0.0012328914634379073,0.005157566123436318,0.37013026875752875,-0.0021928053469495177,-0.00042834425508939816,-17.648796839101124,8.388581412702505,-26.03737825180363,-0.020640660591896526,0.009810632609440975,-0.0304512932013375,-1.090389706449747,0.0006625627982590303,-0.002212408425293258
1790167200000,2026-09-23T12:40:00+00:00,85502,7.58689155,4.556826726635336,1.7547124219771335,2.802114304658202,0.005329497235895459,0.0020522472245995804,0.003277250011295879,0.2520478884111795,-0.0018803161121404392,0.0003124892348090784,-15.28320164278557,3.6542248016048906,-18.93742644439046,-0.017874671519713656,0.004273847163346928,-0.022148518683060583,-0.7822024267534313,0.008302774518276917,0.007640211720017883
1790167260000,2026-09-23T12:41:00+00:00,85488.8,23.65807115,2.741031381956418,1.9519762139729906,0.7890551679834275,0.0032063046644196878,0.0022833122163055165,0.000922992448114171,0.10189935447553375,-0.002354257563181708,-0.00047394145104126886,-17.284137581387768,-0.5334476749936412,-16.750689906394125,-0.020218014033870833,-0.0006239971493267436,-0.019594016884544086,-0.677977201456317,0.0025545017985164967,-0.00574827271976042
1790167320000,2026-09-23T12:42:00+00:00,85479,4.48148425,0.5053964950202499,1.6626602701824424,-1.1572637751621926,0.00059125223156594,0.001945109641177883,-0.0013538574096119429,-0.04516072496556245,-0.0022768498577261137,7.740770545559394e-05,-22.12892627879046,-4.852543395753005,-17.276382883037453,-0.02588814361280602,-0.0056768836740638115,-0.020211259938742208,-0.6883226589254592,-0.0006172430541981216,-0.0031717448527146183
1790167380000,2026-09-23T12:43:00+00:00,85478.6,3.24983006,-1.2838376357249217,1.0733606890009697,-2.3571983247258914,-0.0015019404104944648,0.0012557069126085004,-0.002757647323102965,-0.13752942689691955,-0.0014037899134910223,0.0008730599442350915,-21.99331712401181,-8.280698141404766,-13.712618982607044,-0.025729617850563543,-0.009687451761499096,-0.016042166089064447,-0.5389298560425391,0.004169093849677761,0.0047863369038758825
1790167440000,2026-09-23T12:44:00+00:00,85465.4,11.54958388,-3.7240200727974297,0.11388453664128984,-3.8379046094387195,-0.004357342354680877,0.00013325221275661242,-0.004490594567437489,-0.24924915147915605,-0.0017329472443345238,-0.0003291573308435015,-19.42731773352716,-10.510022059829247,-8.917295673697915,-0.02273120787304238,-0.012297399953465668,-0.010433807919576711,-0.34374085312771324,0.005608358169487735,0.0014392643198099762
1790167500000,2026-09-23T12:45:00+00:00,85499.9,0.97816213,-2.841268192176358,-0.4771460091222397,-2.364122183054118,-0.003323124579299342,-0.0005580661604542692,-0.0027650584188450727,-0.13927172068922897,0.0017255361485924163,0.0034584833929269406,-14.108915729782893,-11.229800793819976,-2.8791149359629173,-0.016501675124512304,-0.013134285296029561,-0.003367389828482744,-0.10433162271572403,0.007066418091093967,0.0014580599216062334
1790167560000,2026-09-23T12:46:00+00:00,85500.8,1.89829361,-2.0454794744000537,-0.7908127021778025,-1.2546667722222513,-0.002392351269695785,-0.0009249184828420349,-0.0014674327868537502,-0.05895354345862865,0.0012976256319913225,-0.0004279105166010936,-8.185279792596702,-10.620896593575322,2.43561680097862,-0.009573337082924021,-0.01242198504993558,0.00284864796701156,0.10519651443338876,0.006216037795494304,-0.0008503802955996641
1790167620000,2026-09-23T12:47:00+00:00,85508,0.67913292,-0.8243290035024984,-0.7975159624427418,-0.02681304105975657,-0.0009640372871573401,-0.0009326799392369625,-3.135734792037771e-05,0.030323530571033566,0.0014360754389333725,0.00013844980694204976,-2.910804003709927,-9.078878075602242,6.168074071892315,-0.003404130612001131,-0.010617577391123921,0.00721344677912279,0.2525107446692898,0.00436479881211123,-0.001851238983383074
1790167680000,2026-09-23T12:48:00+00:00,85559.7,1.64119319,4.266023405361921,0.21519191111819058,4.05083149424373,0.004986019592590812,0.00025151082941874574,0.0047345087631720665,0.3319174967787092,0.004765866111092444,0.0033297906721590723,10.700375648593763,-5.123027330763041,15.823402979356803,0.012506326750320259,-0.0059876639711955995,0.01849399072151586,0.6429465069341866,0.01128054394239307,0.00691574513028184
1790167740000,2026-09-23T12:49:00+00:00,85487.8,4.86444656,2.469963060124428,0.6661461409194381,1.8038169192049898,0.0028892579527422953,0.0007792294817733502,0.002110028470968945,0.15684007173251316,-0.0026244802922031213,-0.007390346403295565,14.371808417228749,-1.224060181164683,15.595868598393432,0.016811531490140988,-0.0014318536459760139,0.018243385136117,0.6238443354360138,-0.0002506055853988588,-0.01153114952779193
1790167800000,2026-09-23T12:50:00+00:00,85467.9,0.91051267,-0.5528188406897243,0.42235314459760565,-0.97517198528733,-0.000646814582655856,0.0004941658149990882,-0.0011409803976549441,-0.062320715961574374,-0.0032510088686238895,-0.0006265285764207682,8.094762199863908,0.6397042950410353,7.455057904822873,0.00947111395022448,0.0007484731636568061,0.008722640786567674,0.2777182796342016,-0.009520744349549326,-0.009270138764150466
1790167860000,2026-09-23T12:51:00+00:00,85420.5,2.55697008,-6.695991910091834,-1.0013158663402824,-5.694676043751552,-0.007838858248420268,-0.0011722196268346384,-0.006666638621585629,-0.4301431332818883,-0.005525658223930685,-0.0022746493553067954,-5.147308337400318,-0.5176982314472354,-4.629610105953082,-0.006025846649692191,-0.0006060585356527244,-0.005419788114039466,-0.22794485351158486,-0.01414242890060714,-0.004621684551057815
1790167920000,2026-09-23T12:52:00+00:00,85432,1.56299228,-10.515332726179622,-2.9041192383081507,-7.6112134878714715,-0.012308423923330394,-0.0033993342521633,-0.008909089671167093,-0.5873548671259474,-0.0022424510495814634,0.0032832071743492215,-14.91078458922857,-3.3963155030035024,-11.514469086225066,-0.01745339520229957,-0.003975460603759133,-0.013477934598540438,-0.5167772010192113,-0.008058146484500973,0.0060842824161061685
1790167980000,2026-09-23T12:53:00+00:00,85473.2,0.55134098,-10.101251226224122,-4.343545635891346,-5.757705590332776,-0.011818033285549298,-0.0050817632145413365,-0.00673627007100796,-0.45573451375623575,0.0021728196001591328,0.004415270649740597,-24.81708895076008,-7.680470192554818,-17.136618758205262,-0.029034936039320024,-0.008985822681910609,-0.020049113357409415,-0.7497140491243823,-0.006571178758868977,0.001486967725631995
1790168040000,2026-09-23T12:54:00+00:00,85480.1,1.53881903,-9.1112870741199,-5.297093923537057,-3.8141931505828435,-0.01065895696673249,-0.006196873802834878,-0.004462083163897612,-0.3156574238522283,0.002274186907110348,0.00010136730695121596,-21.667132664777455,-10.477802686999347,-11.189329977778108,-0.02534757524239847,-0.012257592921626606,-0.013089982320771862,-0.5054288585917298,0.006959131036637553,0.013530309795506531
1790168100000,2026-09-23T12:55:00+00:00,85480.6,0.73129193,-8.191955763220903,-5.876066291473826,-2.3158894717470773,-0.00958340929195736,-0.0068741519028572865,-0.002709257389100073,-0.20858861311464008,0.001752825774797539,-0.0005213611323128088,-15.940903293536394,-11.570422808306756,-4.370480485229638,-0.018648562707253333,-0.013535729520273319,-0.005112833186980014,-0.2209492083716399,0.007977149133791848,0.001018018097154294
1790168160000,2026-09-23T12:56:00+00:00,85479.6,0.90046392,-7.45809840268339,-6.192472713715739,-1.265625688967651,-0.008725003863709458,-0.007244386629927771,-0.001480617233781687,-0.13556352786492146,0.001228640155318386,-0.0005241856194791528,-4.995955458012759,-10.255529338247955,5.259573880235196,-0.005844617263081201,-0.011997633749161149,0.00615301648607995,0.1801030393289767,0.011265849673059963,0.003288700539268113
1790168220000,2026-09-23T12:57:00+00:00,85472.7,2.56663804,-7.348573708193726,-6.423692912611337,-0.9248807955823892,-0.00859756823897423,-0.00751549080889142,-0.0010820774300828093,-0.11828246114890209,0.0003985398036988777,-0.0008301003516195083,3.8332310849946225,-7.43777725359944,11.271008338594061,0.004484743181149797,-0.008701933194574922,0.013186676375724718,0.430276625452177,0.007033659889644769,-0.004232189783415195
1790168280000,2026-09-23T12:58:00+00:00,85488.3,0.63763053,-5.934574888218776,-6.325869307732825,0.39129441951404864,-0.006941973215304055,-0.007399690142081226,0.00045771692677717144,-0.02429285237548104,0.0015397943568599807,0.001141254553161103,7.69788457499817,-4.4106448878799185,12.108529462878089,0.009004605981167212,-0.005159355008673606,0.014163960989840818,0.4640923180902293,0.0009772846141161001,-0.006056375275528669
1790168340000,2026-09-23T12:59:00+00:00,85506,2.551907,-3.3471447598712984,-5.73012439816052,2.382979638289221,-0.003914514490060696,-0.006701429605127733,0.0027869151150670375,0.12367660794976738,0.002329198188289866,0.0007894038314298854,13.248278225844842,-0.8788602651349664,14.127138490979808,0.01549397495596197,-0.0010278346141030647,0.016521809570065032,0.5464725151253589,0.0023578485802242134,0.0013805639661081132
1790168400000,2026-09-23T13:00:00+00:00,85466.8,1.6848755,-4.408877340116305,-5.465874986551677,1.0569976464353719,-0.005158584783935172,-0.006395319570349746,0.0012367347864145747,0.005266807801825705,-0.0015501803286524628,-0.003879378516942329,15.262423926935298,2.349396573279087,12.913027353656211,0.0178577224453651,0.002748899658439402,0.015108822786925697,0.49194632870714217,-0.0014129867831393344,-0.003770835363363546
1790168460000,2026-09-23T13:01:00+00:00,85470.9,2.36777804,-4.863409961792058,-5.345381981599754,0.4819720198076958,-0.005690135428306077,-0.006254037317496077,0.0005639018891900001,-0.055793552937781474,-0.0006728328972245746,0.0008773474314278883,13.050003334603389,4.4895179255439475,8.560485409059442,0.01526835839403047,0.005252685914789651,0.010015672479240822,0.30666135540836637,-0.005093150307684875,-0.0036801635245455426
1790168520000,2026-09-23T13:02:00+00:00,85454,4.69110124,-6.512249936466105,-5.578755572573025,-0.9334943638930806,-0.007620766653949617,-0.006528372659644985,-0.0010923939943046324,-0.18737784752779016,-0.0016562958834946324,-0.0009834629862700579,8.152522775533726,5.222118895541904,2.9304038799918217,0.009540247121882797,0.006111029203480123,0.0034292179184026747,0.06789452914883352,-0.006586454560838147,-0.0014933042531532718
1790168580000,2026-09-23T13:03:00+00:00,85415,1.13737709,-10.840973564074375,-6.631199170873295,-4.20977439320108,-0.012692119140753234,-0.007763506609931856,-0.004928612530821379,-0.47217546365120744,-0.0038362185365167466,-0.0021799226530221138,-7.9654750730260275,2.5846001018283173,-10.550075174854346,-0.00932561619507818,0.0030259323325274455,-0.012351548527605626,-0.4911489061875307,-0.0157807664460083,-0.009194311885170154
1790168640000,2026-09-23T13:04:00+00:00,85397.3,1.79485201,-15.520845653358265,-8.409128467370289,-7.111717185987976,-0.018174866949374587,-0.009847065969732402,-0.008327800979642185,-0.727958746680385,-0.003399188448820806,0.0004370300876959403,-25.97056768857874,-3.126433456253094,-22.844134232325647,-0.03041146229281106,-0.003661044853002488,-0.02675041743980857,-0.9941183796879138,-0.014398868912202944,0.001381897533805357
1790168700000,2026-09-23T13:05:00+00:00,85382.9,7.55530641,-20.159254319849424,-10.759153637866117,-9.400100681983307,-0.023610411827016214,-0.01260106372337566,-0.011009348103640551,-0.9333287124942236,-0.0026815471239983665,0.0007176413248224395,-33.83928050487884,-9.269002865978244,-24.5702776389006,-0.03963238599869394,-0.010855807036278043,-0.028776578962415894,-1.0532807048206063,-0.002026161522607324,0.01237270738959562
1790168760000,2026-09-23T13:06:00+00:00,85388.9,1.9168498,-23.084967613307526,-13.2243164329544,-9.860651180353127,-0.027035091930341683,-0.015487161016191098,-0.011547930914150583,-0.9832321613547526,-0.0005385828105100316,0.002142964313488335,-38.708052306770696,-15.156812754136734,-23.551239552633962,-0.04533148021203072,-0.017750331429655066,-0.02758114878237565,-0.9962379862605414,0.001195430180040244,0.003221591702647568
1790168820000,2026-09-23T13:07:00+00:00,85342.5,4.79569846,-28.81554107555712,-16.342561361474942,-12.472979714082179,-0.03376458514287386,-0.019149382032955378,-0.014615203109918479,-1.2094292165029565,-0.003067272195767896,-0.0025286893852578644,-46.742468364565866,-21.473943876222563,-25.268524488343303,-0.054770446570660415,-0.025162075022670493,-0.029608371547989922,-1.0482954752694678,-0.002027222765614272,-0.003222652945654516
1790168880000,2026-09-23T13:08:00+00:00,85326.7,5.63436904,-34.237323234570795,-19.921513736094113,-14.315809498476682,-0.040124982255930204,-0.02334733880027484,-0.016777643455655362,-1.3594910951327979,-0.0021624403457368834,0.0009048318500310126,-48.796298969813506,-26.938414894940752,-21.857884074872754,-0.05718760829823901,-0.03157090909989576,-0.025616699198343255,-0.8928514093719122,0.0039916723496466675,0.006018895115260936
1790168940000,2026-09-23T13:09:00+00:00,85340.4,22.02539956,-37.00211184081854,-23.337633357039,-13.664478483779543,-0.0433582592076186,-0.02734652445622355,-0.016011734751395054,-1.2980517307231423,0.000765908704260309,0.0029283490499971924,-44.71543919936812,-30.49381975582623,-14.22161944354189,-0.05239656622111933,-0.03573198597127062,-0.016664580249848713,-0.5706406531433622,0.008952118948494542,0.004960446598847871
1790169000000,2026-09-23T13:10:00+00:00,85379.5,10.54356302,-35.627491952938726,-25.795605076218948,-9.831886876719778,-0.04172839142058542,-0.0302128790590469,-0.011515512361538518,-0.9692989721237807,0.004496222389856535,0.0037303136855962246,-30.54023067037633,-30.50310193873625,-0.037128731640081014,-0.03576998069838349,-0.03572649399297987,-4.348670540361681e-05,0.014820936842493962,0.016621093544445097,0.007668974595950551
1790169060000,2026-09-23T13:11:00+00:00,85412.1,2.93749106,-31.543929454433965,-26.945269951861953,-4.598659502572012,-0.03693145286725647,-0.03154736852490683,-0.005384084342349635,-0.5235929726525185,0.0061314280191888835,0.0016352056293323473,-12.295947855120176,-26.861671122013036,14.56572326689286,-0.01439602568619689,-0.03144949149126767,0.017053465805070778,0.6205793202288443,0.017096952510474394,0.00047585896602929736
1790169120000,2026-09-23T13:12:00+00:00,85405.3,0.45444252,-28.527532289444935,-27.26172241937855,-1.2658098700663842,-0.03340253156355043,-0.031920410582690475,-0.0014821209808599516,-0.23979085154208749,0.0039019633614896833,-0.002229464657699201,6.622461163715343,-20.16484466486736,26.787305828582703,0.007754157135113796,-0.023610764981643245,0.031364922116757045,1.1263307619019056,0.014311456311686267,-0.002785496198788127
1790169180000,2026-09-23T13:13:00+00:00,85378.8,2.76812194,-27.953118188219378,-27.400001573146717,-0.5531166150726605,-0.03274011603374535,-0.03209227767683162,-0.000647838356913731,-0.1773724332514698,0.0008342826239462206,-0.0030676807375434626,21.29218377204961,-11.873438977483966,33.165622749533576,0.024938490318497812,-0.013906776597333255,0.03884526691583107,1.380563718670209,0.007480344799074022,-0.006831111512612245
1790169240000,2026-09-23T13:14:00+00:00,85370.5,1.49029661,-27.846632858912926,-27.48932783029996,-0.3573050286129664,-0.032618565967064646,-0.03220003142806937,-0.00041853453899528105,-0.1588698599028129,0.0002293038179184499,-0.0006049788060277707,29.502454376633978,-3.598260306660377,33.100714683294356,0.03455813703402695,-0.004214875521005941,0.03877301255503289,1.3679233956570518,-7.225436079817682e-05,-0.007552599159872199
1790169300000,2026-09-23T13:15:00+00:00,85424.9,1.51825222,-23.106262497109128,-26.612714763661796,3.5064522665526674,-0.02704862691921106,-0.03115334611297385,0.004104719193762788,0.1662230808794053,0.004523253732758069,0.004293949914839619,36.668307934334734,4.455053341538646,32.21325459279609,0.04292461323845242,0.005215169513266795,0.03770944372518562,1.316968117218073,-0.0010635688298472681,-0.0009913144690490913
1790169360000,2026-09-23T13:16:00+00:00,85473.2,1.12463794,-15.275986430191551,-24.345369096967747,9.069382666776196,-0.017872252858429954,-0.02848304392133177,0.010610791062901817,0.6288502496911434,0.006506071869139029,0.0019828181363809607,43.648753793677315,12.29379343196638,31.354960361710937,0.051067181050524976,0.014383214191075543,0.03668396685944944,1.2616976477629125,-0.0010254768657361815,3.809196411108662e-05
1790169420000,2026-09-23T13:17:00+00:00,85495.3,2.39586549,-7.204106475430308,-20.91711657266026,13.713010097229951,-0.008426318727965523,-0.02446580873177854,0.016039490003813016,1.0045098881734131,0.005428698940911199,-0.0010773729282278306,51.95709452344454,20.226453650262012,31.730640873182526,0.06077187228238808,0.023657971432654207,0.03711390084973388,1.252508925734256,0.0004299339902844382,0.0014554108560206197
1790169480000,2026-09-23T13:18:00+00:00,85414.9,2.32831841,-7.211561137926765,-18.176005485713564,10.964444347786799,-0.008442977908920768,-0.021279666060270003,0.012836688151349236,0.7643207432014101,-0.00320280185246378,-0.008631500793374977,49.31312108352722,26.043787136915057,23.269333946612164,0.05773362853966606,0.030490918021229385,0.027242710518436672,0.9005871333757951,-0.009871190331297207,-0.010301124321581645
1790169540000,2026-09-23T13:19:00+00:00,85455.3,3.44958964,-3.9124266297731083,-15.323289714525473,11.410863084752364,-0.00457833116234231,-0.01793135091038879,0.01335301974804648,0.790901039856866,0.0005163315966972438,0.003719133449161024,51.080228831924614,31.05107547591697,20.029153356007644,0.05977420807360645,0.036336044079088095,0.023438163994518355,0.7590131588161309,-0.0038045465239183174,0.0060666438073788895
1790169600000,2026-09-23T13:20:00+00:00,85497.7,2.49790118,2.0992876045929734,-11.838774250701785,13.938061855294759,0.0024553731908495474,-0.013846892080958653,0.0163022652718082,0.9859430652413598,0.002949245523761721,0.0024329139270644774,48.78858699569537,34.598577779872656,14.190009215822712,0.05706420990938396,0.040467261434953994,0.01659694847442997,0.5187293023813796,-0.006841215520088383,-0.003036668996170066
1790169660000,2026-09-23T13:21:00+00:00,85470.8,1.02559427,4.639527673047269,-8.543113865951975,13.182641538999244,0.005428201997696604,-0.009995359661957037,0.01542356165965364,0.9116315695929701,-0.0008787036121545612,-0.0038279491359162823,34.61036519242043,34.60093526238221,0.009429930038223233,0.04049378874705798,0.04048275582114852,1.1032925909460579e-05,-0.044498705722118226,-0.01658591554852051,-0.009744700028432127
1790169720000,2026-09-23T13:22:00+00:00,85465.7,1.02091812,6.170034533832222,-5.6004841859951355,11.770518719827358,0.007219310827422255,-0.006552902727053234,0.013772213554475488,0.7876853014928998,-0.0016513481051781513,-0.0007726444930235901,20.27688240990392,31.736124691886552,-11.459242281982633,0.023725169758047872,0.03713317119252116,-0.013408001434473285,-0.49282831049575954,-0.013419034360382746,0.0031668811881377656
1790169780000,2026-09-23T13:23:00+00:00,85473,1.6848839,7.881171994187753,-2.904152949958558,10.78532494414631,0.009220656808802491,-0.003397743088412198,0.012618399897214687,0.7012629574330059,-0.0011538136572608014,0.0004975344479173499,23.44493000296643,30.077885754102528,-6.632955751136098,0.027429632752993847,0.035189926355811224,-0.007760293602817379,-0.29651783645470353,0.005647707831655906,0.019066742192038653
1790169840000,2026-09-23T13:24:00+00:00,85467.9,1.79846843,8.725155223874026,-0.578291315192041,9.303446539066067,0.010208692648203626,-0.0006766181399005253,0.010885310788104152,0.5790338022488767,-0.001733089109110535,-0.0005792754518497336,18.095167518869857,27.681342107055997,-9.58617458818614,0.021171887362237587,0.032387998426375283,-0.011216111064137694,-0.404480982691717,-0.003455817461320315,-0.009103525292976221
1790169900000,2026-09-23T13:25:00+00:00,85494.6,8.08298844,11.41687820754305,1.8207425893549773,9.596135618188072,0.01335391733225613,0.0021296580010374657,0.011224259331218662,0.6077382343881578,0.00033894854311451034,0.0020720376522250453,8.901534033953794,23.925380492435558,-15.023846458481763,0.010411808504810589,0.027984668613497875,-0.01757286010868729,-0.6054349057816937,-0.006356749044549597,-0.0029009315832292815
1790169960000,2026-09-23T13:26:00+00:00,85519.5,4.21350724,15.381995893229032,4.532993250129788,10.849002643099244,0.01798653627912819,0.005300537596840239,0.012685998682287949,0.7225553557434854,0.0014617393510692866,0.0011227908079547762,7.738413394370582,20.687987072822565,-12.949573678451983,0.009048712158479156,0.024190958872330363,-0.015142246713851209,-0.5086667823709866,0.002430613394836082,0.008787362439385679
1790170020000,2026-09-23T13:27:00+00:00,85564.1,9.52779821,21.871110935942852,8.000616787292401,13.870494148650451,0.02556108337017844,0.009350436441559487,0.01621064692861895,0.9894512646179683,0.0035246482463310025,0.002062908895261716,17.525844079689705,20.055558474195994,-2.529714394506289,0.020482707209787402,0.023439220974913536,-0.002956513765126132,-0.07896276954081034,0.012185732948725077,0.009755119553888993
1790170080000,2026-09-23T13:28:00+00:00,85570,2.2686943,27.176587269292213,11.835810883692364,15.340776385599849,0.03175948027263318,0.013831729442202132,0.01792775083043105,1.1337645405928638,0.0017171039018120983,-0.0018075443445189042,27.925388416275382,21.629524462611872,6.29586395366351,0.03263455465265325,0.02527699481431795,0.007357559838335292,0.29180122856886026,0.010314073603461425,-0.0018716593452636522
1790170140000,2026-09-23T13:29:00+00:00,85557.3,2.45504344,30.010489384934772,15.470746583940846,14.539742800993926,0.035076480189223797,0.018082322120895406,0.01699415806832839,1.093612003265266,-0.0009335927621026592,-0.0026506966639147575,36.15266231627902,24.534152033345304,11.618510282933716,0.042255496978374746,0.02867569691112892,0.01357980006724583,0.5219888277475817,0.006222240228910538,-0.004091833374550886
1790170200000,2026-09-23T13:30:00+00:00,85573.7,9.34789084,33.197045294509735,19.016006326054622,14.181038968455113,0.038793514005482685,0.022221788149927632,0.016571725855555053,1.092269309281357,-0.0004224322127733375,0.0005111605493293217,35.052063094699406,26.637734245616127,8.41432884908328,0.04096125689867262,0.031128412404297263,0.009832844494375352,0.3985961420450096,-0.003746955572870478,-0.009969195801781013
1790170260000,2026-09-23T13:31:00+00:00,85599,2.49369401,37.33355439409206,22.67951593966211,14.654038454429951,0.04361447492855298,0.02649507113361384,0.017119403794939137,1.1608527161499549,0.0005476779393840843,0.0009701101521574218,36.08034503682575,28.526256403858053,7.554088632967694,0.0421504282022287,0.033325455208423053,0.008824972993805646,0.36438993046645457,-0.001007871500569706,0.0027390840723007723
1790170320000,2026-09-23T13:32:00+00:00,85689.8,4.52204892,47.39226033372688,27.622064818475064,19.770195515251817,0.055306769689889436,0.03223495073914873,0.023071818950740713,1.6312060705450713,0.005952415155801576,0.005404737216417491,46.508995048032375,32.12280413269292,14.386190915339455,0.05427599906643775,0.0374873136974213,0.016788685369016447,0.6378408230614226,0.007963712375210801,0.008971583875780507
1790170380000,2026-09-23T13:33:00+00:00,85677.4,14.57117787,53.74375632252486,32.84640311928503,20.89735320323983,0.06272804301078798,0.03833730145789325,0.024390741552894734,1.734173848357552,0.0013189226021540212,-0.004633492553647554,48.51424511327059,35.40109232880846,13.11315278446213,0.056624319964507085,0.041319055350429006,0.015305264614078079,0.5745125969979771,-0.001483420754938368,-0.00944713313014917
1790170440000,2026-09-23T13:34:00+00:00,85600,13.57361658,51.93317618469882,36.66375773236779,15.269418452331031,0.06066959834661077,0.04283149267799975,0.017838105668611017,1.2403163362259568,-0.006552635884283717,-0.007871558486437738,37.62930718586722,35.84673530022022,1.7825718856470019,0.043959471011527126,0.04187702721988343,0.002082443791643694,0.09934582957004717,-0.013222820822434384,-0.011739400067496016
1790170500000,2026-09-23T13:35:00+00:00,85550.9,7.73196269,46.00599030822923,38.53220424754008,7.47378606068915,0.053776161686468794,0.04504009221123341,0.008736069475235387,0.5509805855138438,-0.00910203619337563,-0.0025494003090919155,17.812568841764005,32.23990200852897,-14.427333166764967,0.020821018647102493,0.037685053001814094,-0.016864034354711604,-0.5792755574179204,-0.0189464781463553,-0.005723657323920911
1790170560000,2026-09-23T13:36:00+00:00,85610.2,9.86467267,45.56838325051649,39.93944004813537,5.628943202381123,0.05322775002338097,0.04665266527602478,0.006575084747356183,0.39450719363371584,-0.0021609847278792034,0.006941051465496426,6.1269468474783935,27.01731097631886,-20.890364128840467,0.0071567953905941045,0.031558518700247,-0.024401723309652897,-0.8544492718523145,-0.007537688954941293,0.011408789191414005
1790170620000,2026-09-23T13:37:00+00:00,85789.7,17.7078221,59.0253192223754,43.756615882983375,15.268703339392026,0.06880233783586538,0.05100450972900404,0.017797828106861344,1.2700688226635515,0.011222743359505162,0.013383728087384365,12.054428796720458,24.02473454039918,-11.970305743678722,0.014051137603605629,0.028004217919399627,-0.013953080315793998,-0.4934498626842554,0.010448642993858899,0.01798633194880019
1790170680000,2026-09-23T13:38:00+00:00,85786.9,6.3711629,68.67248764223768,48.739790234834246,19.932697407403438,0.08005008648434399,0.05681495686967853,0.023235129614665458,1.6679670182005586,0.005437301507804113,-0.005785441851701048,17.642006633919664,22.748188959103278,-5.106182325183614,0.020564919158892168,0.026517089391391083,-0.005952170232498917,-0.21688765448801736,0.008000910083295081,-0.0024477329105638164
1790170740000,2026-09-23T13:39:00+00:00,85748.2,4.57448475,72.36103853936947,53.464039895741294,18.89699864362818,0.0843878221809548,0.06235004337786834,0.022037778803086456,1.5484602100718141,-0.0011973508115790017,-0.006634652319383115,29.05629688661429,24.009810544605482,5.046486342008809,0.03388560562975584,0.02800036682356654,0.005885238806189294,0.19973867766866998,0.011837409038688212,0.00383649895539313
1790170800000,2026-09-23T13:40:00+00:00,85854.9,3.79649419,82.93798253525165,59.358828423643374,23.579154111608275,0.09660250321793125,0.06913854471165114,0.027463958506280105,1.9138764487730133,0.005426179703193649,0.006623530514772651,62.273119199831854,31.662472275650757,30.610646924181097,0.07253298204276268,0.03687905090524916,0.03565393113751352,1.2564665085652083,0.029768692331324228,0.01793128329263602
1790170860000,2026-09-23T13:41:00+00:00,85823.7,12.21787695,87.79071093618404,65.04520492615151,22.74550601003253,0.10229192045575294,0.07578932733749712,0.02650259311825583,1.7937863942922347,-0.0009613653880242747,-0.0063875450912179235,72.76409828625037,39.88279747777068,32.88130080847969,0.08478322221746484,0.04647061065622979,0.038312611561235055,1.3243932804263678,0.0026586804237215336,-0.027110011907602694
1790170920000,2026-09-23T13:42:00+00:00,85757.8,6.09614696,85.3352621228405,69.10321636548932,16.232045757351187,0.09950728927612473,0.08057951156103504,0.018927777715089692,1.209327477659716,-0.007574815403166138,-0.00661345001514186,42.63692693476332,40.43362336916921,2.203303565594112,0.0497178413331071,0.04714862481216777,0.002569216520939334,0.02135912439348067,-0.03574339504029572,-0.038402075464017256
1790170980000,2026-09-23T13:43:00+00:00,85828.9,4.05749156,88.11079069215339,72.90473123082214,15.20605946133125,0.10265865074835329,0.08494193824087475,0.017716712507478544,1.0981000816552395,-0.0012110652076111478,0.00636375019555499,29.734021437878255,38.29370298291102,-8.559681545032767,0.034643367720987056,0.044616327347677794,-0.009972959626690737,-0.45171842914073174,-0.012542176147630072,0.02320121889266565
1790171040000,2026-09-23T13:44:00+00:00,85837.9,2.76549235,89.99918725568568,76.32362243579485,13.675564819890837,0.10484784373299637,0.08891599449170454,0.015931849241291828,0.9497908601204381,-0.0017848632661867161,-0.0005737980585755684,31.26041717181215,36.88704582069125,-5.626628648879098,0.036417965923924225,0.04297291268855745,-0.0065549467646332195,-0.34886753741077664,0.003418012862057518,0.015960189009687587
1790171100000,2026-09-23T13:45:00+00:00,85707.8,6.29830403,80.07472089087241,77.07384212681036,3.000878764062051,0.09342757705934863,0.08992628690365446,0.003501290155694174,0.008715994944811416,-0.012430559085597655,-0.010645695819410939,-6.656058161112014,28.178425024330597,-34.83448318544261,-0.007765988814450977,0.03287731691203204,-0.04064330572648301,-1.643485292623433,-0.03408835896184979,-0.03750637182390731
1790171160000,2026-09-23T13:46:00+00:00,85720.2,10.46270978,72.37578318748274,76.13423033894485,-3.758447151462107,0.08443258787016682,0.08881714034608511,-0.0043845524759182864,-0.6155836338436256,-0.00788584263161246,0.004544716453985194,-37.26462364233157,15.089815290998164,-52.35443893332973,-0.0434723946541557,0.0176035698598442,-0.06107596451399989,-2.3874945670712506,-0.020432658787516877,0.013655700174332912
1790171220000,2026-09-23T13:47:00+00:00,85713.7,5.94824171,65.00053816987202,73.90749190513029,-8.90695373525827,0.07583447940045993,0.08622599643362763,-0.01039151703316771,-1.101382825874885,-0.006006964557249423,0.0018788780743630375,-57.90592567301064,0.4906670981964023,-58.39659277120705,-0.06755737492724109,0.0005724488596296768,-0.06812982378687077,-2.5706764796781036,-0.007053859272870881,0.013378799514645996
1790171280000,2026-09-23T13:48:00+00:00,85671.6,2.95264914,55.12306086922763,70.15060569794976,-15.027544828722128,0.06434228013627342,0.08188315112353424,-0.017540870987260804,-1.6560192895505303,-0.007149353954093095,-0.0011423893968436722,-89.0385021851107,-17.41516675846502,-71.62333542664568,-0.10393000969412348,-0.020327817804809318,-0.08360219188931417,-2.9637667929464584,-0.015472368102443401,-0.00841850882957252
1790171340000,2026-09-23T13:49:00+00:00,85686.5,6.6469664,47.944717561113066,65.70942807058242,-17.764710509469353,0.05595364212695473,0.07668585841478227,-0.020732216287827548,-1.8749260710764242,-0.0031913453005667433,0.003958008653526352,-100.6188569773658,-34.05590480224518,-66.56295217512061,-0.11742673230598262,-0.039744772866490266,-0.07768195943949235,-2.634518249827952,0.005920232449821816,0.021392600552265217
1790171400000,2026-09-23T13:50:00+00:00,85637.7,3.72896922,37.88140337313234,60.143823131092404,-22.26241975796006,0.04423449412248618,0.07023054464458107,-0.025996050522094895,-2.21801274823042,-0.005263834234267347,-0.0020724889337006037,-97.07219640744734,-46.65916312328561,-50.41303328416173,-0.11335217597792484,-0.05448437209696852,-0.05886780388095632,-1.9454209787713506,0.018814155558536036,0.01289392310871422
1790171460000,2026-09-23T13:51:00+00:00,85620.3,4.61486059,28.177309312770376,53.750520367428,-25.573211054657627,0.03290961292213456,0.06277777626033545,-0.0298681633382009,-2.4250677710297506,-0.003872112816106006,0.001391721418161341,-99.83624073122337,-57.29457864487317,-42.5416620863502,-0.11660346989116292,-0.06691704963060532,-0.0496864202605576,-1.6071358499921047,0.00918138362039872,-0.009632771938137316
1790171520000,2026-09-23T13:52:00+00:00,85699,3.77088537,26.53134035592666,48.30668436512774,-21.775344009201078,0.030958751392579444,0.05636785069268922,-0.025409099300109775,-2.0477515379896962,0.004459064038091126,0.008331176854197132,-79.08515020733466,-61.652692957365474,-17.43245724996919,-0.0922824656149251,-0.07194097125680052,-0.020341494358124587,-0.614131131184727,0.02934492590243301,0.02016354228203429
1790171580000,2026-09-23T13:53:00+00:00,85666.8,3.17878378,22.37075111217564,43.11949771453732,-20.748746602361678,0.02611367660771225,0.050333965683949114,-0.02422028907623686,-1.9244960199710206,0.0011888102238729152,-0.003270253814218211,-61.28831119052484,-61.57981660399735,0.2915054134725139,-0.0715426643583335,-0.07188294252148715,0.00034027816315365336,0.09000226303036292,0.02068177252127824,-0.008663153381154767
1790171640000,2026-09-23T13:54:00+00:00,85707.9,3.98178417,22.134725338735734,38.922543239377006,-16.787817900641272,0.02582577024840853,0.04541301704904333,-0.019587246800634797,-1.5764250924024978,0.004633042275602062,0.003444232051729147,-45.52966738886607,-58.369786760971095,12.840119372105022,-0.05312190286877415,-0.06810315823975514,0.014981255370981,0.5838413546143189,0.014640977207827347,-0.0060407953134508936
1790171700000,2026-09-23T13:55:00+00:00,85704,4.61287181,21.386446167656686,35.41532382503294,-14.028877657376256,0.024953848324065022,0.04132283653625612,-0.016368988212191096,-1.337596762007567,0.0032182585884437016,-0.0014147836871583608,-19.699622616753913,-50.63575393212766,30.93613131537375,-0.02298565133103929,-0.0590821361104822,0.03609648477944291,1.2746699890377864,0.02111522940846191,0.006474252200634564
1790171760000,2026-09-23T13:56:00+00:00,85720,5.2509229,21.83282064992818,32.69882319001199,-10.866002540083812,0.025469926096509776,0.03814608398274848,-0.012676157886238697,-1.073791623269237,0.003692830325952398,0.0004745717375086965,8.83730274734262,-38.74114259623361,47.57844534357623,0.010309499238617148,-0.04519498669649278,0.055504485935109926,1.8699305249344134,0.019408001155667015,-0.001707228252794896
1790171820000,2026-09-23T13:57:00+00:00,85830.9,11.83151559,30.78046082094079,32.315150716197756,-1.5346898952569674,0.0358617477166624,0.03764978663418158,-0.0017880389175191772,-0.322506029904757,0.01088811896871952,0.007195288642767122,29.523072730647982,-25.08829953085729,54.611372261505274,0.034396788022318284,-0.0292299154859815,0.06362670350829978,2.067199906714693,0.008122217573189858,-0.011285783582477157
1790171880000,2026-09-23T13:58:00+00:00,85778,2.15738746,33.220002711968846,32.496121115351976,0.7238815966168701,0.03872788210493232,0.037883980875459876,0.0008439012294724406,-0.1546600785910821,0.002631940146991618,-0.008256178821727902,42.92619083459431,-11.485401457766974,54.411592292361284,0.05004335707826518,-0.013389682037080575,0.06343303911534576,1.9988980666490659,-0.0001936643929540266,-0.008315881966143884
1790171940000,2026-09-23T13:59:00+00:00,85798,3.38853791,36.34819077231805,33.26653504674519,3.0816557255728583,0.04236484623454865,0.03877308917077926,0.0035917570637693866,0.020459433012974777,0.002747855834296946,0.00011591568730532817,49.932893727047485,0.7982575791959174,49.134636147851566,0.05819820243717509,0.0009303918263781411,0.05726781061079695,1.7595214441643028,-0.006165228504548807,-0.005971564111594788
1790172000000,2026-09-23T14:00:00+00:00,85869.1,8.74774901,44.05662083928473,35.4245522052531,8.632068634031633,0.05130672248723316,0.041254132400657624,0.010052590086575535,0.47694809006052613,0.0064608330228061485,0.0037129771885092023,63.74460803050897,13.38752766945853,50.35708036105044,0.07423462925605248,0.015590623017428305,0.05864400623862418,1.7569777621676985,0.0013761956278272314,0.007541424132376039
1790172060000,2026-09-23T14:01:00+00:00,85919.8,12.27232807,53.638363816658966,39.06731452753428,14.571049289124687,0.062428408605070033,0.04546951288007454,0.016958895724995503,0.974236659126084,0.006906305638419968,0.0004454726156138192,80.20114079781342,26.750250295129508,53.45089050268392,0.09334418934612676,0.031133976446790505,0.06221021289933626,1.8160731934607903,0.0035662066607120776,0.0021900110328848463
1790172120000,2026-09-23T14:02:00+00:00,85820.3,9.57542253,52.59684206027305,41.77322003408204,10.82362202619101,0.061287180376056766,0.04867522023819776,0.012611960137859002,0.6323844502215199,-0.0043469355871365006,-0.01125324122555647,55.247699053710676,32.44974004684575,22.79795900686493,0.06437602648057705,0.037811263823181396,0.02656476265739566,0.7131550756884231,-0.0356454502419406,-0.03921165690265268
1790172180000,2026-09-23T14:03:00+00:00,85739,7.02755745,44.69597068920848,42.357770165107326,2.338200524101154,0.05213026824339971,0.04940315394990299,0.0027271142934967214,-0.11786987267928646,-0.009884845844362281,-0.005537910257225779,26.744601401733235,31.308712317823247,-4.564110916090012,0.03119304097520759,0.03651630217033468,-0.005323261195127086,-0.25220128053867147,-0.03188802385252275,0.0037574263894178533
1790172240000,2026-09-23T14:04:00+00:00,85767.3,2.83152849,40.25402336784464,41.93702080565479,-1.682997437810151,0.04693399858436098,0.048896281922894615,-0.0019622833385336265,-0.46443355252998536,-0.004689397632030348,0.005195448212331933,9.578988125664182,26.962767479391434,-17.383779353727252,0.011168578380879637,0.03143711820168227,-0.020268539820802626,-0.6992700791349387,-0.01494527862567554,0.016942745226847206
1790172300000,2026-09-23T14:05:00+00:00,85723,2.23487907,32.78122676712519,40.10586199794887,-7.324635230823681,0.03824087673917757,0.046785415813665965,-0.008544539074488388,-0.9430982878048814,-0.006582255735954761,-0.0018928581039244136,-25.498674562142696,16.47047907108461,-41.96915363322731,-0.029745429537163533,0.019213605533036186,-0.04895903507019972,-1.5907479036743801,-0.028690495249397093,-0.013745216623721553
1790172360000,2026-09-23T14:06:00+00:00,85660.9,4.24547619,21.599050207980326,36.40449963995516,-14.805449431974836,0.02521459640043512,0.0424983856578149,-0.017283789257379778,-1.5642270959923341,-0.00873925018289139,-0.0021569944469366285,-69.65925160174083,-0.755467063480479,-68.90378453826035,-0.08131977553556037,-0.0008819275345933548,-0.08043784800096702,-2.5403345072323504,-0.031478812930767305,-0.002788317681370212
1790172420000,2026-09-23T14:07:00+00:00,85556.3,8.86843817,4.247783100887318,29.973156332141595,-25.725373231254277,0.004964898085690146,0.0350332545144444,-0.030068356428754252,-2.4208750459052206,-0.012784567171374474,-0.004045316988483084,-107.5484871558292,-22.114071081950225,-85.43441607387898,-0.1257049301522263,-0.02584739064446478,-0.09985753950776154,-3.017634226863697,-0.019419691506794512,0.012059121423972793
1790172480000,2026-09-23T14:08:00+00:00,85440.8,17.06312827,-18.608597488462692,20.256805568020738,-38.86540305648343,-0.02177952159678127,0.023708586024499698,-0.045488107621280964,-3.314081598453033,-0.015419751192526712,-0.0026351840211522384,-142.06799094144662,-46.104855053849505,-95.96313588759712,-0.16627652238912397,-0.05396116966817902,-0.11231535272094494,-3.210955537230507,-0.0124578132131834,0.006961878293611112
1790172540000,2026-09-23T14:09:00+00:00,85333.4,27.63825488,-44.87147575660492,7.231149303095604,-52.10262505970053,-0.05258371957124048,0.008473996469255419,-0.06105771604049591,-3.990203039801758,-0.015569608419214946,-0.00014985722668823392,-180.98477606190136,-73.08083925545988,-107.90393680644148,-0.21209136875115883,-0.08564154159503767,-0.12644982715612113,-3.3826101233603967,-0.014134474435176195,-0.001676661221992795
1790172600000,2026-09-23T14:10:00+00:00,85152,122.89409795,-79.40710430566105,-10.096501418655727,-69.31060288700533,-0.09325336375617842,-0.011857033796805392,-0.08139632995937304,-4.644919346915862,-0.020338613918877133,-0.004769005499662186,-234.7322883236484,-105.41112906909758,-129.32115925455082,-0.27566268358188695,-0.12379172429196916,-0.1518709592899178,-3.7525984459907757,-0.02542113213379668,-0.011286657698620486
1790172660000,2026-09-23T14:11:00+00:00,84996.5,32.72689685,-117.96456707992184,-31.670114550908952,-86.29445252901289,-0.13878755840525414,-0.03726049255076262,-0.10152706585449152,-4.981841174191892,-0.020130735895118476,0.00020787802375865638,-287.31415931707306,-141.79173511869269,-145.52242419838038,-0.3380305769261947,-0.1668206751086135,-0.17120990181758117,-3.877744347094485,-0.019338942527663355,0.006082189606133326
1790172720000,2026-09-23T14:12:00+00:00,84790.6,78.01756891,-163.25415111011534,-57.98692186275023,-105.26722924736512,-0.19253803028887087,-0.06838838487137752,-0.12414964541749335,-5.183037341039338,-0.02262257956300183,-0.0024918436678833533,-335.165321385226,-180.46645237199937,-154.6988690132266,-0.39528594134871786,-0.21283780557278678,-0.18244813577593105,-3.793471666114688,-0.011238233958349886,0.00810070856931347
1790172780000,2026-09-23T14:13:00+00:00,84718.4,115.52029771,-202.6365414345055,-86.91684577710129,-115.7196956574042,-0.2391883480265273,-0.10259500389183611,-0.13659334413469118,-4.928293643478018,-0.012443698717197832,0.010178880845803998,-355.2656298843649,-215.42628787447245,-139.83934200989245,-0.41934884261785504,-0.2542851232724797,-0.16506371934537534,-3.196134106342348,0.017384416430555716,0.0286226503889056
1790172840000,2026-09-23T14:14:00+00:00,84879.9,56.00474097,-218.29925133043434,-113.19332688776791,-105.10592444266643,-0.2571860373662485,-0.1333570455287623,-0.12382899183748619,-4.0372637115902785,0.01276435229720499,0.02520805101440282,-326.5873458892893,-237.65849947743584,-88.92884641185344,-0.3847640559063916,-0.27999384951847944,-0.10477020638791217,-1.8818543086626052,0.06029351295746317,0.04290909652690744
1790172900000,2026-09-23T14:15:00+00:00,84796.8,28.40852376,-234.7119243106572,-137.49704637234578,-97.21487793831142,-0.2767933746446295,-0.16214886218860355,-0.11464451245602596,-3.458596830613007,0.009184479381460234,-0.0035798729157447695,-286.220743375874,-247.3709482571235,-38.84979511875051,-0.33753719878093746,-0.2917220322666934,-0.04581516651424406,-0.6663632124674098,0.058955039873668104,-0.001338473083795061
1790172960000,2026-09-23T14:16:00+00:00,84609.6,26.27728089,-259.82940970188065,-161.96351903825277,-97.86589066362788,-0.3070921144904132,-0.19142451806680655,-0.11566759642360663,-3.264357997574861,-0.0010230839675806763,-0.01020756334904091,-248.49054774997057,-247.59486815569292,-0.8956795942776523,-0.2936907251068089,-0.2926321223072712,-0.0010586027995377028,0.24479584256459128,0.044756563714706356,-0.014198476158961748
1790173020000,2026-09-23T14:17:00+00:00,84529.9,124.5381236,-282.90516709155054,-186.15184864891233,-96.7533184426382,-0.33468058887038854,-0.22022012169529642,-0.11446046717509215,-3.0417517531026816,0.001207129248514488,0.0022302132160951643,-191.63423439351027,-236.4027414032564,44.768507009746145,-0.22670585720970957,-0.279667598569567,0.052961741359857456,1.323992862012104,0.05402034415939516,0.009263780444688799
1790173080000,2026-09-23T14:18:00+00:00,84467.7,30.76351106,-302.7222970453877,-209.46593832820741,-93.25635871718026,-0.3583882324786725,-0.24798347572883767,-0.11040475674983487,-2.7791440013454145,0.004055710425257278,0.00284858117674279,-137.69513721228577,-216.6612205650623,78.96608335277654,-0.16301513739842066,-0.25650185877567677,0.09348672137725608,2.0777333419610127,0.040524980017398626,-0.013495364141996532
1790173140000,2026-09-23T14:19:00+00:00,84356.4,28.30525145,-323.67734419390035,-232.308219501346,-91.36912469255435,-0.3837021781321872,-0.27538896811782626,-0.10831321001436094,-2.5988350070870405,0.0020915467354739314,-0.0019641636897833464,-133.476811646251,-200.02433878130006,66.54752713504905,-0.15822962056969123,-0.23711815437986933,0.07888853381017807,1.7394968513624436,-0.014598187567078008,-0.055123167584476634
1790173200000,2026-09-23T14:20:00+00:00,84498.6,47.81132772,-325.0628957296867,-250.85915474701414,-74.20374098267257,-0.38469619109628644,-0.2968796580618071,-0.08781653303447935,-1.9875701719736851,0.020496676979881584,0.01840513024440764,-94.02625102730235,-178.82472123050053,84.79847020319818,-0.11127551347277037,-0.211630395332586,0.10035488185981563,2.0895285916769066,0.021466348049637554,0.03606453561671556
1790173260000,2026-09-23T14:21:00+00:00,84412.9,24.07210457,-329.2804885770456,-266.54342151302046,-62.737067064025155,-0.39008313726580374,-0.3157614790073798,-0.07432165825842396,-1.5944181228759633,0.01349487477605539,-0.0070018022038261934,-47.53562659907038,-152.5669023042145,105.03127570514411,-0.05631322534715711,-0.18073884714802418,0.12442562180086707,2.4467414631585434,0.02407073994105144,0.0026043918914138847
1790173320000,2026-09-23T14:22:00+00:00,84220.1,45.43483482,-344.21244321727136,-282.07722585387063,-62.13521736340073,-0.40870581157855584,-0.3349286285030184,-0.07377718307553746,-1.5433654984838932,0.0005444751828865002,-0.01295039959316889,-34.256811145620304,-128.90488407249566,94.64807292687536,-0.04067533895782634,-0.15305714915144444,0.11238181019361809,2.14693389794104,-0.012043811607248975,-0.036114551548300414
1790173380000,2026-09-23T14:23:00+00:00,84118.7,197.47899196,-360.0775080411695,-297.6772822913304,-62.40022574983908,-0.4280588121798952,-0.3538776541854908,-0.07418115799440443,-1.5180267970793615,-0.00040397491886697,-0.0009484501017534702,-34.50039663197822,-110.02398658439218,75.52358995241396,-0.041013944143190775,-0.13079610905112915,0.08978216490793837,1.6924194042822518,-0.022599645285679718,-0.010555833678430729
1790173440000,2026-09-23T14:24:00+00:00,84218.4,37.14668068,-360.45067839560215,-310.23196151218474,-50.218716883417414,-0.42799516304703267,-0.36836601207359054,-0.05962915097344217,-1.1292230524219884,0.014552007020962258,0.014955981939829222,-10.494084444580949,-90.11800615642994,79.623921711849,-0.012460560215559724,-0.10700512733135509,0.09454456711579537,1.7321281657453618,0.004762402207856994,0.027362047493536712
1790173500000,2026-09-23T14:25:00+00:00,84305.3,74.42720758,-349.70315456052776,-318.12620012185334,-31.57695443867442,-0.41480565819767884,-0.37735017860306924,-0.03745547959460961,-0.5627828085980736,0.02217367137883256,0.007621664357870303,0.021334898177883588,-72.09013794550839,72.11147284368627,2.5306710465277495e-05,-0.08551080174734968,0.08553610845781495,1.5388667219418435,-0.009008458657980417,-0.013770860865837412
1790173560000,2026-09-23T14:26:00+00:00,84160.3,38.13079202,-348.86446033576794,-324.27385216463625,-24.59060817113169,-0.41452378417825025,-0.3853050098022895,-0.02921877437596074,-0.3491118103358586,0.00823670521864887,-0.013936966160183688,12.778186692099553,-55.1164730179868,67.89465971008636,0.015183152498386475,-0.06548987232458392,0.0806730248229704,1.4257939772038328,-0.004863083634844556,0.004145375023135861
1790173620000,2026-09-23T14:27:00+00:00,84136.5,14.05449852,-346.13027585385134,-328.6451369024793,-17.48513895137205,-0.41139134127739013,-0.3906094702090998,-0.02078187106829028,-0.13227762002282212,0.008436903307670461,0.0002001980890215943,47.65802001564589,-34.56157441126027,82.21959442690616,0.05664369211417861,-0.04107797972492351,0.09772167183910212,1.679886171487827,0.01704864701613172,0.021911730650976277
1790173680000,2026-09-23T14:28:00+00:00,84131.1,15.63462374,-340.474373187375,-331.0109841594585,-9.463389027916548,-0.4046950214455475,-0.39344663763989585,-0.011248383805651593,0.11126172072408061,0.009533487262638687,0.0010965839549682242,81.88628806096676,-11.272001916814862,93.15828997778162,0.0973317691804419,-0.0133981392336661,0.110729908414108,1.853346394916052,0.013008236575005883,-0.0040404104411258385
1790173740000,2026-09-23T14:29:00+00:00,84045.5,106.15730126,-338.9915506060788,-332.60709744878255,-6.384453157296264,-0.4033428923691082,-0.3957464676262056,-0.00759642474290267,0.20568149438035266,0.003651959062748923,-0.005881528199889765,78.46528680804477,6.675455828157064,71.7898309798877,0.09336048546090482,0.007942668944984639,0.08541781651592018,1.4056437239550366,-0.025312091898187825,-0.03832032847319371
1790173800000,2026-09-23T14:30:00+00:00,83957.4,24.69012242,-340.99456367648963,-334.284590694324,-6.709972982165652,-0.4061518861666627,-0.39815976994800223,-0.007992116218660479,0.19754547177821408,-0.0003956914757578091,-0.004047650538506732,46.408202785867616,14.622005219699174,31.78619756616844,0.05527589323379192,0.017415981461668863,0.037859911772123056,0.612699903029088,-0.04755790474379712,-0.022245812845609295
1790173860000,2026-09-23T14:31:00+00:00,84036,50.31379625,-332.4078125074302,-333.90923505694525,1.5014225495150413,-0.39555406314844854,-0.397340705241736,0.0017866420932874498,0.4412701109978603,0.00977875831194793,0.010174449787705736,49.21751641196897,21.541107458153135,27.676408953815837,0.058567181222296365,0.025633189892609282,0.03293399132968708,0.5242928356415348,-0.004925920442435977,0.04263198430136114
1790173920000,2026-09-23T14:32:00+00:00,84220.6,36.24449944,-307.1662517623772,-328.56063839803164,21.394386635654428,-0.3647162947810597,-0.3901190901015092,0.025402795320449423,1.0214499000209485,0.023616153227161974,0.013837394915214043,96.73914370975399,36.58071470847331,60.15842900128068,0.11486399255022403,0.04343440287586803,0.07142958967435602,1.1381505656785649,0.03849559834466894,0.043421518787104915
