timestamp_ms,datetime_utc,open,high,low,close,volume,volume_quote,confirm
1790087580000,2026-09-22T14:33:00+00:00,85745.5,85803.2,85712.9,85771.1,7.55698234,648170.272666619,1
1790087640000,2026-09-22T14:34:00+00:00,85772,85842.1,85749.9,85761.4,12.1347182,1041248.707765875,1
1790087700000,2026-09-22T14:35:00+00:00,85761.5,85761.5,85455,85477,80.97556475,6927002.349659874,1
1790087760000,2026-09-22T14:36:00+00:00,85484,85636.5,85484,85612.3,16.2899439,1394048.840618531,1
1790087820000,2026-09-22T14:37:00+00:00,85612.2,85728.9,85582.9,85683.3,9.70964723,831640.573307667,1
1790087880000,2026-09-22T14:38:00+00:00,85681.9,85815.3,85681.9,85797.9,7.97017273,683435.435260456,1
1790087940000,2026-09-22T14:39:00+00:00,85797.9,85904.7,85786.8,85885.5,3.55990902,305707.686872417,1
1790088000000,2026-09-22T14:40:00+00:00,85887.2,85979.9,85823.3,85979.9,5.01232264,430564.434572909,1
1790088060000,2026-09-22T14:41:00+00:00,85980,86006.6,85905.4,85913.9,6.30559095,542122.392338783,1
1790088120000,2026-09-22T14:42:00+00:00,85913.9,85913.9,85811.4,85811.4,3.14257232,269800.461740587,1
1790088180000,2026-09-22T14:43:00+00:00,85811.3,85864.6,85793,85840.5,32.65804953,2802774.30160092,1
1790088240000,2026-09-22T14:44:00+00:00,85840.5,85910.7,85809.5,85897,1.77189101,152165.835131338,1
1790088300000,2026-09-22T14:45:00+00:00,85897.1,85956.1,85885.5,85905.7,3.34616474,287542.174927078,1
1790088360000,2026-09-22T14:46:00+00:00,85905.7,85991.6,85890.3,85978.9,3.34377739,287413.97013501,1
1790088420000,2026-09-22T14:47:00+00:00,85978.8,86006.6,85897.6,86006.5,4.81661102,414052.289879094,1
1790088480000,2026-09-22T14:48:00+00:00,85999.4,86006.6,85956.5,85998.9,4.10703617,353159.103985716,1
1790088540000,2026-09-22T14:49:00+00:00,85998.9,86052.6,85972.6,86022.7,5.01728978,431551.328966669,1
1790088600000,2026-09-22T14:50:00+00:00,86022.6,86087.3,85994.8,86045.2,6.18386394,532056.89132223,1
1790088660000,2026-09-22T14:51:00+00:00,86045.3,86077.7,86020.2,86030.3,2.24555254,193234.867370407,1
1790088720000,2026-09-22T14:52:00+00:00,86030.2,86043,85994.7,86009.1,1.79182694,154136.479049587,1
1790088780000,2026-09-22T14:53:00+00:00,86009,86044.8,85940,86043.6,3.66604254,315232.349662802,1
1790088840000,2026-09-22T14:54:00+00:00,86044.8,86097.3,86001.3,86081.3,3.78977329,326165.186031087,1
1790088900000,2026-09-22T14:55:00+00:00,86083.2,86160,86082,86159.9,4.46509163,384558.146461425,1
1790088960000,2026-09-22T14:56:00+00:00,86159.9,86176.4,86122.6,86153.8,4.72863918,407391.665691619,1
1790089020000,2026-09-22T14:57:00+00:00,86157.2,86231.9,86145.3,86209.2,6.15024077,530151.225688815,1
1790089080000,2026-09-22T14:58:00+00:00,86209.2,86219.9,86196.3,86219.6,3.39092257,292353.791481509,1
1790089140000,2026-09-22T14:59:00+00:00,86219.6,86260.4,86214.4,86256.4,3.31042388,285480.294835418,1
1790089200000,2026-09-22T15:00:00+00:00,86260.7,86285.5,86196.4,86218.9,7.47704307,644956.114212495,1
1790089260000,2026-09-22T15:01:00+00:00,86218.8,86266.3,86183.7,86254.8,5.47236148,471828.996317828,1
1790089320000,2026-09-22T15:02:00+00:00,86254.9,86270.5,86231.9,86270.5,2.98264996,257275.25483911,1
1790089380000,2026-09-22T15:03:00+00:00,86266.8,86266.8,86171.4,86204.8,2.87176497,247555.336544636,1
1790089440000,2026-09-22T15:04:00+00:00,86204.8,86254.2,86201.7,86254.2,9.02823127,778487.46476603,1
1790089500000,2026-09-22T15:05:00+00:00,86254.2,86298,86235.9,86291.7,3.80120451,327979.151970624,1
1790089560000,2026-09-22T15:06:00+00:00,86291.6,86319.4,86263.3,86297.7,3.64452669,314543.182169421,1
1790089620000,2026-09-22T15:07:00+00:00,86297.7,86321.6,86263.1,86313.2,2.66191002,229725.382097949,1
1790089680000,2026-09-22T15:08:00+00:00,86313.2,86373.2,86313.2,86373.2,5.81969344,502498.89490574,1
1790089740000,2026-09-22T15:09:00+00:00,86373.2,86392.1,86233.6,86247.5,5.3595781,462564.288229531,1
1790089800000,2026-09-22T15:10:00+00:00,86246.1,86248.7,86197.6,86197.7,5.59914525,482709.371994587,1
1790089860000,2026-09-22T15:11:00+00:00,86197.8,86205.1,86133.3,86192.8,11.14087947,960136.075582567,1
1790089920000,2026-09-22T15:12:00+00:00,86196,86249.8,86167.3,86249.8,4.6656247,402195.567535108,1
1790089980000,2026-09-22T15:13:00+00:00,86249.7,86280.1,86221.7,86261.1,7.03285383,606573.711541706,1
1790090040000,2026-09-22T15:14:00+00:00,86261.1,86323.5,86261.1,86305.6,5.54594066,478570.372848331,1
1790090100000,2026-09-22T15:15:00+00:00,86305.6,86338.6,86226.1,86226.1,4.80006852,414276.239491962,1
1790090160000,2026-09-22T15:16:00+00:00,86229.9,86249.4,86214.3,86223.9,1.76307354,152037.672324991,1
1790090220000,2026-09-22T15:17:00+00:00,86224,86236.7,86157.5,86158.6,4.42192967,381157.487871849,1
1790090280000,2026-09-22T15:18:00+00:00,86162.1,86201.6,86142.3,86144.2,2.31550863,199524.9233286,1
1790090340000,2026-09-22T15:19:00+00:00,86144.3,86239.5,86125.2,86215.8,6.12740863,528008.353198668,1
1790090400000,2026-09-22T15:20:00+00:00,86215.9,86220.8,86152.9,86158.6,2.1427108,184689.193736965,1
1790090460000,2026-09-22T15:21:00+00:00,86158.6,86248.9,86156.2,86248.9,4.47374086,385661.8768183,1
1790090520000,2026-09-22T15:22:00+00:00,86249,86306.5,86236.6,86285.5,2.96729027,256011.048447554,1
1790090580000,2026-09-22T15:23:00+00:00,86287.1,86333.3,86246.2,86304.4,3.97369331,342900.893166388,1
1790090640000,2026-09-22T15:24:00+00:00,86304.4,86321.5,86246.1,86246.1,3.44283712,297104.521295917,1
1790090700000,2026-09-22T15:25:00+00:00,86246.1,86317,86246.1,86317,1.35342133,116760.409724005,1
1790090760000,2026-09-22T15:26:00+00:00,86316.9,86320.6,86299.7,86308.2,1.18558067,102332.174916675,1
1790090820000,2026-09-22T15:27:00+00:00,86308.1,86312.2,86273.5,86290.7,2.51733036,217237.490100883,1
1790090880000,2026-09-22T15:28:00+00:00,86290.7,86319.9,86282.5,86286,2.54458058,219616.777729992,1
1790090940000,2026-09-22T15:29:00+00:00,86285.6,86319.9,86283.3,86283.3,0.66952576,57780.320351064,1
1790091000000,2026-09-22T15:30:00+00:00,86281,86302.7,86246.6,86288.3,1.02673424,88576.037713011,1
1790091060000,2026-09-22T15:31:00+00:00,86288.3,86304,86278.3,86295.9,1.83161175,158053.357452431,1
1790091120000,2026-09-22T15:32:00+00:00,86295.9,86349.5,86294.2,86324.6,3.78225699,326531.201211896,1
1790091180000,2026-09-22T15:33:00+00:00,86324.5,86347,86320,86323.4,1.06177703,91671.399659196,1
1790091240000,2026-09-22T15:34:00+00:00,86321.4,86321.4,86267.4,86281.7,2.80637376,242170.991397758,1
1790091300000,2026-09-22T15:35:00+00:00,86281.6,86332,86263,86289,1.69203495,146034.470047694,1
1790091360000,2026-09-22T15:36:00+00:00,86289,86387.4,86289,86387.4,1.97462344,170480.199809678,1
1790091420000,2026-09-22T15:37:00+00:00,86387.4,86395.1,86343.3,86368.6,3.21356581,277546.079772795,1
1790091480000,2026-09-22T15:38:00+00:00,86368.6,86368.7,86277.8,86277.8,4.96830158,428842.504999895,1
1790091540000,2026-09-22T15:39:00+00:00,86277.8,86337.9,86275.1,86337.9,1.5320031,132236.448072069,1
1790091600000,2026-09-22T15:40:00+00:00,86337.9,86425.7,86337.9,86374.3,11.61358297,1003237.460453339,1
1790091660000,2026-09-22T15:41:00+00:00,86374.4,86426.9,86337.4,86426.8,3.01709029,260555.317330251,1
1790091720000,2026-09-22T15:42:00+00:00,86426.9,86500,86410.2,86452.4,20.36690168,1761026.96276036,1
1790091780000,2026-09-22T15:43:00+00:00,86451.1,86496.8,86422.5,86485.5,3.28877882,284364.268611618,1
1790091840000,2026-09-22T15:44:00+00:00,86486.2,86580.4,86486.2,86554.6,10.13593016,877059.990446601,1
1790091900000,2026-09-22T15:45:00+00:00,86554.6,86615.2,86550.3,86613.2,4.93091305,426969.829539409,1
1790091960000,2026-09-22T15:46:00+00:00,86613.3,86731,86511.6,86511.6,21.28477795,1843955.989749063,1
1790092020000,2026-09-22T15:47:00+00:00,86511.6,86511.6,86421.9,86509.7,18.94542262,1638258.700134891,1
1790092080000,2026-09-22T15:48:00+00:00,86509.7,86566.5,86509.7,86566.5,3.27054964,283026.756826913,1
1790092140000,2026-09-22T15:49:00+00:00,86572.2,86587.9,86485.9,86490.7,103.43509012,8952181.261554535,1
1790092200000,2026-09-22T15:50:00+00:00,86490.8,86490.8,86414.2,86414.6,3.07593629,265884.58877475,1
1790092260000,2026-09-22T15:51:00+00:00,86414.6,86414.6,86342.6,86354.4,9.84314236,850299.115423901,1
1790092320000,2026-09-22T15:52:00+00:00,86350.7,86420,86332.8,86415.7,6.66121364,575156.651193056,1
1790092380000,2026-09-22T15:53:00+00:00,86415.7,86426.8,86394.7,86398.5,5.19057103,448528.684707952,1
1790092440000,2026-09-22T15:54:00+00:00,86402.2,86423,86394.6,86394.6,0.93590015,80871.349356583,1
1790092500000,2026-09-22T15:55:00+00:00,86394.7,86453,86394.6,86423.1,3.52203903,304419.059180023,1
1790092560000,2026-09-22T15:56:00+00:00,86423.1,86484.2,86414.7,86472.9,0.70694753,61108.443780949,1
1790092620000,2026-09-22T15:57:00+00:00,86472.9,86485.6,86438.1,86457.2,1.79949293,155573.834353513,1
1790092680000,2026-09-22T15:58:00+00:00,86457.3,86457.3,86412.6,86412.7,0.75429217,65197.358025285,1
1790092740000,2026-09-22T15:59:00+00:00,86412.6,86419,86403.6,86419,1.7350374,149926.369199241,1
1790092800000,2026-09-22T16:00:00+00:00,86419.1,86449.9,86412.3,86423.5,2.22205728,192047.131956028,1
1790092860000,2026-09-22T16:01:00+00:00,86423.8,86449.2,86400.9,86411.9,3.13604047,271035.727601338,1
1790092920000,2026-09-22T16:02:00+00:00,86411.9,86505.2,86411.9,86434.6,6.89806679,596438.114311105,1
1790092980000,2026-09-22T16:03:00+00:00,86433.7,86523.8,86433.7,86523.8,1.433379,123925.848764755,1
1790093040000,2026-09-22T16:04:00+00:00,86526.3,86530.2,86400,86417,16.04353552,1387378.71193467,1
1790093100000,2026-09-22T16:05:00+00:00,86416.9,86416.9,86295.1,86346.8,6.88765975,594660.764703135,1
1790093160000,2026-09-22T16:06:00+00:00,86346.8,86398.2,86253.3,86391.2,8.90649258,768707.583498664,1
1790093220000,2026-09-22T16:07:00+00:00,86391.2,86443.5,86391.2,86429.8,4.16387865,359874.844222815,1
1790093280000,2026-09-22T16:08:00+00:00,86429.7,86443.1,86321.5,86364.7,9.35949997,808555.533283571,1
1790093340000,2026-09-22T16:09:00+00:00,86364.7,86375.6,86266.4,86266.4,3.55737857,307085.587834835,1
1790093400000,2026-09-22T16:10:00+00:00,86266.5,86283.3,86210.6,86222,5.19662059,448202.024328877,1
1790093460000,2026-09-22T16:11:00+00:00,86221.9,86254.7,86184.3,86247.6,4.74869025,409393.175923817,1
1790093520000,2026-09-22T16:12:00+00:00,86247.9,86269.5,86214.9,86236.5,4.05866498,350037.803343451,1
1790093580000,2026-09-22T16:13:00+00:00,86231.9,86235.9,86167.1,86167.1,4.6890159,404226.193656082,1
1790093640000,2026-09-22T16:14:00+00:00,86167.1,86190.5,86159.3,86182.1,4.17610658,359860.149652455,1
1790093700000,2026-09-22T16:15:00+00:00,86182.1,86191.8,86120.5,86182.9,4.63347902,399242.36210471,1
1790093760000,2026-09-22T16:16:00+00:00,86183,86255.5,86183,86205.5,4.81850863,415432.950845878,1
1790093820000,2026-09-22T16:17:00+00:00,86207.6,86211.1,86166.6,86166.7,1.49674529,129013.779702993,1
1790093880000,2026-09-22T16:18:00+00:00,86166.7,86167.4,86122.3,86128.2,3.71130874,319713.49594056,1
1790093940000,2026-09-22T16:19:00+00:00,86128.2,86128.3,86095.9,86117.4,3.65948561,315117.139238721,1
1790094000000,2026-09-22T16:20:00+00:00,86117.3,86146.2,86082.7,86130.1,4.97545585,428455.942463861,1
1790094060000,2026-09-22T16:21:00+00:00,86130.1,86229.7,86130.1,86201.8,3.09274876,266530.389989792,1
1790094120000,2026-09-22T16:22:00+00:00,86201.9,86222,86149.9,86149.9,2.58753084,223039.415740188,1
1790094180000,2026-09-22T16:23:00+00:00,86149.9,86200,86130,86165,5.52678486,476248.770766488,1
1790094240000,2026-09-22T16:24:00+00:00,86170.5,86234.4,86170.5,86234.4,3.66398336,315831.654178544,1
1790094300000,2026-09-22T16:25:00+00:00,86234.4,86299.9,86234.3,86252.4,4.92921843,425298.619688798,1
1790094360000,2026-09-22T16:26:00+00:00,86252.3,86252.3,86160.8,86160.8,2.83181417,244098.385704837,1
1790094420000,2026-09-22T16:27:00+00:00,86160.9,86160.9,86095.9,86145.7,4.33325732,373190.177987688,1
1790094480000,2026-09-22T16:28:00+00:00,86145.8,86149.4,86083.1,86083.1,3.14346196,270765.202807601,1
1790094540000,2026-09-22T16:29:00+00:00,86083.1,86143.5,86083.1,86095.8,6.97834286,600877.615420332,1
1790094600000,2026-09-22T16:30:00+00:00,86100,86182.7,86091.6,86138,2.44076331,210266.344312286,1
1790094660000,2026-09-22T16:31:00+00:00,86138.1,86157.1,86078.8,86112.4,4.8349276,416314.484445205,1
1790094720000,2026-09-22T16:32:00+00:00,86112.4,86157.7,86101.9,86109.8,7.85526341,676575.898800298,1
1790094780000,2026-09-22T16:33:00+00:00,86109.7,86142,86075.6,86142,3.02651919,260553.034395145,1
1790094840000,2026-09-22T16:34:00+00:00,86142,86196.6,86093.6,86163.3,11.46992771,988443.597338953,1
1790094900000,2026-09-22T16:35:00+00:00,86162.4,86171,86121.4,86135,4.25300331,366369.914888206,1
1790094960000,2026-09-22T16:36:00+00:00,86135.1,86184.7,86130.8,86184.6,5.02855734,433289.354606736,1
1790095020000,2026-09-22T16:37:00+00:00,86184.7,86207.7,86178.4,86178.4,3.51421065,302928.8503282,1
1790095080000,2026-09-22T16:38:00+00:00,86178.4,86204.2,86178.4,86204.2,1.78796122,154102.330458046,1
1790095140000,2026-09-22T16:39:00+00:00,86204.2,86230.1,86203.4,86207.3,2.00187922,172588.908294287,1
1790095200000,2026-09-22T16:40:00+00:00,86207.4,86247.3,86204.8,86247.2,4.72695301,407642.94009487,1
1790095260000,2026-09-22T16:41:00+00:00,86247.2,86282.6,86247.2,86252.6,1.16055371,100125.998388332,1
1790095320000,2026-09-22T16:42:00+00:00,86252.6,86264.2,86165.5,86224.8,1.7570688,151482.961112156,1
1790095380000,2026-09-22T16:43:00+00:00,86232.4,86254.4,86232.4,86254.4,0.675288,58243.480610396,1
1790095440000,2026-09-22T16:44:00+00:00,86254.3,86292.6,86234.7,86234.8,5.33445672,460222.065726242,1
1790095500000,2026-09-22T16:45:00+00:00,86234.8,86284.6,86217.5,86276.4,1.41442225,121981.799620765,1
1790095560000,2026-09-22T16:46:00+00:00,86276.3,86296.1,86243.3,86243.3,3.43839707,296690.823759395,1
1790095620000,2026-09-22T16:47:00+00:00,86243.3,86244.8,86230.1,86230.8,0.60319086,52018.954090641,1
1790095680000,2026-09-22T16:48:00+00:00,86230.8,86351.8,86210,86288.9,6.12216315,528307.936223721,1
1790095740000,2026-09-22T16:49:00+00:00,86288.3,86414.2,86278.1,86405.2,4.35029215,375773.431273864,1
1790095800000,2026-09-22T16:50:00+00:00,86400.5,86466.9,86377.9,86450.9,4.85873608,419820.549340474,1
1790095860000,2026-09-22T16:51:00+00:00,86450.8,86595.9,86447.1,86578.5,11.77563794,1019183.347847474,1
1790095920000,2026-09-22T16:52:00+00:00,86578.5,86578.5,86500.3,86542.7,10.97086515,949376.579948148,1
1790095980000,2026-09-22T16:53:00+00:00,86542.8,86562.2,86487.5,86499.9,3.85984753,334031.75628724,1
1790096040000,2026-09-22T16:54:00+00:00,86499.9,86570.9,86479.5,86558,4.47289177,387018.745683174,1
1790096100000,2026-09-22T16:55:00+00:00,86558,86563.8,86501.5,86501.6,3.39312071,293624.992273541,1
1790096160000,2026-09-22T16:56:00+00:00,86501.6,86515.3,86465.5,86513.2,3.45013232,298409.281640385,1
1790096220000,2026-09-22T16:57:00+00:00,86513.1,86513.1,86498.7,86505.3,1.32575276,114682.493950035,1
1790096280000,2026-09-22T16:58:00+00:00,86505.2,86505.2,86434.2,86465.7,13.00962235,1125039.861748204,1
1790096340000,2026-09-22T16:59:00+00:00,86465.7,86472.5,86418.3,86422.1,4.473625,386743.044614283,1
1790096400000,2026-09-22T17:00:00+00:00,86422.1,86443.5,86378.7,86389.5,6.03037549,521032.845292272,1
1790096460000,2026-09-22T17:01:00+00:00,86389.6,86507.7,86388.4,86497.3,6.67956515,577517.341846092,1
1790096520000,2026-09-22T17:02:00+00:00,86497.3,86531.4,86479.7,86520.3,2.5970169,224671.213243065,1
1790096580000,2026-09-22T17:03:00+00:00,86522.1,86563.8,86522.1,86563.7,2.87931327,249193.36420505,1
1790096640000,2026-09-22T17:04:00+00:00,86563.8,86566.5,86478.9,86478.9,5.39861739,467056.239283054,1
1790096700000,2026-09-22T17:05:00+00:00,86477.1,86526.2,86472.8,86514.1,1.87013373,161769.899887234,1
1790096760000,2026-09-22T17:06:00+00:00,86514.7,86521.1,86464.5,86492.2,3.27988066,283674.552526111,1
1790096820000,2026-09-22T17:07:00+00:00,86494.2,86496.1,86487.2,86493.1,2.84463051,246034.19429796,1
1790096880000,2026-09-22T17:08:00+00:00,86492.5,86492.5,86429.5,86443.8,2.14388924,185373.260219153,1
1790096940000,2026-09-22T17:09:00+00:00,86443.7,86466.6,86425.3,86456,2.05780162,177870.784440646,1
1790097000000,2026-09-22T17:10:00+00:00,86456.1,86496.1,86456.1,86474,5.17368113,447426.505423227,1
1790097060000,2026-09-22T17:11:00+00:00,86474.7,86552.1,86474.6,86535.2,2.67828416,231757.84673613,1
1790097120000,2026-09-22T17:12:00+00:00,86535.2,86562.8,86404,86409,14.31201296,1237473.557830087,1
1790097180000,2026-09-22T17:13:00+00:00,86409.8,86449.9,86391.2,86417.2,11.4261219,987353.989700691,1
1790097240000,2026-09-22T17:14:00+00:00,86417.1,86458.2,86400.1,86421.5,3.90286638,337379.463190456,1
1790097300000,2026-09-22T17:15:00+00:00,86421.4,86499.5,86421.4,86474.3,1.64008669,141824.851976651,1
1790097360000,2026-09-22T17:16:00+00:00,86480.7,86497.3,86430.1,86430.1,6.36767931,550679.555409307,1
1790097420000,2026-09-22T17:17:00+00:00,86430.2,86440.2,86286.2,86304.2,9.40063146,811796.515772269,1
1790097480000,2026-09-22T17:18:00+00:00,86304.3,86312.8,86256,86258,6.09676159,526010.67397656,1
1790097540000,2026-09-22T17:19:00+00:00,86258,86380.6,86257.9,86380.5,10.50537275,906642.640637418,1
1790097600000,2026-09-22T17:20:00+00:00,86380.5,86432.1,86380.5,86396.9,3.95390486,341708.137844168,1
1790097660000,2026-09-22T17:21:00+00:00,86396.9,86421.2,86393.3,86421.2,1.73497353,149913.342042762,1
1790097720000,2026-09-22T17:22:00+00:00,86421.2,86466.2,86421.2,86466.1,2.42802322,209880.208879399,1
1790097780000,2026-09-22T17:23:00+00:00,86466.1,86500,86463.7,86482.3,1.87221672,161901.733124335,1
1790097840000,2026-09-22T17:24:00+00:00,86483.8,86500,86473.8,86500,2.59108987,224116.05491547,1
1790097900000,2026-09-22T17:25:00+00:00,86500,86520.4,86500,86520.3,0.34167493,29559.407876492,1
1790097960000,2026-09-22T17:26:00+00:00,86520.3,86536.1,86503.1,86535.5,0.55588243,48091.904927452,1
1790098020000,2026-09-22T17:27:00+00:00,86535.4,86535.4,86512.8,86535.4,0.94006013,81339.900691534,1
1790098080000,2026-09-22T17:28:00+00:00,86531.9,86550,86531.9,86550,0.31096284,26910.950978064,1
1790098140000,2026-09-22T17:29:00+00:00,86550,86592.3,86548.5,86592.3,2.8099855,243252.989407162,1
1790098200000,2026-09-22T17:30:00+00:00,86592.5,86607.7,86542.7,86601.4,4.16147274,360315.614022494,1
1790098260000,2026-09-22T17:31:00+00:00,86598.9,86616.8,86563.3,86610.8,2.95358194,255806.24395104,1
1790098320000,2026-09-22T17:32:00+00:00,86612.3,86620,86594,86599.4,0.47915226,41499.190661932,1
1790098380000,2026-09-22T17:33:00+00:00,86599.4,86630,86582.1,86626.2,1.13488788,98290.787154848,1
1790098440000,2026-09-22T17:34:00+00:00,86629.9,86634.2,86567.5,86583.2,5.93792881,514247.531144701,1
1790098500000,2026-09-22T17:35:00+00:00,86580.8,86610.3,86579,86587.4,5.98798201,518552.0119529,1
1790098560000,2026-09-22T17:36:00+00:00,86587.9,86592.4,86559,86559.1,0.89521566,77497.803582391,1
1790098620000,2026-09-22T17:37:00+00:00,86559,86559,86473.8,86499.6,6.23273514,539199.213849596,1
1790098680000,2026-09-22T17:38:00+00:00,86499.5,86516.3,86498.2,86508.3,1.20171617,103953.728429277,1
1790098740000,2026-09-22T17:39:00+00:00,86508.3,86530,86458.5,86463,8.84379238,764818.962862047,1
1790098800000,2026-09-22T17:40:00+00:00,86463.7,86491.6,86456.1,86478.8,1.95832041,169347.91571374,1
1790098860000,2026-09-22T17:41:00+00:00,86484.2,86521.4,86484.2,86520.1,1.28642197,111287.22178454,1
1790098920000,2026-09-22T17:42:00+00:00,86520.1,86529.9,86456,86527.7,4.19584712,362921.942380204,1
1790098980000,2026-09-22T17:43:00+00:00,86528.8,86561.7,86479.6,86484.5,10.79328822,934047.378791575,1
1790099040000,2026-09-22T17:44:00+00:00,86484.6,86486.9,86444.8,86484.4,4.29197364,371108.401576409,1
1790099100000,2026-09-22T17:45:00+00:00,86486.9,86502,86476.1,86476.1,1.21602929,105175.111821171,1
1790099160000,2026-09-22T17:46:00+00:00,86476.1,86476.1,86417.6,86434.4,1.40840216,121734.095845282,1
1790099220000,2026-09-22T17:47:00+00:00,86434.4,86472.1,86427.3,86470.3,2.04793657,177033.414939851,1
1790099280000,2026-09-22T17:48:00+00:00,86470.3,86537.5,86416.4,86537.5,7.77694833,672358.74467994,1
1790099340000,2026-09-22T17:49:00+00:00,86537.5,86545.2,86473.6,86478.9,1.60553696,138912.61939225,1
1790099400000,2026-09-22T17:50:00+00:00,86481.2,86494.3,86459.7,86459.7,2.18584851,189037.264957907,1
1790099460000,2026-09-22T17:51:00+00:00,86459.6,86459.6,86416.7,86432.8,0.6931894,59916.500296313,1
1790099520000,2026-09-22T17:52:00+00:00,86432.8,86591.8,86432.7,86575.8,4.92456931,426099.539939656,1
1790099580000,2026-09-22T17:53:00+00:00,86575.7,86575.7,86495.4,86514.3,3.74098779,323720.062073373,1
1790099640000,2026-09-22T17:54:00+00:00,86514.3,86612.2,86514.2,86530.9,8.78070157,760088.053508381,1
1790099700000,2026-09-22T17:55:00+00:00,86530.9,86594.4,86477.2,86592.3,6.58976303,570269.186018964,1
1790099760000,2026-09-22T17:56:00+00:00,86591.4,86625.1,86589.1,86625,5.87580593,508850.137718917,1
1790099820000,2026-09-22T17:57:00+00:00,86625,86633.3,86590.8,86625.7,5.66239969,490466.864729886,1
1790099880000,2026-09-22T17:58:00+00:00,86625.7,86664.2,86618.3,86652.5,3.59192512,311200.683354029,1
1790099940000,2026-09-22T17:59:00+00:00,86652.5,86652.6,86558.8,86579.3,5.48822837,475287.173798137,1
1790100000000,2026-09-22T18:00:00+00:00,86580,86612.1,86549.7,86566.8,3.61531974,312981.945972389,1
1790100060000,2026-09-22T18:01:00+00:00,86566.7,86571.4,86533,86569.4,1.7279716,149549.226746299,1
1790100120000,2026-09-22T18:02:00+00:00,86569.4,86573,86533,86565.4,1.66398102,144021.388176808,1
1790100180000,2026-09-22T18:03:00+00:00,86565.4,86598.8,86557.1,86591.6,1.21203848,104944.758095692,1
1790100240000,2026-09-22T18:04:00+00:00,86591.5,86631.3,86571.2,86591.3,7.53958557,652981.599404812,1
1790100300000,2026-09-22T18:05:00+00:00,86591.4,86623,86544.6,86562.6,5.96070091,516122.432717716,1
1790100360000,2026-09-22T18:06:00+00:00,86567.3,86576,86527.7,86544.2,5.14694094,445504.813634888,1
1790100420000,2026-09-22T18:07:00+00:00,86544.2,86544.3,86498.1,86518.2,4.94025162,427379.803414078,1
1790100480000,2026-09-22T18:08:00+00:00,86518.2,86538,86497.7,86527.1,2.89697726,250642.096671147,1
1790100540000,2026-09-22T18:09:00+00:00,86527.2,86527.5,86506,86506,0.97387279,84259.783868827,1
1790100600000,2026-09-22T18:10:00+00:00,86506,86510.3,86449.4,86449.4,4.12120986,356374.667835256,1
1790100660000,2026-09-22T18:11:00+00:00,86449.3,86527.5,86449.2,86520.2,7.77793515,672630.552466258,1
1790100720000,2026-09-22T18:12:00+00:00,86520.3,86573.3,86520.3,86559.9,0.94968102,82185.907520084,1
1790100780000,2026-09-22T18:13:00+00:00,86560,86622.1,86541.7,86618.2,0.7413847,64187.607353899,1
1790100840000,2026-09-22T18:14:00+00:00,86618.2,86652,86521.9,86531,5.00374039,433327.28582851,1
1790100900000,2026-09-22T18:15:00+00:00,86531.1,86596.9,86531.1,86587.8,1.28540056,111282.314552659,1
1790100960000,2026-09-22T18:16:00+00:00,86593.5,86640.9,86593.5,86635.6,2.33204791,202010.49880986,1
1790101020000,2026-09-22T18:17:00+00:00,86635.6,86646.7,86616.7,86638.8,0.6857414,59407.924984561,1
1790101080000,2026-09-22T18:18:00+00:00,86638.9,86647.5,86625.9,86632.1,1.61978306,140341.980862215,1
1790101140000,2026-09-22T18:19:00+00:00,86632.2,86636.1,86572.5,86575.8,2.0583424,178229.849308256,1
1790101200000,2026-09-22T18:20:00+00:00,86572.5,86572.9,86540.6,86572.9,2.08063175,180095.568939603,1
1790101260000,2026-09-22T18:21:00+00:00,86572.8,86592,86475.8,86482.3,5.51147995,476957.929825119,1
1790101320000,2026-09-22T18:22:00+00:00,86482.8,86510.7,86476.8,86499.6,1.97988456,171264.704478971,1
1790101380000,2026-09-22T18:23:00+00:00,86500.5,86533.3,86500.5,86526.9,0.90262256,78092.454124266,1
1790101440000,2026-09-22T18:24:00+00:00,86526.9,86539.4,86468.8,86468.9,2.8791331,249054.562278602,1
1790101500000,2026-09-22T18:25:00+00:00,86468.9,86468.9,86352.6,86376,4.7710694,412346.646850068,1
1790101560000,2026-09-22T18:26:00+00:00,86377.8,86378.4,86332.2,86378.4,2.2978464,198417.760185787,1
1790101620000,2026-09-22T18:27:00+00:00,86378.3,86396.5,86319.3,86332.9,8.05213491,695500.555051448,1
1790101680000,2026-09-22T18:28:00+00:00,86332.9,86350.3,86309.5,86319.3,2.75074143,237461.82968512,1
1790101740000,2026-09-22T18:29:00+00:00,86318.2,86369.6,86278.2,86289.2,7.43071147,641558.714419022,1
1790101800000,2026-09-22T18:30:00+00:00,86289.2,86318,86263,86263,8.75396585,755328.351439993,1
1790101860000,2026-09-22T18:31:00+00:00,86263,86310.4,86257.7,86281.9,10.1218267,873259.033702081,1
1790101920000,2026-09-22T18:32:00+00:00,86284.5,86311.9,86241,86285.3,8.10920663,699632.290007557,1
1790101980000,2026-09-22T18:33:00+00:00,86285.6,86322,86285.6,86298.1,5.39664909,465776.494082522,1
1790102040000,2026-09-22T18:34:00+00:00,86298.1,86346.8,86275.8,86322.2,2.55910233,220894.287358034,1
1790102100000,2026-09-22T18:35:00+00:00,86322.3,86363,86310.6,86363,3.37952136,291732.887456306,1
1790102160000,2026-09-22T18:36:00+00:00,86363.1,86400,86281.3,86304.4,6.55727548,566293.726366784,1
1790102220000,2026-09-22T18:37:00+00:00,86296.4,86358.9,86296.4,86349.7,0.75403025,65097.537660095,1
1790102280000,2026-09-22T18:38:00+00:00,86349.8,86405,86349.8,86404.9,3.26010847,281596.98882884,1
1790102340000,2026-09-22T18:39:00+00:00,86405,86427.1,86389,86425.1,1.62673458,140555.428620235,1
1790102400000,2026-09-22T18:40:00+00:00,86425.2,86432.6,86411.6,86432.2,0.76399117,66026.54314441,1
1790102460000,2026-09-22T18:41:00+00:00,86432.2,86443.6,86388.2,86425.8,1.2475888,107822.146871998,1
1790102520000,2026-09-22T18:42:00+00:00,86425.8,86452.1,86425.8,86443.8,0.40810408,35274.619572288,1
1790102580000,2026-09-22T18:43:00+00:00,86444.5,86450,86395.4,86430,1.74565527,150876.91437519,1
1790102640000,2026-09-22T18:44:00+00:00,86431.9,86431.9,86405.2,86409.8,0.82126563,70978.030376488,1
1790102700000,2026-09-22T18:45:00+00:00,86409.8,86453.1,86409.8,86453.1,0.57293868,49517.166566387,1
1790102760000,2026-09-22T18:46:00+00:00,86454.1,86486.5,86454.1,86473.1,1.33947303,115816.792464957,1
1790102820000,2026-09-22T18:47:00+00:00,86472.4,86486.9,86455.9,86486.9,0.55953411,48384.525237412,1
1790102880000,2026-09-22T18:48:00+00:00,86486.9,86531.1,86486.9,86526.8,1.02006867,88252.958519185,1
1790102940000,2026-09-22T18:49:00+00:00,86530.4,86565.7,86500.4,86505.2,2.78847666,241278.751533843,1
1790103000000,2026-09-22T18:50:00+00:00,86506.6,86517.1,86462.7,86467.6,1.19736082,103557.053868261,1
1790103060000,2026-09-22T18:51:00+00:00,86468.2,86492.2,86468.1,86492.2,0.8749807,75675.672795861,1
1790103120000,2026-09-22T18:52:00+00:00,86492.3,86512.6,86468.5,86512.6,5.44147183,470666.179033239,1
1790103180000,2026-09-22T18:53:00+00:00,86512.6,86520.3,86482.1,86520.2,5.1477504,445289.422016381,1
1790103240000,2026-09-22T18:54:00+00:00,86520.3,86543.8,86503.4,86527.4,4.30089483,372127.483866626,1
1790103300000,2026-09-22T18:55:00+00:00,86526,86587.4,86503.4,86505.4,17.06106704,1476767.492987655,1
1790103360000,2026-09-22T18:56:00+00:00,86505.4,86524.5,86505.4,86514.9,1.24524819,107734.542613267,1
1790103420000,2026-09-22T18:57:00+00:00,86514.9,86555.2,86514.9,86533.8,1.53736123,133034.717865304,1
1790103480000,2026-09-22T18:58:00+00:00,86533.3,86533.3,86492.7,86503.3,4.67369795,404362.322708789,1
1790103540000,2026-09-22T18:59:00+00:00,86501.5,86520.3,86458.2,86458.2,6.43773657,556784.967575807,1
1790103600000,2026-09-22T19:00:00+00:00,86458.3,86493.8,86455.7,86493.8,1.70951578,147824.26322409,1
1790103660000,2026-09-22T19:01:00+00:00,86493.8,86526.2,86493.8,86526.2,0.93399118,80797.762669661,1
1790103720000,2026-09-22T19:02:00+00:00,86526.2,86526.2,86466.7,86498.7,2.12601979,183888.158273567,1
1790103780000,2026-09-22T19:03:00+00:00,86497.6,86498.5,86400,86413,3.63920695,314634.480291922,1
1790103840000,2026-09-22T19:04:00+00:00,86416.5,86476.9,86416.1,86476.9,0.40067432,34634.133906299,1
1790103900000,2026-09-22T19:05:00+00:00,86476.8,86488.9,86425.6,86442.4,1.70951348,147788.674824261,1
1790103960000,2026-09-22T19:06:00+00:00,86445.4,86519.6,86445.4,86516.8,1.32821816,114883.247081394,1
1790104020000,2026-09-22T19:07:00+00:00,86517.3,86519.6,86451.3,86495.7,1.95714597,169266.416962646,1
1790104080000,2026-09-22T19:08:00+00:00,86495.8,86496.3,86456.8,86485.5,3.58485408,310006.897251667,1
1790104140000,2026-09-22T19:09:00+00:00,86485.4,86511.8,86463.1,86511.7,1.30912156,113209.482997867,1
1790104200000,2026-09-22T19:10:00+00:00,86511.8,86526.2,86493.6,86493.6,3.01449211,260754.726553308,1
1790104260000,2026-09-22T19:11:00+00:00,86493.6,86521.9,86486.4,86520.7,3.31080659,286400.497588882,1
1790104320000,2026-09-22T19:12:00+00:00,86520.7,86528.8,86505.3,86528.8,1.74928682,151336.202867266,1
1790104380000,2026-09-22T19:13:00+00:00,86528.8,86535.9,86455.1,86481.9,8.04305406,695766.085052329,1
1790104440000,2026-09-22T19:14:00+00:00,86482,86512.5,86455,86485.7,6.01455149,520221.735385916,1
1790104500000,2026-09-22T19:15:00+00:00,86486,86520.5,86486,86520.5,1.06488675,92118.609204859,1
1790104560000,2026-09-22T19:16:00+00:00,86522.5,86571.2,86522.5,86571.1,5.62503691,486809.583927729,1
1790104620000,2026-09-22T19:17:00+00:00,86571.2,86571.2,86515,86527.6,7.4253332,642689.618631923,1
1790104680000,2026-09-22T19:18:00+00:00,86527.6,86547.7,86510.6,86540.4,2.63101165,227651.491507816,1
1790104740000,2026-09-22T19:19:00+00:00,86540.4,86559.5,86536.8,86537.2,2.41273647,208811.503207143,1
1790104800000,2026-09-22T19:20:00+00:00,86536.9,86540.4,86490,86510.2,2.65779256,229913.29080745,1
1790104860000,2026-09-22T19:21:00+00:00,86513.1,86518.4,86477.9,86478,1.83059364,158338.166597708,1
1790104920000,2026-09-22T19:22:00+00:00,86478,86488.8,86465.9,86465.9,5.57336826,481996.763324425,1
1790104980000,2026-09-22T19:23:00+00:00,86463,86491.7,86437.1,86475.4,3.12334465,270087.817206199,1
1790105040000,2026-09-22T19:24:00+00:00,86475.4,86515.3,86462.8,86490.8,4.43389146,383454.366225219,1
1790105100000,2026-09-22T19:25:00+00:00,86491.8,86549.2,86480.3,86544.6,2.5890248,223996.743316425,1
1790105160000,2026-09-22T19:26:00+00:00,86549.1,86549.1,86517.1,86520.3,5.29130379,457843.238895806,1
1790105220000,2026-09-22T19:27:00+00:00,86520.3,86567.1,86520.3,86567.1,1.70504933,147548.769319757,1
1790105280000,2026-09-22T19:28:00+00:00,86567.1,86590.9,86513.1,86513.1,6.43935094,557362.934567726,1
1790105340000,2026-09-22T19:29:00+00:00,86513.1,86536.5,86466.1,86536.4,3.96112076,342646.268228053,1
1790105400000,2026-09-22T19:30:00+00:00,86536.4,86536.4,86474.1,86483.9,2.04010694,176474.46329406,1
1790105460000,2026-09-22T19:31:00+00:00,86483.8,86483.8,86466,86466,5.49730312,475334.27779782,1
1790105520000,2026-09-22T19:32:00+00:00,86466,86466,86435.2,86449.3,5.17377877,447283.426112927,1
1790105580000,2026-09-22T19:33:00+00:00,86449.2,86449.2,86360.8,86375.8,4.43995771,383719.033337752,1
1790105640000,2026-09-22T19:34:00+00:00,86375.7,86471.9,86356.7,86471.9,7.12292065,615421.738473515,1
1790105700000,2026-09-22T19:35:00+00:00,86471.9,86501.7,86443.8,86445.4,19.93595023,1724150.267830122,1
1790105760000,2026-09-22T19:36:00+00:00,86443.7,86443.7,86363.6,86380.1,6.36035747,549526.451412861,1
1790105820000,2026-09-22T19:37:00+00:00,86380.4,86399.7,86273.9,86279.6,2.95067155,254765.920317066,1
1790105880000,2026-09-22T19:38:00+00:00,86279.6,86300.9,86279.5,86287.9,5.04149624,435000.01425754,1
1790105940000,2026-09-22T19:39:00+00:00,86291.3,86355.8,86285.1,86342.4,5.54524269,478681.755338109,1
1790106000000,2026-09-22T19:40:00+00:00,86342.4,86398,86333.3,86397.9,3.7667756,325321.917496203,1
1790106060000,2026-09-22T19:41:00+00:00,86397.9,86399.3,86341,86376.7,2.93229523,253265.606809507,1
1790106120000,2026-09-22T19:42:00+00:00,86374.4,86434,86374.3,86434,4.53878719,392188.321014555,1
1790106180000,2026-09-22T19:43:00+00:00,86433.9,86433.9,86326.7,86368.9,10.97321161,947963.924198774,1
1790106240000,2026-09-22T19:44:00+00:00,86368.8,86400.9,86350.2,86383.5,2.91505782,251774.890448359,1
1790106300000,2026-09-22T19:45:00+00:00,86383.6,86410.2,86366,86366.7,2.20956632,190891.687849607,1
1790106360000,2026-09-22T19:46:00+00:00,86366.7,86392.3,86358.1,86358.1,2.75443452,237915.048935445,1
1790106420000,2026-09-22T19:47:00+00:00,86357.4,86357.4,86297.2,86307.7,3.63647737,313939.621378432,1
1790106480000,2026-09-22T19:48:00+00:00,86309.2,86353.3,86307.4,86324.7,1.70429133,147131.411862377,1
1790106540000,2026-09-22T19:49:00+00:00,86324.8,86359.4,86321.8,86338.5,0.83281237,71902.075074101,1
1790106600000,2026-09-22T19:50:00+00:00,86336.8,86336.8,86281.9,86299.2,3.24619342,280180.296065385,1
1790106660000,2026-09-22T19:51:00+00:00,86298.4,86298.4,86259.5,86274.4,2.20467104,190209.726387544,1
1790106720000,2026-09-22T19:52:00+00:00,86274.3,86300.7,86262,86275.6,2.41426193,208313.949139665,1
1790106780000,2026-09-22T19:53:00+00:00,86275.7,86275.7,86206.6,86209.5,3.22579898,278193.079458687,1
1790106840000,2026-09-22T19:54:00+00:00,86207.4,86212.9,86170.5,86170.5,8.88870015,766181.494017654,1
1790106900000,2026-09-22T19:55:00+00:00,86170.5,86183.9,86155,86177.7,2.97531522,256367.198748691,1
1790106960000,2026-09-22T19:56:00+00:00,86177.7,86192.9,86150.2,86189.8,4.29412549,370062.674514775,1
1790107020000,2026-09-22T19:57:00+00:00,86189.8,86239.5,86189.8,86239.5,0.66937989,57712.175611862,1
1790107080000,2026-09-22T19:58:00+00:00,86239.5,86276.5,86210.7,86228.9,5.26947958,454455.563120316,1
1790107140000,2026-09-22T19:59:00+00:00,86229,86244,86184,86201.2,6.96641055,600524.844746932,1
1790107200000,2026-09-22T20:00:00+00:00,86201.2,86240.8,86201.1,86213.2,1.40186552,120875.245507818,1
1790107260000,2026-09-22T20:01:00+00:00,86213.2,86213.2,86159.6,86159.7,1.66629623,143591.245118504,1
1790107320000,2026-09-22T20:02:00+00:00,86159.6,86189.2,86136.4,86188.4,3.63495436,313148.989352916,1
1790107380000,2026-09-22T20:03:00+00:00,86188.4,86241.1,86181.6,86240.2,0.76363798,65832.025533167,1
1790107440000,2026-09-22T20:04:00+00:00,86241.1,86264.2,86237.3,86264.2,0.94887468,81845.424372084,1
1790107500000,2026-09-22T20:05:00+00:00,86264.1,86280.1,86240.1,86246.7,3.23816655,279337.006159116,1
1790107560000,2026-09-22T20:06:00+00:00,86247.1,86266.2,86191.3,86191.3,4.52808728,390470.451513909,1
1790107620000,2026-09-22T20:07:00+00:00,86188.2,86252.3,86188.2,86248.5,2.13207953,183823.86938859,1
1790107680000,2026-09-22T20:08:00+00:00,86248.6,86264,86248.6,86258.6,0.40064528,34560.267346468,1
1790107740000,2026-09-22T20:09:00+00:00,86258.7,86277.2,86231.5,86231.5,1.46024922,125970.252031569,1
1790107800000,2026-09-22T20:10:00+00:00,86231.6,86258.1,86219,86248.6,4.91451474,423846.856033164,1
1790107860000,2026-09-22T20:11:00+00:00,86248.6,86262.5,86171.1,86209.6,5.85612936,504897.420197103,1
1790107920000,2026-09-22T20:12:00+00:00,86207.6,86242.3,86206.7,86242.3,0.38362948,33077.481437098,1
1790107980000,2026-09-22T20:13:00+00:00,86236.8,86242.2,86223.8,86223.8,0.65917355,56848.015079303,1
1790108040000,2026-09-22T20:14:00+00:00,86223.9,86232.6,86207,86210.3,0.80525613,69426.04237784,1
1790108100000,2026-09-22T20:15:00+00:00,86212.3,86241.1,86207.1,86235.5,0.55872507,48176.393800786,1
1790108160000,2026-09-22T20:16:00+00:00,86235.5,86242.3,86200.9,86209,0.99612786,85888.814356876,1
1790108220000,2026-09-22T20:17:00+00:00,86209.1,86230.1,86200.4,86200.4,0.88710183,76486.478891116,1
1790108280000,2026-09-22T20:18:00+00:00,86200.5,86251,86200.5,86251,0.3786803,32651.075605653,1
1790108340000,2026-09-22T20:19:00+00:00,86252.1,86254.8,86231.5,86231.5,0.13998801,12073.655494654,1
1790108400000,2026-09-22T20:20:00+00:00,86231.5,86267.1,86231.5,86267.1,0.524226,45210.914597242,1
1790108460000,2026-09-22T20:21:00+00:00,86267.1,86281.3,86267,86281.2,0.20750049,17902.284383057,1
1790108520000,2026-09-22T20:22:00+00:00,86281.3,86283.9,86261.3,86279.1,0.28981025,25003.800765459,1
1790108580000,2026-09-22T20:23:00+00:00,86279.1,86285.3,86279,86284.3,0.19703311,17000.549863493,1
1790108640000,2026-09-22T20:24:00+00:00,86284.5,86328.4,86284.5,86319.8,3.15224386,272064.048682009,1
1790108700000,2026-09-22T20:25:00+00:00,86318.2,86328.9,86318.1,86326.4,1.03303961,89171.970364695,1
1790108760000,2026-09-22T20:26:00+00:00,86326.4,86340.1,86318,86328.5,4.38144287,378256.668934109,1
1790108820000,2026-09-22T20:27:00+00:00,86328.5,86328.5,86311.3,86317.6,1.62588445,140346.148440765,1
1790108880000,2026-09-22T20:28:00+00:00,86317.6,86317.6,86299.2,86303.3,0.97111449,83816.432579165,1
1790108940000,2026-09-22T20:29:00+00:00,86303.3,86380.6,86301.2,86344.3,6.92140027,597642.975024439,1
1790109000000,2026-09-22T20:30:00+00:00,86344.3,86344.3,86300.9,86300.9,1.8405254,158888.3361391,1
1790109060000,2026-09-22T20:31:00+00:00,86301,86301,86247.2,86247.3,1.00532191,86719.586393211,1
1790109120000,2026-09-22T20:32:00+00:00,86247.3,86250.8,86240.1,86240.2,1.31199187,113154.982286112,1
1790109180000,2026-09-22T20:33:00+00:00,86240.2,86322.1,86239.1,86322.1,6.31277384,544537.283219012,1
1790109240000,2026-09-22T20:34:00+00:00,86322.2,86339.5,86309.1,86333.8,2.80836584,242417.67887334,1
1790109300000,2026-09-22T20:35:00+00:00,86333.7,86335.3,86329.4,86335.3,0.1968061,16990.334410786,1
1790109360000,2026-09-22T20:36:00+00:00,86335.2,86371.8,86335.2,86358,1.36702996,118066.203228298,1
1790109420000,2026-09-22T20:37:00+00:00,86358,86361.6,86336,86343.1,0.98219212,84812.544889429,1
1790109480000,2026-09-22T20:38:00+00:00,86342.8,86346.8,86342.8,86346.8,0.34466202,29759.310420971,1
1790109540000,2026-09-22T20:39:00+00:00,86346.8,86346.8,86342.9,86346.8,0.14374828,12412.150472366,1
1790109600000,2026-09-22T20:40:00+00:00,86346.8,86346.8,86342.9,86346.7,0.09584196,8275.608410627,1
1790109660000,2026-09-22T20:41:00+00:00,86346.8,86346.8,86335.9,86344.3,0.86780319,74927.603495006,1
1790109720000,2026-09-22T20:42:00+00:00,86344.3,86362.3,86344.3,86362.2,0.57998905,50084.654213502,1
1790109780000,2026-09-22T20:43:00+00:00,86362.2,86362.3,86332.2,86332.2,1.54488243,133398.884978838,1
1790109840000,2026-09-22T20:44:00+00:00,86332.2,86332.2,86315.1,86325.1,3.96331797,342129.730269028,1
1790109900000,2026-09-22T20:45:00+00:00,86325,86325,86265,86272.8,1.65545985,142849.487226472,1
1790109960000,2026-09-22T20:46:00+00:00,86272.8,86292,86272.8,86276.2,0.91006046,78525.876762661,1
1790110020000,2026-09-22T20:47:00+00:00,86275.6,86283.5,86275.5,86275.5,0.48800742,42105.81282678,1
1790110080000,2026-09-22T20:48:00+00:00,86274.2,86274.2,86250,86250,1.28070382,110474.05429585,1
1790110140000,2026-09-22T20:49:00+00:00,86250.1,86284,86250.1,86283.9,3.72167412,321012.619804942,1
1790110200000,2026-09-22T20:50:00+00:00,86284,86315.1,86283.9,86315,1.51246734,130510.355437715,1
1790110260000,2026-09-22T20:51:00+00:00,86315.1,86315.1,86279.3,86284.5,3.62606813,312920.899796142,1
1790110320000,2026-09-22T20:52:00+00:00,86284.5,86284.6,86253.3,86253.3,0.387209,33403.848127837,1
1790110380000,2026-09-22T20:53:00+00:00,86253.2,86253.3,86232.8,86237.1,0.55621678,47972.75597998,1
1790110440000,2026-09-22T20:54:00+00:00,86237.1,86246.7,86218.6,86218.7,3.79696709,327432.550841981,1
1790110500000,2026-09-22T20:55:00+00:00,86218.7,86242.5,86218.6,86242.5,0.98530018,84958.600564002,1
1790110560000,2026-09-22T20:56:00+00:00,86242.4,86242.4,86242.2,86242.2,0.24234422,20900.299875098,1
1790110620000,2026-09-22T20:57:00+00:00,86242.3,86264.6,86242.2,86242.6,2.18724378,188669.379465019,1
1790110680000,2026-09-22T20:58:00+00:00,86242.7,86248.7,86221,86248.7,2.23916601,193084.519218569,1
1790110740000,2026-09-22T20:59:00+00:00,86248.6,86266.4,86201.1,86266.4,9.51261274,820318.556390221,1
1790110800000,2026-09-22T21:00:00+00:00,86277.7,86281.8,86276.1,86276.1,0.83652882,72176.382884578,1
1790110860000,2026-09-22T21:01:00+00:00,86276,86316.6,86276,86316.6,1.60725693,138700.114426092,1
1790110920000,2026-09-22T21:02:00+00:00,86316.4,86345.6,86311.6,86345.5,1.69956919,146726.16353426,1
1790110980000,2026-09-22T21:03:00+00:00,86345.3,86354.8,86274.8,86296.5,7.34203225,633850.252119655,1
1790111040000,2026-09-22T21:04:00+00:00,86291.8,86308.2,86286.3,86286.3,1.34501329,116076.521184586,1
1790111100000,2026-09-22T21:05:00+00:00,86286.3,86292.4,86283.5,86288.5,1.16551554,100571.28770377,1
1790111160000,2026-09-22T21:06:00+00:00,86288.6,86292,86262.4,86262.5,1.00874139,87044.234174404,1
1790111220000,2026-09-22T21:07:00+00:00,86262.5,86288.9,86262.4,86288.9,0.67604155,58325.474481986,1
1790111280000,2026-09-22T21:08:00+00:00,86288.9,86305.5,86288.8,86305.5,0.36441203,31448.901233833,1
1790111340000,2026-09-22T21:09:00+00:00,86305.5,86328.8,86239.4,86239.4,5.10977271,441072.98648988,1
1790111400000,2026-09-22T21:10:00+00:00,86239.4,86268.4,86216.2,86244.5,1.29961963,112078.740405053,1
1790111460000,2026-09-22T21:11:00+00:00,86244.5,86272.9,86244.4,86272.9,0.77844323,67145.436129723,1
1790111520000,2026-09-22T21:12:00+00:00,86272.9,86272.9,86235.8,86238.4,1.0806716,93209.904825863,1
1790111580000,2026-09-22T21:13:00+00:00,86239.6,86274.9,86231.5,86263.4,6.62260137,571293.12043213,1
1790111640000,2026-09-22T21:14:00+00:00,86263.4,86270.1,86250,86260.8,1.09321497,94302.842660462,1
1790111700000,2026-09-22T21:15:00+00:00,86260.8,86260.9,86235.8,86235.8,0.39292781,33887.844974084,1
1790111760000,2026-09-22T21:16:00+00:00,86235.9,86236.9,86229.4,86229.4,0.30300851,26130.283965768,1
1790111820000,2026-09-22T21:17:00+00:00,86228.4,86261.2,86228.4,86261.1,1.14349652,98615.854998945,1
1790111880000,2026-09-22T21:18:00+00:00,86261.1,86261.2,86250.6,86250.6,1.05789163,91253.370939307,1
1790111940000,2026-09-22T21:19:00+00:00,86250.6,86250.6,86236.7,86236.7,0.62339138,53766.02059017,1
1790112000000,2026-09-22T21:20:00+00:00,86236.7,86259.6,86236.7,86256.3,1.27979306,110378.99463163,1
1790112060000,2026-09-22T21:21:00+00:00,86256.3,86256.3,86223.4,86231.6,2.52055406,217361.590354075,1
1790112120000,2026-09-22T21:22:00+00:00,86231.7,86231.7,86225.8,86225.8,0.63113228,54423.29729132,1
1790112180000,2026-09-22T21:23:00+00:00,86225.8,86231.5,86222.9,86231.4,1.21997026,105190.596402532,1
1790112240000,2026-09-22T21:24:00+00:00,86231.4,86237,86231.4,86237,0.27674142,23864.833493456,1
1790112300000,2026-09-22T21:25:00+00:00,86237,86237,86223.5,86223.5,0.30319508,26146.11188801,1
1790112360000,2026-09-22T21:26:00+00:00,86223.5,86230.1,86222.9,86222.9,0.26345429,22716.843195944,1
1790112420000,2026-09-22T21:27:00+00:00,86222.9,86256.8,86222.9,86245,3.33064577,287218.497796093,1
1790112480000,2026-09-22T21:28:00+00:00,86245,86264.6,86245,86264.5,0.32663429,28175.311256187,1
1790112540000,2026-09-22T21:29:00+00:00,86264.5,86275.7,86250,86250,4.32029523,372717.453209997,1
1790112600000,2026-09-22T21:30:00+00:00,86250.1,86255.2,86250,86255.2,0.41490654,35786.207745589,1
1790112660000,2026-09-22T21:31:00+00:00,86255.1,86290.1,86255.1,86290.1,0.73861877,63732.129171522,1
1790112720000,2026-09-22T21:32:00+00:00,86292.2,86298.9,86261.9,86291.9,3.81375544,329094.33744043,1
1790112780000,2026-09-22T21:33:00+00:00,86292,86292,86266.5,86274.5,1.10217174,95088.030977119,1
1790112840000,2026-09-22T21:34:00+00:00,86274.5,86276.2,86267.3,86276.1,0.93393799,80570.572110358,1
1790112900000,2026-09-22T21:35:00+00:00,86276.2,86296.4,86276.2,86296.4,1.05730968,91238.076590923,1
1790112960000,2026-09-22T21:36:00+00:00,86296.4,86315.4,86240,86302.3,7.35608144,634570.335564558,1
1790113020000,2026-09-22T21:37:00+00:00,86297.3,86297.3,86267.6,86267.6,0.49476453,42695.585203932,1
1790113080000,2026-09-22T21:38:00+00:00,86267.7,86273,86247.9,86256.3,1.07992384,93146.067105657,1
1790113140000,2026-09-22T21:39:00+00:00,86259.6,86259.7,86258.9,86259,0.16224256,13994.954070644,1
1790113200000,2026-09-22T21:40:00+00:00,86258.9,86258.9,86223.5,86230.1,1.18451754,102159.059144403,1
1790113260000,2026-09-22T21:41:00+00:00,86230.1,86230.2,86222.9,86223.8,0.63660775,54891.464143701,1
1790113320000,2026-09-22T21:42:00+00:00,86223.7,86223.8,86222.9,86222.9,3.42493811,295308.190046396,1
1790113380000,2026-09-22T21:43:00+00:00,86222.9,86223.1,86186.6,86202.2,3.95980329,341410.33091188,1
1790113440000,2026-09-22T21:44:00+00:00,86205.9,86233.2,86205.9,86214.2,0.8153479,70288.499541282,1
1790113500000,2026-09-22T21:45:00+00:00,86214.2,86240,86208.7,86240,2.34276211,201983.64176367,1
1790113560000,2026-09-22T21:46:00+00:00,86238.7,86285.6,86238.7,86273.1,0.4732662,40830.113477243,1
1790113620000,2026-09-22T21:47:00+00:00,86273.1,86299.9,86273.1,86299.9,0.25780287,22243.141708269,1
1790113680000,2026-09-22T21:48:00+00:00,86299.9,86307.9,86299.8,86307.9,0.01372311,1184.342723554,1
1790113740000,2026-09-22T21:49:00+00:00,86304.5,86314.2,86295.6,86314.1,0.11568177,9983.908819226,1
1790113800000,2026-09-22T21:50:00+00:00,86313.5,86313.5,86310.1,86310.3,0.28983985,25016.609939148,1
1790113860000,2026-09-22T21:51:00+00:00,86310.4,86318.3,86309.9,86309.9,0.10380306,8959.618181749,1
1790113920000,2026-09-22T21:52:00+00:00,86310,86310,86265,86265.1,0.88506098,76364.06645267,1
1790113980000,2026-09-22T21:53:00+00:00,86265.1,86265.1,86235,86247.5,1.00721026,86861.314033319,1
1790114040000,2026-09-22T21:54:00+00:00,86249.2,86249.2,86241.2,86247.1,1.04489019,90118.418756261,1
1790114100000,2026-09-22T21:55:00+00:00,86247.2,86247.2,86241.2,86247.2,0.15207982,13116.455217466,1
1790114160000,2026-09-22T21:56:00+00:00,86247.2,86274.9,86247.1,86274.8,1.70358012,146963.753135876,1
1790114220000,2026-09-22T21:57:00+00:00,86274.9,86284.4,86240.6,86240.6,3.82224013,329753.096258721,1
1790114280000,2026-09-22T21:58:00+00:00,86240.6,86240.7,86213.1,86213.2,0.5625654,48510.262061767,1
1790114340000,2026-09-22T21:59:00+00:00,86213.1,86213.2,86187,86188.9,1.23691826,106610.543475045,1
1790114400000,2026-09-22T22:00:00+00:00,86187.1,86288,86187.1,86288,5.96871371,514553.646028485,1
1790114460000,2026-09-22T22:01:00+00:00,86288.1,86306.5,86236.2,86236.2,4.74081471,409079.195630935,1
1790114520000,2026-09-22T22:02:00+00:00,86236.1,86236.1,86157,86157,3.07809164,265261.446355722,1
1790114580000,2026-09-22T22:03:00+00:00,86156.9,86173.7,86020,86173.7,18.01726366,1551027.975709341,1
1790114640000,2026-09-22T22:04:00+00:00,86173.8,86173.8,86067.4,86103.8,0.5241357,45138.360648592,1
1790114700000,2026-09-22T22:05:00+00:00,86107.9,86178.4,86097.8,86178.4,0.44302911,38159.245050771,1
1790114760000,2026-09-22T22:06:00+00:00,86178.5,86193.6,86173.2,86177.3,0.73384322,63245.184472109,1
1790114820000,2026-09-22T22:07:00+00:00,86175.8,86175.8,86123.8,86130.7,0.24329894,20956.727484221,1
1790114880000,2026-09-22T22:08:00+00:00,86130,86135.2,86076,86129,0.66713093,57438.508539622,1
1790114940000,2026-09-22T22:09:00+00:00,86130.6,86172.7,86096.8,86097.9,4.09315645,352531.718432193,1
1790115000000,2026-09-22T22:10:00+00:00,86097.9,86107.4,86071.6,86092.9,1.17019345,100737.557500836,1
1790115060000,2026-09-22T22:11:00+00:00,86092.8,86115.2,86063,86063,1.15956265,99824.530991457,1
1790115120000,2026-09-22T22:12:00+00:00,86061.5,86061.6,86001.8,86050.5,7.48481117,643940.111905812,1
1790115180000,2026-09-22T22:13:00+00:00,86050.4,86050.4,86006.9,86030.4,2.11321646,181791.451005697,1
1790115240000,2026-09-22T22:14:00+00:00,86028.4,86051.4,86028.4,86051.3,0.51073891,43946.837887698,1
1790115300000,2026-09-22T22:15:00+00:00,86051.3,86102.9,86030.4,86092,3.20312282,275641.108933903,1
1790115360000,2026-09-22T22:16:00+00:00,86092,86098.9,86050.1,86098.9,0.18114342,15590.195220375,1
1790115420000,2026-09-22T22:17:00+00:00,86104.7,86156,86104.7,86137,4.49921683,387556.639300504,1
1790115480000,2026-09-22T22:18:00+00:00,86137,86165.5,86121.1,86165.2,1.77332681,152788.467807366,1
1790115540000,2026-09-22T22:19:00+00:00,86165.6,86226.7,86136.7,86215.1,15.02471305,1294859.638202901,1
1790115600000,2026-09-22T22:20:00+00:00,86215.2,86222,86197.2,86197.3,0.37445949,32282.586050034,1
1790115660000,2026-09-22T22:21:00+00:00,86197.3,86205.8,86180.1,86205.8,0.29981411,25840.617146774,1
1790115720000,2026-09-22T22:22:00+00:00,86205.7,86231.1,86205.7,86227.1,0.80722039,69596.403296594,1
1790115780000,2026-09-22T22:23:00+00:00,86227.8,86227.9,86180,86183.1,0.33988857,29298.724543292,1
1790115840000,2026-09-22T22:24:00+00:00,86183.8,86187.7,86155.4,86182.2,0.55840509,48114.57501297,1
1790115900000,2026-09-22T22:25:00+00:00,86182.1,86206.7,86182.1,86202.2,0.41116197,35444.069847553,1
1790115960000,2026-09-22T22:26:00+00:00,86202.2,86216,86181.8,86214.5,0.72718516,62680.739828754,1
1790116020000,2026-09-22T22:27:00+00:00,86214.5,86214.5,86180.3,86181.1,0.23826819,20535.12329528,1
1790116080000,2026-09-22T22:28:00+00:00,86180.3,86180.3,86155.3,86168.3,0.20011681,17242.324329078,1
1790116140000,2026-09-22T22:29:00+00:00,86168.3,86181,86168.3,86169.6,0.06942151,5982.154546047,1
1790116200000,2026-09-22T22:30:00+00:00,86169.5,86189.4,86169.5,86187.8,1.26480925,109006.604805701,1
1790116260000,2026-09-22T22:31:00+00:00,86187.9,86187.9,86165.1,86170.2,0.15398595,13270.419542734,1
1790116320000,2026-09-22T22:32:00+00:00,86170.2,86202.6,86170.1,86189.2,35.60000861,3068364.505486932,1
1790116380000,2026-09-22T22:33:00+00:00,86189.2,86221.8,86189.1,86216.7,0.57332531,49424.27728499,1
1790116440000,2026-09-22T22:34:00+00:00,86216.8,86227.5,86216.8,86220.9,0.69935269,60296.991547476,1
1790116500000,2026-09-22T22:35:00+00:00,86220.9,86256.5,86220.9,86234.6,6.43667936,555148.672897583,1
1790116560000,2026-09-22T22:36:00+00:00,86234.6,86234.6,86193.5,86214.3,2.42294146,208901.857369629,1
1790116620000,2026-09-22T22:37:00+00:00,86214.3,86214.4,86190.9,86191,0.20324042,17520.337397177,1
1790116680000,2026-09-22T22:38:00+00:00,86190.9,86209.2,86181.4,86200.7,1.48297839,127829.812961594,1
1790116740000,2026-09-22T22:39:00+00:00,86200.8,86236.6,86200.7,86236.6,4.79542143,413450.966056163,1
1790116800000,2026-09-22T22:40:00+00:00,86236.6,86250,86231.2,86250,8.28059569,714082.089346696,1
1790116860000,2026-09-22T22:41:00+00:00,86250,86275.7,86247,86275.7,0.92688386,79947.712834338,1
1790116920000,2026-09-22T22:42:00+00:00,86275.6,86280.1,86240.6,86267.4,6.5071217,561389.537118849,1
1790116980000,2026-09-22T22:43:00+00:00,86267.5,86267.5,86232.5,86242.2,0.81415555,70208.160784619,1
1790117040000,2026-09-22T22:44:00+00:00,86242.2,86242.2,86189.5,86227.6,1.88859079,162835.395547225,1
1790117100000,2026-09-22T22:45:00+00:00,86227.7,86249.2,86227.7,86249.2,1.15517576,99621.867243484,1
1790117160000,2026-09-22T22:46:00+00:00,86249.1,86274.8,86215.8,86266.8,1.41577613,122097.944864746,1
1790117220000,2026-09-22T22:47:00+00:00,86266.8,86287.3,86266.6,86274,4.9361024,425888.265038628,1
1790117280000,2026-09-22T22:48:00+00:00,86276.4,86276.4,86213.3,86215.1,4.36166362,376184.998326695,1
1790117340000,2026-09-22T22:49:00+00:00,86215.1,86215.1,86174.3,86199.3,0.92456464,79680.381719372,1
1790117400000,2026-09-22T22:50:00+00:00,86199.3,86199.3,86184.4,86186.8,0.28843288,24859.724843252,1
1790117460000,2026-09-22T22:51:00+00:00,86186.9,86221.8,86186.9,86204.4,0.98465669,84880.912792558,1
1790117520000,2026-09-22T22:52:00+00:00,86204.5,86204.5,86178.6,86178.6,5.68117709,489679.503320415,1
1790117580000,2026-09-22T22:53:00+00:00,86178.7,86200.1,86170,86200.1,0.8146481,70199.800164712,1
1790117640000,2026-09-22T22:54:00+00:00,86199.3,86200.1,86172.7,86172.8,0.80027399,68967.356271993,1
1790117700000,2026-09-22T22:55:00+00:00,86172.8,86193.3,86172.8,86185.7,0.54277343,46774.848083301,1
1790117760000,2026-09-22T22:56:00+00:00,86185.5,86185.5,86171.9,86181.4,0.33750416,29085.017053501,1
1790117820000,2026-09-22T22:57:00+00:00,86184.1,86185.3,86164.4,86164.4,0.09177527,7908.738575796,1
1790117880000,2026-09-22T22:58:00+00:00,86164.4,86164.4,86126.8,86139.4,0.84131365,72483.076442542,1
1790117940000,2026-09-22T22:59:00+00:00,86136.7,86136.7,86125.9,86125.9,0.17664079,15213.997489717,1
1790118000000,2026-09-22T23:00:00+00:00,86126,86160.3,86124,86160.3,0.84152604,72482.423200119,1
1790118060000,2026-09-22T23:01:00+00:00,86160.4,86185.7,86145.7,86173.7,0.39662321,34171.983174708,1
1790118120000,2026-09-22T23:02:00+00:00,86175.1,86186.9,86175,86184.7,1.21628203,104815.285881021,1
1790118180000,2026-09-22T23:03:00+00:00,86184.8,86226.2,86184.7,86226.2,0.49907954,43020.13140337,1
1790118240000,2026-09-22T23:04:00+00:00,86226.2,86245.6,86187.6,86187.7,2.27993899,196577.924780463,1
1790118300000,2026-09-22T23:05:00+00:00,86187.6,86330.9,86187.1,86330.9,3.42808066,295616.620412792,1
1790118360000,2026-09-22T23:06:00+00:00,86330.9,86382.9,86318.1,86382.9,5.98864285,517094.632761503,1
1790118420000,2026-09-22T23:07:00+00:00,86382.9,86428.5,86365,86419,4.54210003,392475.940454256,1
1790118480000,2026-09-22T23:08:00+00:00,86419,86432.1,86378.2,86432,4.12913373,356783.38524779,1
1790118540000,2026-09-22T23:09:00+00:00,86432.1,86500,86414.8,86500,7.62142425,658866.937667291,1
1790118600000,2026-09-22T23:10:00+00:00,86500,86500,86452.3,86468.3,2.16455008,187191.495738868,1
1790118660000,2026-09-22T23:11:00+00:00,86468.2,86482.7,86426.6,86460.8,3.00078846,259435.524723692,1
1790118720000,2026-09-22T23:12:00+00:00,86460.9,86514.9,86383.3,86383.3,10.78609386,932550.033916129,1
1790118780000,2026-09-22T23:13:00+00:00,86383.3,86397.6,86317.9,86362.2,1.66589457,143841.609369497,1
1790118840000,2026-09-22T23:14:00+00:00,86362.3,86406.3,86362.3,86395.9,1.54138916,133157.021513644,1
1790118900000,2026-09-22T23:15:00+00:00,86391.1,86442.6,86365.3,86427.1,1.85975499,160697.143321266,1
1790118960000,2026-09-22T23:16:00+00:00,86426.8,86472.8,86426.8,86430.1,4.48162623,387446.54912974,1
1790119020000,2026-09-22T23:17:00+00:00,86427.1,86438.5,86392.5,86413.1,2.62896085,227171.383726514,1
1790119080000,2026-09-22T23:18:00+00:00,86413.3,86413.4,86383.9,86386.6,1.47042924,127043.474027713,1
1790119140000,2026-09-22T23:19:00+00:00,86386.6,86396.4,86353.4,86353.8,1.78160178,153896.855936006,1
1790119200000,2026-09-22T23:20:00+00:00,86353.7,86371.3,86314.3,86318.2,1.96775311,169904.36553278,1
1790119260000,2026-09-22T23:21:00+00:00,86318.3,86333.3,86314.3,86327.7,0.64190707,55408.417488193,1
1790119320000,2026-09-22T23:22:00+00:00,86327.1,86404.1,86327.1,86373.3,1.21194608,104680.336859794,1
1790119380000,2026-09-22T23:23:00+00:00,86373.4,86373.4,86333.2,86333.2,1.09978634,94971.420397998,1
1790119440000,2026-09-22T23:24:00+00:00,86333.2,86341.4,86318.7,86318.8,2.39984568,207180.548091345,1
1790119500000,2026-09-22T23:25:00+00:00,86318.8,86318.8,86252.9,86253,5.1555956,444767.14762325,1
1790119560000,2026-09-22T23:26:00+00:00,86252.9,86274.5,86188.3,86202.6,6.32258852,545220.814555572,1
1790119620000,2026-09-22T23:27:00+00:00,86193.7,86209.7,86183.1,86183.1,0.73071089,62986.597757218,1
1790119680000,2026-09-22T23:28:00+00:00,86183.1,86218.7,86171.4,86218.7,3.71769274,320423.284110642,1
1790119740000,2026-09-22T23:29:00+00:00,86218.7,86240.4,86210.3,86239.4,2.44107388,210489.667713838,1
1790119800000,2026-09-22T23:30:00+00:00,86236.4,86251.4,86200.1,86251.4,2.40501898,207359.510097693,1
1790119860000,2026-09-22T23:31:00+00:00,86251.4,86277.6,86156.7,86173.2,9.45284818,815257.397974385,1
1790119920000,2026-09-22T23:32:00+00:00,86173.1,86197.2,86150,86150.7,1.1227204,96738.425117326,1
1790119980000,2026-09-22T23:33:00+00:00,86150.8,86186.1,86120.4,86185,5.3584802,461579.473892607,1
1790120040000,2026-09-22T23:34:00+00:00,86182.5,86229.4,86161.7,86213.5,7.55353599,651078.041954347,1
1790120100000,2026-09-22T23:35:00+00:00,86213,86243,86175.3,86189.9,1.98964541,171508.320608699,1
1790120160000,2026-09-22T23:36:00+00:00,86188.2,86192.5,86173.3,86181.9,0.76707973,66112.264398513,1
1790120220000,2026-09-22T23:37:00+00:00,86178.8,86178.8,86119.7,86121.4,0.71881999,61921.737048727,1
1790120280000,2026-09-22T23:38:00+00:00,86121.4,86162.7,86119.2,86145,0.82794207,71318.373233941,1
1790120340000,2026-09-22T23:39:00+00:00,86146.9,86156.9,86134,86134,0.50015251,43081.82152542,1
1790120400000,2026-09-22T23:40:00+00:00,86134,86164.4,86127.7,86164.4,1.51529829,130520.298639334,1
1790120460000,2026-09-22T23:41:00+00:00,86163.7,86163.7,86132.1,86132.1,0.58130011,50073.461184993,1
1790120520000,2026-09-22T23:42:00+00:00,86132.1,86132.1,86092.2,86102.6,2.96055953,254935.506963282,1
1790120580000,2026-09-22T23:43:00+00:00,86105.1,86177.1,86098.5,86126.7,13.74085994,1183571.953287293,1
1790120640000,2026-09-22T23:44:00+00:00,86126.7,86157.2,86126.7,86157.2,1.87806138,161789.000455681,1
1790120700000,2026-09-22T23:45:00+00:00,86157.1,86221.8,86157.1,86192.3,2.74828274,236876.942884779,1
1790120760000,2026-09-22T23:46:00+00:00,86189.4,86208.3,86179.7,86188.9,1.12219238,96728.169140743,1
1790120820000,2026-09-22T23:47:00+00:00,86188.8,86220,86184,86211.4,1.03674054,89363.668673005,1
1790120880000,2026-09-22T23:48:00+00:00,86211.4,86217.1,86188.6,86202.4,3.46575289,298795.77348109,1
1790120940000,2026-09-22T23:49:00+00:00,86202.3,86206.7,86098.5,86154.2,7.55592443,651000.475106563,1
1790121000000,2026-09-22T23:50:00+00:00,86154.1,86167.4,86128.8,86162.2,2.25178602,194006.177681895,1
1790121060000,2026-09-22T23:51:00+00:00,86162.3,86190.2,86124.6,86190.2,1.76227818,151829.353483536,1
1790121120000,2026-09-22T23:52:00+00:00,86190.2,86223.7,86187.5,86187.5,1.24244406,107103.863615886,1
1790121180000,2026-09-22T23:53:00+00:00,86187.5,86192.5,86164.4,86181.4,1.12411316,96874.488365263,1
1790121240000,2026-09-22T23:54:00+00:00,86181.4,86188.7,86162.5,86188.7,0.99456256,85702.514217106,1
1790121300000,2026-09-22T23:55:00+00:00,86189,86204.1,86157.4,86157.4,1.57758265,135971.409347518,1
1790121360000,2026-09-22T23:56:00+00:00,86153.9,86181.7,86153.8,86181.7,0.16223016,13978.268527242,1
1790121420000,2026-09-22T23:57:00+00:00,86181.7,86199.7,86179.7,86199.6,1.03386908,89112.135803456,1
1790121480000,2026-09-22T23:58:00+00:00,86199.6,86199.6,86192.6,86192.6,0.51058745,44009.389767385,1
1790121540000,2026-09-22T23:59:00+00:00,86192.7,86209.2,86192.6,86209.1,0.39353599,33924.912862158,1
1790121600000,2026-09-23T00:00:00+00:00,86209.2,86209.2,86152.3,86175.8,2.50185962,215614.47533858,1
1790121660000,2026-09-23T00:01:00+00:00,86175.7,86175.7,86155,86172.1,1.4367936,123798.398317657,1
1790121720000,2026-09-23T00:02:00+00:00,86172.1,86214.5,86172.1,86210.2,0.92956223,80130.050191887,1
1790121780000,2026-09-23T00:03:00+00:00,86210.2,86262.4,86210.2,86262.4,0.83728914,72205.087956536,1
1790121840000,2026-09-23T00:04:00+00:00,86262.4,86262.5,86192.5,86192.5,2.27397119,196120.404648683,1
1790121900000,2026-09-23T00:05:00+00:00,86192.5,86192.5,86144.9,86162.2,4.52792739,390131.206892181,1
1790121960000,2026-09-23T00:06:00+00:00,86162.1,86254.7,86153.6,86244.5,4.00825745,345466.666777906,1
1790122020000,2026-09-23T00:07:00+00:00,86244.6,86244.6,86140.7,86170.1,3.88650036,334972.694863735,1
1790122080000,2026-09-23T00:08:00+00:00,86170.2,86210.1,86151.5,86198.5,1.28173716,110447.997443724,1
1790122140000,2026-09-23T00:09:00+00:00,86196.3,86254.3,86194.8,86238.9,0.96509098,83222.044604152,1
1790122200000,2026-09-23T00:10:00+00:00,86238.9,86253.1,86232.4,86248,0.91721476,79106.632759417,1
1790122260000,2026-09-23T00:11:00+00:00,86248,86298.6,86248,86294.5,1.56021051,134614.300326433,1
1790122320000,2026-09-23T00:12:00+00:00,86294.5,86331.9,86294.5,86320,1.14191734,98562.591821594,1
1790122380000,2026-09-23T00:13:00+00:00,86320.1,86372.7,86320,86372.7,1.73806626,150066.667843782,1
1790122440000,2026-09-23T00:14:00+00:00,86372.7,86372.7,86355,86356.4,1.35626602,117132.389799403,1
1790122500000,2026-09-23T00:15:00+00:00,86355,86376.8,86350.3,86373.4,0.61541437,53143.949760945,1
1790122560000,2026-09-23T00:16:00+00:00,86373.5,86382.6,86360.4,86381,0.94624198,81729.139644915,1
1790122620000,2026-09-23T00:17:00+00:00,86381.1,86408,86373.6,86388.4,3.33287601,287939.464554792,1
1790122680000,2026-09-23T00:18:00+00:00,86388.4,86412.1,86382.6,86412.1,1.32131707,114158.507979014,1
1790122740000,2026-09-23T00:19:00+00:00,86412.2,86526.3,86412.2,86521.5,5.03584355,435492.74260619,1
1790122800000,2026-09-23T00:20:00+00:00,86521.5,86521.5,86458,86469.9,3.09318078,267511.371154381,1
1790122860000,2026-09-23T00:21:00+00:00,86469.9,86505.5,86451.6,86477,2.13596261,184695.935411096,1
1790122920000,2026-09-23T00:22:00+00:00,86476.7,86497.2,86460,86473.9,3.17950895,274923.60591209,1
1790122980000,2026-09-23T00:23:00+00:00,86473.9,86507.1,86473.9,86485.4,2.09109591,180838.927665713,1
1790123040000,2026-09-23T00:24:00+00:00,86485.3,86522.1,86485.2,86517,0.64747426,56016.171011531,1
1790123100000,2026-09-23T00:25:00+00:00,86512.8,86512.8,86473.8,86486.8,1.70261607,147247.063176709,1
1790123160000,2026-09-23T00:26:00+00:00,86486.8,86527,86485.8,86520.4,3.76950211,326062.680177243,1
1790123220000,2026-09-23T00:27:00+00:00,86518.3,86532.7,86518.3,86526.9,0.24672716,21347.770759882,1
1790123280000,2026-09-23T00:28:00+00:00,86532.8,86534.2,86467.7,86467.7,0.69443087,60071.465158537,1
1790123340000,2026-09-23T00:29:00+00:00,86467.6,86467.6,86440.8,86461.4,1.16062473,100329.787243239,1
1790123400000,2026-09-23T00:30:00+00:00,86462,86538.3,86462,86521.1,1.09782703,94970.077250599,1
1790123460000,2026-09-23T00:31:00+00:00,86521.1,86550,86513.9,86518.1,2.00382217,173393.441025764,1
1790123520000,2026-09-23T00:32:00+00:00,86518.2,86518.2,86453.2,86503,0.96717091,83642.826560112,1
1790123580000,2026-09-23T00:33:00+00:00,86502.9,86543.6,86497.8,86535.2,1.41868794,122757.542080044,1
1790123640000,2026-09-23T00:34:00+00:00,86534.7,86543.6,86523.7,86530.5,1.91845878,166002.803580607,1
1790123700000,2026-09-23T00:35:00+00:00,86530.5,86572.7,86517.1,86535.6,4.72909543,409288.279291244,1
1790123760000,2026-09-23T00:36:00+00:00,86535.6,86572.9,86503.3,86567.9,2.18761235,189298.881681325,1
1790123820000,2026-09-23T00:37:00+00:00,86573,86573.5,86483.8,86499.9,1.27480844,110270.536012361,1
1790123880000,2026-09-23T00:38:00+00:00,86499.9,86500,86458.2,86491.2,0.84237629,72839.562150564,1
1790123940000,2026-09-23T00:39:00+00:00,86491.3,86531.2,86477.2,86477.2,0.79517093,68793.173419671,1
1790124000000,2026-09-23T00:40:00+00:00,86477.3,86537.8,86477.3,86529.9,3.89494242,337004.556966859,1
1790124060000,2026-09-23T00:41:00+00:00,86529.9,86584.6,86529.8,86579.8,0.91650062,79342.579140563,1
1790124120000,2026-09-23T00:42:00+00:00,86579.7,86579.8,86509.3,86515.1,2.66659347,230758.931996252,1
1790124180000,2026-09-23T00:43:00+00:00,86511.3,86511.3,86434.2,86440,2.9727644,257063.131464083,1
1790124240000,2026-09-23T00:44:00+00:00,86439.9,86474.1,86431.3,86457.3,4.43886491,383699.31690113,1
1790124300000,2026-09-23T00:45:00+00:00,86457.3,86499.9,86448.5,86472.5,1.37704332,119067.01013257,1
1790124360000,2026-09-23T00:46:00+00:00,86472.4,86500,86448.6,86500,1.10174096,95255.829664678,1
1790124420000,2026-09-23T00:47:00+00:00,86499.9,86499.9,86461.7,86492.2,1.20677249,104371.093896079,1
1790124480000,2026-09-23T00:48:00+00:00,86492.1,86492.1,86471.8,86472.5,0.14045771,12146.526639253,1
1790124540000,2026-09-23T00:49:00+00:00,86472.5,86482.3,86439.9,86482,0.74623897,64517.48668711,1
1790124600000,2026-09-23T00:50:00+00:00,86482.1,86511,86472.9,86510.9,0.51548439,44583.73118883,1
1790124660000,2026-09-23T00:51:00+00:00,86510.9,86511,86489.4,86489.5,0.62295154,53887.791516519,1
1790124720000,2026-09-23T00:52:00+00:00,86489.4,86514.6,86476.6,86485.4,1.69384946,146512.206709677,1
1790124780000,2026-09-23T00:53:00+00:00,86485.5,86498.3,86476.5,86476.6,0.09002297,7786.066250811,1
1790124840000,2026-09-23T00:54:00+00:00,86477.3,86491.3,86459.5,86459.5,0.15761326,13629.832140277,1
1790124900000,2026-09-23T00:55:00+00:00,86459,86480.5,86452.7,86470.3,1.62576475,140578.098656021,1
1790124960000,2026-09-23T00:56:00+00:00,86470.4,86480.5,86470.3,86472,0.39656383,34294.776222129,1
1790125020000,2026-09-23T00:57:00+00:00,86470.4,86470.4,86446.1,86446.1,0.21574702,18651.938834643,1
1790125080000,2026-09-23T00:58:00+00:00,86445.4,86445.4,86440,86440,0.02657644,2297.29439227,1
1790125140000,2026-09-23T00:59:00+00:00,86440,86465.6,86424.4,86465.5,2.3388749,202167.493919227,1
1790125200000,2026-09-23T01:00:00+00:00,86465.6,86524.1,86440,86524,1.46483069,126657.982699475,1
1790125260000,2026-09-23T01:01:00+00:00,86524,86530.3,86478.3,86491.1,0.39367541,34056.229636834,1
1790125320000,2026-09-23T01:02:00+00:00,86491.2,86602,86491.2,86602,3.86517801,334498.8593828,1
1790125380000,2026-09-23T01:03:00+00:00,86602.4,86630.9,86602.4,86630.1,1.95962293,169748.638033883,1
1790125440000,2026-09-23T01:04:00+00:00,86630.1,86630.1,86578.3,86578.3,1.88995514,163703.828109802,1
1790125500000,2026-09-23T01:05:00+00:00,86578.3,86623,86570.2,86623,0.87717045,75955.962834529,1
1790125560000,2026-09-23T01:06:00+00:00,86623.1,86630.9,86586.6,86630.9,1.44526064,125185.809579672,1
1790125620000,2026-09-23T01:07:00+00:00,86630.9,86699.5,86630.8,86686.9,14.50804591,1257523.125748362,1
1790125680000,2026-09-23T01:08:00+00:00,86686.9,86686.9,86660.3,86677.7,3.53827282,306691.728147982,1
1790125740000,2026-09-23T01:09:00+00:00,86678.5,86697.3,86617,86619.1,32.53289727,2819344.198640312,1
1790125800000,2026-09-23T01:10:00+00:00,86619.1,86621.3,86580.1,86580.1,4.39149473,380337.24362671,1
1790125860000,2026-09-23T01:11:00+00:00,86581,86699.5,86581,86688.6,7.63076555,661283.864786359,1
1790125920000,2026-09-23T01:12:00+00:00,86681,86714.5,86668.8,86705.4,76.81897588,6660157.650802759,1
1790125980000,2026-09-23T01:13:00+00:00,86705.4,86842.1,86705.4,86762.9,12.48019093,1082953.970242009,1
1790126040000,2026-09-23T01:14:00+00:00,86763.4,86763.6,86698.3,86715.6,6.11859994,530686.981198219,1
1790126100000,2026-09-23T01:15:00+00:00,86715.6,86736.6,86685.8,86716.6,1.26583439,109757.771392496,1
1790126160000,2026-09-23T01:16:00+00:00,86716.6,86716.6,86685.8,86685.9,0.80034734,69392.359470088,1
1790126220000,2026-09-23T01:17:00+00:00,86688.2,86688.2,86624.6,86661.3,4.2558003,368837.08137966,1
1790126280000,2026-09-23T01:18:00+00:00,86661.4,86697.4,86661.4,86669.2,0.67223383,58271.179962201,1
1790126340000,2026-09-23T01:19:00+00:00,86667.6,86718.7,86666,86718.6,1.94029324,168224.391539404,1
1790126400000,2026-09-23T01:20:00+00:00,86717.9,86717.9,86681.4,86697.1,2.5829806,223947.686539648,1
1790126460000,2026-09-23T01:21:00+00:00,86692.6,86735.8,86667.9,86724.3,2.76113405,239356.369708707,1
1790126520000,2026-09-23T01:22:00+00:00,86726,86729.9,86707.1,86714.9,0.33088246,28692.156588342,1
1790126580000,2026-09-23T01:23:00+00:00,86714.3,86714.3,86669.4,86669.4,1.23598055,107155.624956802,1
1790126640000,2026-09-23T01:24:00+00:00,86667.9,86667.9,86626.8,86664.2,2.36457862,204852.602078274,1
1790126700000,2026-09-23T01:25:00+00:00,86664.2,86675.2,86626.9,86627,0.82928539,71856.542729596,1
1790126760000,2026-09-23T01:26:00+00:00,86627,86656.2,86622,86656.2,4.51027443,390719.602183893,1
1790126820000,2026-09-23T01:27:00+00:00,86656.2,86665.9,86624.6,86625.3,1.18522335,102705.41025219,1
1790126880000,2026-09-23T01:28:00+00:00,86625.2,86639.1,86585.5,86639.1,1.47024352,127329.429690522,1
1790126940000,2026-09-23T01:29:00+00:00,86639.1,86643.3,86616,86641.1,2.52525834,218766.594229779,1
1790127000000,2026-09-23T01:30:00+00:00,86641.2,86649.9,86619.2,86624.6,2.59011972,224378.726679889,1
1790127060000,2026-09-23T01:31:00+00:00,86624.5,86628.8,86607.8,86607.8,1.20057045,103994.466911712,1
1790127120000,2026-09-23T01:32:00+00:00,86607.9,86607.9,86570.3,86602,1.50170868,130012.174037946,1
1790127180000,2026-09-23T01:33:00+00:00,86602.1,86636.8,86584.5,86626.9,0.97452986,84390.509006354,1
1790127240000,2026-09-23T01:34:00+00:00,86627,86627.6,86603,86608.3,0.60700296,52579.513749503,1
1790127300000,2026-09-23T01:35:00+00:00,86607.3,86607.3,86506.6,86506.6,2.64443428,228818.887760275,1
1790127360000,2026-09-23T01:36:00+00:00,86506.3,86513.3,86468.8,86470.6,3.11163717,269131.485158779,1
1790127420000,2026-09-23T01:37:00+00:00,86468.8,86472.2,86425.2,86425.2,8.81819511,762377.004445315,1
1790127480000,2026-09-23T01:38:00+00:00,86425.2,86483.3,86407.4,86483.3,3.23421284,279516.116508167,1
1790127540000,2026-09-23T01:39:00+00:00,86483.3,86517.4,86416.5,86433.5,1.04312197,90196.790471845,1
1790127600000,2026-09-23T01:40:00+00:00,86433.5,86440.6,86407.6,86407.6,0.7561374,65342.006300213,1
1790127660000,2026-09-23T01:41:00+00:00,86407.5,86407.6,86326.2,86326.3,3.51508194,303544.918267785,1
1790127720000,2026-09-23T01:42:00+00:00,86326.3,86361.9,86290.7,86310.4,3.85314672,332639.470233648,1
1790127780000,2026-09-23T01:43:00+00:00,86308.3,86340.6,86299.3,86304.1,1.94856613,168208.000594135,1
1790127840000,2026-09-23T01:44:00+00:00,86303.5,86330.3,86279.2,86285,1.2617504,108877.434001271,1
1790127900000,2026-09-23T01:45:00+00:00,86285,86297,86266.6,86270.8,1.354108,116835.414878586,1
1790127960000,2026-09-23T01:46:00+00:00,86274.2,86294.4,86242.9,86279.1,2.22689552,192103.68907811,1
1790128020000,2026-09-23T01:47:00+00:00,86277.4,86303.1,86242,86242.9,1.0865396,93713.793209683,1
1790128080000,2026-09-23T01:48:00+00:00,86243,86264.6,86228.7,86257.8,4.9373747,425870.129428888,1
1790128140000,2026-09-23T01:49:00+00:00,86251.3,86286.7,86233.9,86238.4,1.01661209,87692.007600325,1
1790128200000,2026-09-23T01:50:00+00:00,86238.2,86279.5,86212.6,86279.5,2.19183016,188987.904129839,1
1790128260000,2026-09-23T01:51:00+00:00,86279.4,86286.6,86243,86243,1.09506314,94474.711570343,1
1790128320000,2026-09-23T01:52:00+00:00,86242.9,86242.9,86210.7,86211.7,1.48531058,128074.002152349,1
1790128380000,2026-09-23T01:53:00+00:00,86212.3,86256.3,86212.3,86212.4,6.90300749,595201.259821391,1
1790128440000,2026-09-23T01:54:00+00:00,86212.2,86212.2,86200,86200,7.85708393,677288.304826157,1
1790128500000,2026-09-23T01:55:00+00:00,86200.1,86245.1,86175.9,86245.1,7.02406016,605504.484283976,1
1790128560000,2026-09-23T01:56:00+00:00,86245.2,86286.2,86235,86282,2.44624716,211062.419952086,1
1790128620000,2026-09-23T01:57:00+00:00,86279.7,86304.8,86279.6,86301.4,1.91413709,165188.579252491,1
1790128680000,2026-09-23T01:58:00+00:00,86301.9,86318.6,86284.2,86317.8,3.42273119,295383.366491517,1
1790128740000,2026-09-23T01:59:00+00:00,86317.9,86380.2,86302.5,86368.2,3.76279185,324848.777180248,1
1790128800000,2026-09-23T02:00:00+00:00,86365.1,86385.1,86365,86385.1,1.69393819,146319.139964611,1
1790128860000,2026-09-23T02:01:00+00:00,86385.1,86385.1,86346,86346,0.26607684,22979.005958776,1
1790128920000,2026-09-23T02:02:00+00:00,86346,86351.1,86299.2,86351.1,0.72561936,62628.097646408,1
1790128980000,2026-09-23T02:03:00+00:00,86351,86385.1,86316.4,86316.4,3.34441936,288845.44617569,1
1790129040000,2026-09-23T02:04:00+00:00,86316.5,86373.6,86315.4,86354.3,1.13604206,98092.573504925,1
1790129100000,2026-09-23T02:05:00+00:00,86354.2,86354.2,86327.8,86348,1.09063042,94167.228876988,1
1790129160000,2026-09-23T02:06:00+00:00,86352.5,86383.3,86336.3,86336.3,0.3862862,33357.871434361,1
1790129220000,2026-09-23T02:07:00+00:00,86336.3,86336.3,86264.4,86281.6,0.92539059,79850.121407704,1
1790129280000,2026-09-23T02:08:00+00:00,86281.6,86380.8,86281.6,86380.8,1.07334705,92647.089350257,1
1790129340000,2026-09-23T02:09:00+00:00,86378.3,86378.3,86346.6,86361.9,0.56344313,48656.030737702,1
1790129400000,2026-09-23T02:10:00+00:00,86366.5,86366.5,86311.7,86312.5,1.63668295,141337.171123166,1
1790129460000,2026-09-23T02:11:00+00:00,86312.5,86356.1,86312.5,86334.7,0.91822527,79274.934375833,1
1790129520000,2026-09-23T02:12:00+00:00,86334.3,86379,86322.6,86354.4,1.6820807,145258.99901359,1
1790129580000,2026-09-23T02:13:00+00:00,86354.5,86360.8,86319.7,86360.8,2.97486467,256812.242051338,1
1790129640000,2026-09-23T02:14:00+00:00,86360.7,86385,86349.6,86385,0.90029273,77749.916874974,1
1790129700000,2026-09-23T02:15:00+00:00,86385.1,86428.5,86385.1,86390,3.05733954,264151.299948725,1
1790129760000,2026-09-23T02:16:00+00:00,86390,86411.8,86377.5,86411.8,0.44176855,38160.760539428,1
1790129820000,2026-09-23T02:17:00+00:00,86411.8,86430.4,86411.8,86430.4,0.60869979,52604.667696208,1
1790129880000,2026-09-23T02:18:00+00:00,86430.4,86444.5,86430.3,86444,1.85267156,160145.53678495,1
1790129940000,2026-09-23T02:19:00+00:00,86444,86476.1,86443.9,86467.8,0.8960695,77472.16751404,1
1790130000000,2026-09-23T02:20:00+00:00,86467.9,86560,86467.9,86526.1,4.60838635,398790.918970057,1
1790130060000,2026-09-23T02:21:00+00:00,86526,86633.2,86511.4,86633.2,14.86421829,1287027.426052853,1
1790130120000,2026-09-23T02:22:00+00:00,86632.9,86633.2,86582.5,86593.4,9.97896631,864149.803512912,1
1790130180000,2026-09-23T02:23:00+00:00,86593.4,86621.5,86548.2,86590.9,9.66726042,837225.006244299,1
1790130240000,2026-09-23T02:24:00+00:00,86590.8,86593.5,86552,86589.2,11.69280426,1012157.764658268,1
1790130300000,2026-09-23T02:25:00+00:00,86589.1,86615.2,86573.1,86592.2,2.94563066,255073.948589117,1
1790130360000,2026-09-23T02:26:00+00:00,86592.3,86600.9,86553.9,86578.2,0.54696179,47357.402031814,1
1790130420000,2026-09-23T02:27:00+00:00,86578.2,86612.8,86578.1,86580.3,0.32125546,27815.650049805,1
1790130480000,2026-09-23T02:28:00+00:00,86578.9,86587.2,86551.9,86580.2,1.38312037,119743.095396427,1
1790130540000,2026-09-23T02:29:00+00:00,86580.3,86599.2,86579.2,86581.5,1.29910668,112484.397169789,1
1790130600000,2026-09-23T02:30:00+00:00,86581.5,86581.5,86541.5,86569.4,0.63499692,54968.32725659,1
1790130660000,2026-09-23T02:31:00+00:00,86565.5,86573.3,86538.7,86542.3,1.65956248,143643.103900742,1
1790130720000,2026-09-23T02:32:00+00:00,86543,86588.5,86543,86573.3,0.78671822,68105.018454854,1
1790130780000,2026-09-23T02:33:00+00:00,86576.9,86576.9,86562.3,86576,0.48928309,42356.951880569,1
1790130840000,2026-09-23T02:34:00+00:00,86575.9,86576,86564.7,86564.7,0.04355454,3770.491939937,1
1790130900000,2026-09-23T02:35:00+00:00,86564.7,86564.7,86533.5,86560.4,7.56410195,654683.553236862,1
1790130960000,2026-09-23T02:36:00+00:00,86560.3,86560.3,86531.3,86531.3,1.56123312,135099.626095377,1
1790131020000,2026-09-23T02:37:00+00:00,86531.3,86556.4,86531.1,86531.1,0.56111299,48555.771532756,1
1790131080000,2026-09-23T02:38:00+00:00,86530.4,86555.1,86519.7,86538,2.5896991,224084.775401405,1
1790131140000,2026-09-23T02:39:00+00:00,86538,86543.9,86538,86538.8,0.16808624,14546.109433587,1
1790131200000,2026-09-23T02:40:00+00:00,86538.8,86538.8,86492.3,86519,0.35206638,30457.714616331,1
1790131260000,2026-09-23T02:41:00+00:00,86518.9,86530.8,86505.2,86529.4,1.28838815,111465.521426854,1
1790131320000,2026-09-23T02:42:00+00:00,86529.4,86543.9,86500.9,86500.9,0.50414306,43624.084073208,1
1790131380000,2026-09-23T02:43:00+00:00,86500.9,86513.8,86488,86493.3,0.23089686,19972.458843279,1
1790131440000,2026-09-23T02:44:00+00:00,86493.4,86493.4,86469.1,86482.3,2.55783053,221193.589835795,1
1790131500000,2026-09-23T02:45:00+00:00,86485.2,86540,86485.2,86516.6,0.82513232,71371.620626382,1
1790131560000,2026-09-23T02:46:00+00:00,86516.7,86530.6,86505.3,86509.5,0.46666249,40372.914923858,1
1790131620000,2026-09-23T02:47:00+00:00,86509.5,86526.1,86465.2,86473.2,4.01932619,347680.736671939,1
1790131680000,2026-09-23T02:48:00+00:00,86473.2,86505.8,86466.2,86490.3,0.94388034,81637.322667225,1
1790131740000,2026-09-23T02:49:00+00:00,86491,86491,86472.1,86481.5,0.45368821,39237.096893649,1
1790131800000,2026-09-23T02:50:00+00:00,86481.6,86481.6,86462,86462,0.18800619,16257.611618933,1
1790131860000,2026-09-23T02:51:00+00:00,86462.1,86476.2,86458.1,86468.8,0.32052409,27716.550922436,1
1790131920000,2026-09-23T02:52:00+00:00,86470.4,86504.6,86461.9,86504.6,1.28658985,111265.513408116,1
1790131980000,2026-09-23T02:53:00+00:00,86504.6,86504.6,86476.1,86486.1,0.84934438,73465.822648505,1
1790132040000,2026-09-23T02:54:00+00:00,86486,86499.7,86466.2,86470.5,1.24899667,108026.571760974,1
1790132100000,2026-09-23T02:55:00+00:00,86470.5,86489.4,86457.6,86469.2,1.29500793,111972.825971327,1
1790132160000,2026-09-23T02:56:00+00:00,86470.5,86488.8,86470.5,86487.1,0.21543472,18631.726306814,1
1790132220000,2026-09-23T02:57:00+00:00,86488.7,86524.3,86488.7,86512,1.06018969,91705.327286061,1
1790132280000,2026-09-23T02:58:00+00:00,86514.2,86546.6,86507.8,86541.3,4.40608578,381212.643792351,1
1790132340000,2026-09-23T02:59:00+00:00,86545.1,86555.4,86540.2,86554.4,0.57246148,49546.743284306,1
1790132400000,2026-09-23T03:00:00+00:00,86554.4,86555.4,86543.9,86546.4,1.55063383,134205.677249282,1
1790132460000,2026-09-23T03:01:00+00:00,86546.3,86546.3,86510.7,86510.8,0.28455545,24622.030245198,1
1790132520000,2026-09-23T03:02:00+00:00,86510.8,86510.8,86486.1,86486.2,0.27128925,23465.529481446,1
1790132580000,2026-09-23T03:03:00+00:00,86486.1,86486.1,86453.2,86465.7,0.53735435,46458.096734497,1
1790132640000,2026-09-23T03:04:00+00:00,86465.5,86465.8,86462,86462.8,0.12234205,10578.146342726,1
1790132700000,2026-09-23T03:05:00+00:00,86462.8,86495.1,86462.7,86463.8,1.25682393,108674.055842469,1
1790132760000,2026-09-23T03:06:00+00:00,86463.7,86463.7,86442.9,86444.9,1.21827541,105317.798360566,1
1790132820000,2026-09-23T03:07:00+00:00,86443.1,86443.1,86437.9,86442.3,0.1716515,14837.304210403,1
1790132880000,2026-09-23T03:08:00+00:00,86441.5,86462.9,86434.8,86462.8,0.32648519,28221.833663429,1
1790132940000,2026-09-23T03:09:00+00:00,86462.9,86489.5,86462.9,86482,0.58656678,50726.158622159,1
1790133000000,2026-09-23T03:10:00+00:00,86482.8,86498.6,86472.3,86498.6,0.27481105,23767.410066394,1
1790133060000,2026-09-23T03:11:00+00:00,86498.6,86509.5,86482.4,86482.4,0.36835533,31861.008053924,1
1790133120000,2026-09-23T03:12:00+00:00,86482.4,86482.4,86472,86472.1,0.0929666,8039.543884969,1
1790133180000,2026-09-23T03:13:00+00:00,86472.1,86522.3,86472.1,86521.5,0.50014715,43267.758900042,1
1790133240000,2026-09-23T03:14:00+00:00,86521.6,86544,86521.5,86544,0.59779137,51724.61881075,1
1790133300000,2026-09-23T03:15:00+00:00,86544,86548,86526.4,86526.4,0.82609648,71484.119756719,1
1790133360000,2026-09-23T03:16:00+00:00,86526.4,86534.1,86504.7,86534,0.59687218,51641.244209776,1
1790133420000,2026-09-23T03:17:00+00:00,86534.1,86544.4,86518.1,86543.9,0.76321342,66036.892071184,1
1790133480000,2026-09-23T03:18:00+00:00,86543.9,86568.2,86543.9,86563.8,0.50811712,43982.102606014,1
1790133540000,2026-09-23T03:19:00+00:00,86568.1,86596.7,86563.8,86583.8,0.70114522,60702.959329553,1
1790133600000,2026-09-23T03:20:00+00:00,86583.8,86630.9,86579.4,86630.9,2.13278598,184684.475032663,1
1790133660000,2026-09-23T03:21:00+00:00,86631,86674.2,86630.9,86674.2,3.17608357,275220.535836999,1
1790133720000,2026-09-23T03:22:00+00:00,86674.3,86678.7,86674.3,86678.7,1.21089761,104954.606264819,1
1790133780000,2026-09-23T03:23:00+00:00,86678.7,86760.2,86678.7,86760.1,5.68192423,492714.712860828,1
1790133840000,2026-09-23T03:24:00+00:00,86760.1,86824.4,86743.4,86743.5,7.708937,669057.319557732,1
1790133900000,2026-09-23T03:25:00+00:00,86743.5,86743.5,86689,86689,2.64984159,229816.418399909,1
1790133960000,2026-09-23T03:26:00+00:00,86689.8,86705.4,86682.7,86682.7,1.00050311,86736.051522774,1
1790134020000,2026-09-23T03:27:00+00:00,86682.8,86697,86662.6,86662.6,1.30477051,113098.431904383,1
1790134080000,2026-09-23T03:28:00+00:00,86658.4,86672.7,86642.5,86642.6,0.74802567,64820.553305246,1
1790134140000,2026-09-23T03:29:00+00:00,86642.5,86700.4,86642.5,86694.7,1.15071551,99742.345870818,1
1790134200000,2026-09-23T03:30:00+00:00,86694.7,86712.2,86666.9,86703.9,0.8332311,72236.405207201,1
1790134260000,2026-09-23T03:31:00+00:00,86707.2,86720.6,86684.2,86685.5,1.68061376,145713.683422753,1
1790134320000,2026-09-23T03:32:00+00:00,86685.6,86720.8,86685.6,86693.3,9.7627405,846473.306151507,1
1790134380000,2026-09-23T03:33:00+00:00,86693.2,86701.1,86679.8,86693.2,6.24198865,541093.869790777,1
1790134440000,2026-09-23T03:34:00+00:00,86693.1,86704.9,86693.1,86703.3,2.27822132,197510.070943934,1
1790134500000,2026-09-23T03:35:00+00:00,86703.3,86720.7,86703.2,86703.2,1.60632411,139294.463132573,1
1790134560000,2026-09-23T03:36:00+00:00,86703.2,86720.6,86688.1,86720.6,4.4096752,382321.568359829,1
1790134620000,2026-09-23T03:37:00+00:00,86720.6,86806.3,86720.6,86781.3,7.98480701,692939.663012166,1
1790134680000,2026-09-23T03:38:00+00:00,86781.3,86800.4,86751.1,86752,2.82603412,245219.131957101,1
1790134740000,2026-09-23T03:39:00+00:00,86752,86834.9,86750,86834.9,4.22332694,366501.437730378,1
1790134800000,2026-09-23T03:40:00+00:00,86834.9,86960.5,86834.1,86942.7,17.87629282,1553882.648174284,1
1790134860000,2026-09-23T03:41:00+00:00,86944.8,86944.8,86850.1,86864.3,9.74598921,846830.810335417,1
1790134920000,2026-09-23T03:42:00+00:00,86864.2,86916.2,86854.3,86903.3,2.58707356,224767.602593357,1
1790134980000,2026-09-23T03:43:00+00:00,86903.3,86916,86854.3,86854.3,10.87695258,945194.090344159,1
1790135040000,2026-09-23T03:44:00+00:00,86854.3,86900.2,86816.2,86893.2,8.78703494,763063.048566015,1
1790135100000,2026-09-23T03:45:00+00:00,86893.2,86893.3,86815.2,86815.2,5.31844897,461881.379647457,1
1790135160000,2026-09-23T03:46:00+00:00,86815.2,86815.2,86749.8,86766.9,2.14924669,186503.751349359,1
1790135220000,2026-09-23T03:47:00+00:00,86767,86804.2,86759.4,86804.2,3.8658956,335498.652004891,1
1790135280000,2026-09-23T03:48:00+00:00,86804.1,86804.1,86763.7,86771.2,3.92597125,340714.022168274,1
1790135340000,2026-09-23T03:49:00+00:00,86771.3,86771.3,86750,86750.1,0.99928565,86692.405405446,1
1790135400000,2026-09-23T03:50:00+00:00,86750.1,86750.1,86730.4,86734.8,3.07442592,266658.409536523,1
1790135460000,2026-09-23T03:51:00+00:00,86734.9,86750.1,86734.9,86734.9,1.75667172,152375.164376392,1
1790135520000,2026-09-23T03:52:00+00:00,86734.9,86734.9,86727.2,86727.3,0.47889935,41535.331562509,1
1790135580000,2026-09-23T03:53:00+00:00,86727.2,86727.3,86720.4,86720.4,1.10486947,95818.564844864,1
1790135640000,2026-09-23T03:54:00+00:00,86720.5,86720.5,86707.3,86719.7,1.36140153,118051.882421409,1
1790135700000,2026-09-23T03:55:00+00:00,86719.8,86730,86719.8,86729.9,0.69161695,59981.791893174,1
1790135760000,2026-09-23T03:56:00+00:00,86729.2,86730,86707.3,86719.4,0.66887209,58002.996947151,1
1790135820000,2026-09-23T03:57:00+00:00,86719.4,86719.8,86719.3,86719.8,0.28433268,24657.159181814,1
1790135880000,2026-09-23T03:58:00+00:00,86719.7,86730,86705.4,86705.4,1.31834636,114326.070422926,1
1790135940000,2026-09-23T03:59:00+00:00,86705.4,86710.8,86705.4,86710.7,0.8750314,75870.040727434,1
1790136000000,2026-09-23T04:00:00+00:00,86710.8,86716.9,86669.9,86669.9,2.13822602,185370.225730923,1
1790136060000,2026-09-23T04:01:00+00:00,86669.9,86684.1,86668.1,86676.7,1.85211419,160522.175990439,1
1790136120000,2026-09-23T04:02:00+00:00,86676.6,86676.6,86655.2,86655.2,0.79629603,69010.421811713,1
1790136180000,2026-09-23T04:03:00+00:00,86655.2,86655.2,86646.6,86652.1,0.54862914,47538.643752306,1
1790136240000,2026-09-23T04:04:00+00:00,86652.2,86665,86646.9,86647,0.59844964,51857.582581279,1
1790136300000,2026-09-23T04:05:00+00:00,86647,86652.7,86646.9,86651.9,0.8572633,74283.929668583,1
1790136360000,2026-09-23T04:06:00+00:00,86651,86688,86638,86688,0.85471916,74065.746562727,1
1790136420000,2026-09-23T04:07:00+00:00,86687.9,86730.2,86687.9,86730.1,0.33406836,28969.697640742,1
1790136480000,2026-09-23T04:08:00+00:00,86730.1,86778.5,86729.5,86745.3,7.08143809,614375.845915795,1
1790136540000,2026-09-23T04:09:00+00:00,86744.3,86842.1,86740.6,86829.6,3.18815239,276718.830453482,1
1790136600000,2026-09-23T04:10:00+00:00,86829.6,86864.9,86829.6,86863,4.6873341,407096.94222203,1
1790136660000,2026-09-23T04:11:00+00:00,86862.3,86889.1,86849.9,86888.5,5.68027898,493464.020269888,1
1790136720000,2026-09-23T04:12:00+00:00,86888.4,86913,86865.5,86880.5,5.01246338,435573.986948028,1
1790136780000,2026-09-23T04:13:00+00:00,86880.5,86881,86848,86866,1.73499152,150692.614697054,1
1790136840000,2026-09-23T04:14:00+00:00,86866.1,86866.3,86843.6,86847.8,1.32016036,114671.799951666,1
1790136900000,2026-09-23T04:15:00+00:00,86847.9,86929.4,86847.8,86929.4,3.32408039,288809.788992785,1
1790136960000,2026-09-23T04:16:00+00:00,86929.6,86937.4,86832.6,86832.6,4.29307638,372985.401143228,1
1790137020000,2026-09-23T04:17:00+00:00,86832.6,86832.6,86778.1,86821,19.38608799,1683091.154735929,1
1790137080000,2026-09-23T04:18:00+00:00,86820.9,86846.4,86811.4,86841.3,20.58172603,1787087.207160565,1
1790137140000,2026-09-23T04:19:00+00:00,86841,86854.3,86815.4,86850,4.73468494,411173.366672073,1
1790137200000,2026-09-23T04:20:00+00:00,86850,86964.6,86850,86964.6,1.2882149,111948.886627299,1
1790137260000,2026-09-23T04:21:00+00:00,86964.5,87041.2,86964,86999.6,32.49446188,2826877.029855806,1
1790137320000,2026-09-23T04:22:00+00:00,87000.3,87018.3,86941.5,86989.2,11.09596265,964970.597472412,1
1790137380000,2026-09-23T04:23:00+00:00,86991.7,87199.9,86990.7,87129.8,24.18045649,2107063.917117802,1
1790137440000,2026-09-23T04:24:00+00:00,87129.8,87129.8,87079.3,87126.7,10.70806725,932833.455521393,1
1790137500000,2026-09-23T04:25:00+00:00,87126.6,87205.6,87126.6,87166.8,7.63828694,665877.584273207,1
1790137560000,2026-09-23T04:26:00+00:00,87166.7,87188.3,87127.4,87127.5,4.31192742,375857.957132582,1
1790137620000,2026-09-23T04:27:00+00:00,87127.5,87244.7,87101.2,87219.2,14.8527341,1295132.676779493,1
1790137680000,2026-09-23T04:28:00+00:00,87228.7,87241.7,87103.4,87111.7,9.76631861,851384.762144243,1
1790137740000,2026-09-23T04:29:00+00:00,87112.3,87116.1,87015,87015,8.52398771,742269.248156835,1
1790137800000,2026-09-23T04:30:00+00:00,87015.1,87131.9,87015.1,87127.3,6.23669381,542965.960554405,1
1790137860000,2026-09-23T04:31:00+00:00,87127.4,87167.2,87107,87162.9,9.33096776,813161.638676183,1
1790137920000,2026-09-23T04:32:00+00:00,87162,87229.7,87156.7,87211.2,14.00540911,1221104.998764953,1
1790137980000,2026-09-23T04:33:00+00:00,87217.9,87268.7,87200.4,87248.2,6.18341932,539449.937350423,1
1790138040000,2026-09-23T04:34:00+00:00,87248.2,87280.4,87212.6,87253.2,6.22271607,542910.122821196,1
1790138100000,2026-09-23T04:35:00+00:00,87250,87270.2,87212.6,87248,3.69658711,322501.78710831,1
1790138160000,2026-09-23T04:36:00+00:00,87248,87283,87212.6,87220.7,2.07682545,181233.332430704,1
1790138220000,2026-09-23T04:37:00+00:00,87220.8,87244.3,87200,87202.3,12.92552874,1127285.82468675,1
1790138280000,2026-09-23T04:38:00+00:00,87202.2,87202.2,87145.7,87154.8,3.52188051,307008.706417508,1
1790138340000,2026-09-23T04:39:00+00:00,87154.8,87167.2,87106.3,87129.2,2.01436182,175527.762543511,1
1790138400000,2026-09-23T04:40:00+00:00,87133.3,87133.3,87101,87101,2.05973727,179424.012721262,1
1790138460000,2026-09-23T04:41:00+00:00,87101.1,87204.4,87101,87169.8,1.45636014,126916.277577511,1
1790138520000,2026-09-23T04:42:00+00:00,87163.4,87163.4,87151.2,87160,1.05236843,91724.489697892,1
1790138580000,2026-09-23T04:43:00+00:00,87160,87180,87150.6,87179.9,1.5846622,138136.418886287,1
1790138640000,2026-09-23T04:44:00+00:00,87180,87180,87141,87148.1,2.94242101,256478.286836526,1
1790138700000,2026-09-23T04:45:00+00:00,87148,87164.8,87120.5,87164.8,1.21004281,105440.773656886,1
1790138760000,2026-09-23T04:46:00+00:00,87164.8,87180,87155.9,87180,1.26629926,110382.257653029,1
1790138820000,2026-09-23T04:47:00+00:00,87180,87200,87167.2,87167.3,0.59787478,52129.702494984,1
1790138880000,2026-09-23T04:48:00+00:00,87167.3,87220.8,87166.4,87212.2,0.52520214,45799.783301303,1
1790138940000,2026-09-23T04:49:00+00:00,87212.2,87220.2,87208.3,87220.2,1.02566307,89455.562266818,1
1790139000000,2026-09-23T04:50:00+00:00,87220.2,87220.2,87164.3,87177.5,3.27941239,285934.861026776,1
1790139060000,2026-09-23T04:51:00+00:00,87177.6,87177.6,87149.5,87167.1,3.87229081,337496.244647757,1
1790139120000,2026-09-23T04:52:00+00:00,87167,87167.1,87137.7,87137.7,0.73430232,63999.549454295,1
1790139180000,2026-09-23T04:53:00+00:00,87137.7,87154.4,87137.7,87153.3,4.30467799,375158.484631755,1
1790139240000,2026-09-23T04:54:00+00:00,87153.2,87169.8,87153.2,87169.7,17.65833403,1538996.991177324,1
1790139300000,2026-09-23T04:55:00+00:00,87169.7,87219.9,87162.3,87219.8,4.02563789,350936.090361168,1
1790139360000,2026-09-23T04:56:00+00:00,87219.8,87230.7,87211.3,87224.6,1.05942745,92409.707785775,1
1790139420000,2026-09-23T04:57:00+00:00,87224.6,87224.7,87182.6,87182.7,1.42539543,124308.278761687,1
1790139480000,2026-09-23T04:58:00+00:00,87182.7,87194.7,87162.5,87191.2,2.39518675,208806.955571386,1
1790139540000,2026-09-23T04:59:00+00:00,87198.8,87200,87169.7,87169.8,1.7439932,152060.495426497,1
1790139600000,2026-09-23T05:00:00+00:00,87169.8,87170.4,87101,87112.7,2.16686374,188779.503919075,1
1790139660000,2026-09-23T05:01:00+00:00,87112.8,87126.3,87034.6,87034.6,6.94977226,605240.341924991,1
1790139720000,2026-09-23T05:02:00+00:00,87034.7,87043.1,86984.9,86984.9,7.76082112,675305.489725213,1
1790139780000,2026-09-23T05:03:00+00:00,86985,86985,86927.5,86927.5,5.86010382,509547.972379682,1
1790139840000,2026-09-23T05:04:00+00:00,86927.5,87007.4,86908.1,86977.1,19.8213639,1723576.499569833,1
1790139900000,2026-09-23T05:05:00+00:00,86977.2,86981.5,86919.6,86926.3,5.6981195,495482.539396048,1
1790139960000,2026-09-23T05:06:00+00:00,86926.2,86948.3,86897.4,86915.6,2.22036748,192976.557635649,1
1790140020000,2026-09-23T05:07:00+00:00,86916.1,86966.4,86916.1,86966.1,1.51697822,131906.912784873,1
1790140080000,2026-09-23T05:08:00+00:00,86966.1,86966.2,86903.2,86904.6,1.19096837,103524.788900297,1
1790140140000,2026-09-23T05:09:00+00:00,86904.1,86933.2,86894.6,86919.8,1.09985363,95592.270822988,1
1790140200000,2026-09-23T05:10:00+00:00,86919.8,86966.4,86919.8,86962,1.68031126,146110.057161691,1
1790140260000,2026-09-23T05:11:00+00:00,86962.1,86962.1,86920.3,86930.2,2.75096024,239185.186007449,1
1790140320000,2026-09-23T05:12:00+00:00,86930.3,86967.3,86930.3,86967.2,2.40939652,209519.860684034,1
1790140380000,2026-09-23T05:13:00+00:00,86967.2,86978.9,86938.3,86946.5,2.03509581,176978.246161294,1
1790140440000,2026-09-23T05:14:00+00:00,86946.6,86954,86938.3,86938.3,0.18126413,15760.451168503,1
1790140500000,2026-09-23T05:15:00+00:00,86938.3,86952.1,86929,86944,1.09598808,95282.720792198,1
1790140560000,2026-09-23T05:16:00+00:00,86944,86972.4,86941.7,86969.4,1.68403775,146439.382448338,1
1790140620000,2026-09-23T05:17:00+00:00,86969.5,86969.5,86938.3,86938.4,0.9993145,86890.748153214,1
1790140680000,2026-09-23T05:18:00+00:00,86938.3,86938.3,86884.6,86884.6,1.96614248,170860.742062996,1
1790140740000,2026-09-23T05:19:00+00:00,86884.6,86885.3,86865.6,86881.1,1.5828508,137518.414246664,1
1790140800000,2026-09-23T05:20:00+00:00,86881,86915.3,86872.3,86888,2.36202688,205277.93491921,1
1790140860000,2026-09-23T05:21:00+00:00,86888.1,86930.8,86801.4,86803.2,4.09473453,355729.570999178,1
1790140920000,2026-09-23T05:22:00+00:00,86803.3,86835.3,86771,86835.2,3.2079251,278422.326911902,1
1790140980000,2026-09-23T05:23:00+00:00,86834.5,86875,86800,86865.2,3.58281046,311128.082177829,1
1790141040000,2026-09-23T05:24:00+00:00,86865.2,86865.3,86804.9,86812.2,2.75595546,239283.714859838,1
1790141100000,2026-09-23T05:25:00+00:00,86812.2,86865.2,86812.2,86849.8,1.09836615,95398.674697226,1
1790141160000,2026-09-23T05:26:00+00:00,86848.1,86854.9,86828.7,86835.6,1.51873959,131896.904568241,1
1790141220000,2026-09-23T05:27:00+00:00,86835.5,86835.5,86797.9,86798,0.62141894,53952.172687219,1
1790141280000,2026-09-23T05:28:00+00:00,86797.9,86822,86785.1,86785.1,1.42755215,123908.982538817,1
1790141340000,2026-09-23T05:29:00+00:00,86785.1,86813.6,86747.4,86785.1,1.63723926,142084.750963773,1
1790141400000,2026-09-23T05:30:00+00:00,86785.1,86785.1,86759.2,86773.1,1.00072954,86830.752997063,1
1790141460000,2026-09-23T05:31:00+00:00,86773.1,86793.8,86747.6,86751.2,0.99664991,86475.062673682,1
1790141520000,2026-09-23T05:32:00+00:00,86751.2,86751.2,86716.1,86728,1.55885968,135195.723875188,1
1790141580000,2026-09-23T05:33:00+00:00,86728,86764.3,86715,86741.4,2.75080676,238623.741241397,1
1790141640000,2026-09-23T05:34:00+00:00,86741.4,86745.6,86735.7,86735.8,2.08583327,180924.465644309,1
1790141700000,2026-09-23T05:35:00+00:00,86735.9,86791.5,86735.7,86786.1,1.04687868,90827.942297162,1
1790141760000,2026-09-23T05:36:00+00:00,86788.3,86813.7,86786.6,86787.9,2.63808229,228994.513724771,1
1790141820000,2026-09-23T05:37:00+00:00,86788.2,86798.1,86780.1,86792.3,0.72525926,62941.509580797,1
1790141880000,2026-09-23T05:38:00+00:00,86792.4,86819.3,86728.4,86741.1,6.74864855,585580.76013303,1
1790141940000,2026-09-23T05:39:00+00:00,86741.1,86749.1,86720.1,86739.2,0.75837774,65776.140789351,1
1790142000000,2026-09-23T05:40:00+00:00,86739.2,86792.9,86739.2,86792.1,1.38161663,119856.760048128,1
1790142060000,2026-09-23T05:41:00+00:00,86792.8,86843.3,86792.8,86833.9,1.76172156,152974.176441904,1
1790142120000,2026-09-23T05:42:00+00:00,86834,86834,86827.2,86832.5,1.44961946,125869.836807942,1
1790142180000,2026-09-23T05:43:00+00:00,86832.6,86836.2,86751.4,86751.4,8.67680221,753099.384932492,1
1790142240000,2026-09-23T05:44:00+00:00,86751.5,86770.6,86729.5,86757.2,1.50462053,130521.471574921,1
1790142300000,2026-09-23T05:45:00+00:00,86757.1,86773.3,86745,86773.3,0.96511192,83731.088456583,1
1790142360000,2026-09-23T05:46:00+00:00,86773.3,86783.8,86748,86748.1,0.26508894,23002.215752259,1
1790142420000,2026-09-23T05:47:00+00:00,86748,86769.9,86748,86767.7,0.36745708,31882.834640812,1
1790142480000,2026-09-23T05:48:00+00:00,86767.8,86767.8,86748,86748.1,1.65372177,143488.027351194,1
1790142540000,2026-09-23T05:49:00+00:00,86748.1,86748.1,86570,86601.7,27.71186462,2401747.101496811,1
1790142600000,2026-09-23T05:50:00+00:00,86601.7,86636.4,86510.8,86521.9,9.19271351,795964.85051362,1
1790142660000,2026-09-23T05:51:00+00:00,86521.9,86586.8,86514.9,86586.8,2.86829244,248280.491858996,1
1790142720000,2026-09-23T05:52:00+00:00,86586.8,86603,86544.5,86556.9,3.93980118,341087.206398292,1
1790142780000,2026-09-23T05:53:00+00:00,86556.9,86579.5,86532.4,86548.2,2.39339717,207164.102645502,1
1790142840000,2026-09-23T05:54:00+00:00,86548.5,86561.9,86535.9,86561.9,3.45094344,298703.177887623,1
1790142900000,2026-09-23T05:55:00+00:00,86562.8,86567.5,86521.4,86521.4,6.46917052,559832.041750524,1
1790142960000,2026-09-23T05:56:00+00:00,86521.4,86528.2,86500,86528.2,3.20656922,277387.519955731,1
1790143020000,2026-09-23T05:57:00+00:00,86528.3,86550,86514.8,86514.8,5.0142284,433860.141628274,1
1790143080000,2026-09-23T05:58:00+00:00,86514.8,86514.8,86422.2,86486.1,8.16381473,705925.707479058,1
1790143140000,2026-09-23T05:59:00+00:00,86486.5,86514.5,86479.9,86509,2.2924226,198274.070500971,1
1790143200000,2026-09-23T06:00:00+00:00,86509.1,86528.2,86483.8,86484.1,4.03867309,349392.403255386,1
1790143260000,2026-09-23T06:01:00+00:00,86484,86502.8,86474.5,86478.9,0.85745343,74152.052212542,1
1790143320000,2026-09-23T06:02:00+00:00,86478.9,86521.5,86457.3,86520.2,1.62971247,140951.801056761,1
1790143380000,2026-09-23T06:03:00+00:00,86522,86563.7,86522,86563.7,2.97039628,257074.864059771,1
1790143440000,2026-09-23T06:04:00+00:00,86563.7,86563.7,86512.8,86530.8,3.33267408,288423.191201017,1
1790143500000,2026-09-23T06:05:00+00:00,86530.7,86560.6,86515.1,86560.1,0.96967829,83916.63103338,1
1790143560000,2026-09-23T06:06:00+00:00,86560,86579.5,86560,86579.5,5.95983867,515977.711992902,1
1790143620000,2026-09-23T06:07:00+00:00,86579.5,86585.9,86523.3,86523.3,3.00089332,259752.534038461,1
1790143680000,2026-09-23T06:08:00+00:00,86523.3,86564.7,86523.3,86564.6,3.27755191,283642.389442423,1
1790143740000,2026-09-23T06:09:00+00:00,86564.7,86572.5,86563.5,86563.5,0.88830758,76902.353922534,1
1790143800000,2026-09-23T06:10:00+00:00,86563.5,86563.5,86545.2,86545.3,1.38121409,119550.401959598,1
1790143860000,2026-09-23T06:11:00+00:00,86545.3,86577.5,86535,86576.7,1.22655914,106157.264888563,1
1790143920000,2026-09-23T06:12:00+00:00,86576.8,86599.9,86576.8,86598.5,0.63311363,54821.64953835,1
1790143980000,2026-09-23T06:13:00+00:00,86600.4,86626.6,86598.5,86618.2,0.35445381,30700.428303871,1
1790144040000,2026-09-23T06:14:00+00:00,86618.1,86618.1,86612.3,86612.4,0.59167728,51247.48536422,1
1790144100000,2026-09-23T06:15:00+00:00,86612.4,86614.9,86603.7,86612.3,1.34934013,116867.678788852,1
1790144160000,2026-09-23T06:16:00+00:00,86607,86615.9,86604.3,86605,2.00855897,173970.109710118,1
1790144220000,2026-09-23T06:17:00+00:00,86605.1,86605.1,86589.9,86589.9,0.66757432,57813.375131092,1
1790144280000,2026-09-23T06:18:00+00:00,86590,86590,86550,86556.5,2.79905033,242321.02130492,1
1790144340000,2026-09-23T06:19:00+00:00,86555.9,86555.9,86525.3,86525.4,5.03168085,435406.39525159,1
1790144400000,2026-09-23T06:20:00+00:00,86525.3,86540.2,86525.3,86539.6,1.16003696,100383.075219494,1
1790144460000,2026-09-23T06:21:00+00:00,86539.7,86560.2,86511.7,86511.7,7.05427409,610449.312275807,1
1790144520000,2026-09-23T06:22:00+00:00,86511.8,86542.9,86511.8,86529.2,2.44720291,211726.566637838,1
1790144580000,2026-09-23T06:23:00+00:00,86529.2,86537.2,86510,86510,0.2316979,20046.016366419,1
1790144640000,2026-09-23T06:24:00+00:00,86510.1,86510.2,86480.5,86495.1,2.63116592,227593.432991035,1
1790144700000,2026-09-23T06:25:00+00:00,86495.1,86512.6,86486.8,86512.5,0.8621142,74579.080118102,1
1790144760000,2026-09-23T06:26:00+00:00,86512.5,86512.5,86480,86480,0.80056811,69250.429929267,1
1790144820000,2026-09-23T06:27:00+00:00,86480,86480,86462.4,86462.4,1.48914331,128779.805266921,1
1790144880000,2026-09-23T06:28:00+00:00,86462.4,86471,86453.8,86453.8,1.60529817,138797.939082332,1
1790144940000,2026-09-23T06:29:00+00:00,86453.9,86460.1,86427.2,86430.4,0.97428204,84223.975939319,1
1790145000000,2026-09-23T06:30:00+00:00,86430.3,86430.3,86387.7,86390.2,3.90389566,337335.633351517,1
1790145060000,2026-09-23T06:31:00+00:00,86390.2,86459.3,86379.4,86459.3,2.5837434,223242.978012227,1
1790145120000,2026-09-23T06:32:00+00:00,86459.3,86466.9,86436.6,86459.2,1.74037245,150460.58712147,1
1790145180000,2026-09-23T06:33:00+00:00,86459.2,86459.2,86427.8,86447.3,1.88835112,163251.635166658,1
1790145240000,2026-09-23T06:34:00+00:00,86447.3,86461,86447.3,86460.2,0.54936995,47497.309437211,1
1790145300000,2026-09-23T06:35:00+00:00,86460.2,86495.1,86458.1,86495.1,2.35964868,204046.844763723,1
1790145360000,2026-09-23T06:36:00+00:00,86495,86527.6,86495,86525.5,3.31054732,286373.171815205,1
1790145420000,2026-09-23T06:37:00+00:00,86525.4,86545.3,86508.2,86545.2,1.90150412,164533.982971144,1
1790145480000,2026-09-23T06:38:00+00:00,86545,86547.9,86519.4,86547.9,1.01370732,87723.995330722,1
1790145540000,2026-09-23T06:39:00+00:00,86548.4,86550,86544.8,86545,1.00697154,87150.302388455,1
1790145600000,2026-09-23T06:40:00+00:00,86544.9,86547.8,86535.8,86535.9,1.10908818,95983.769248988,1
1790145660000,2026-09-23T06:41:00+00:00,86535.9,86541.3,86535.9,86541.2,0.63209042,54701.731042638,1
1790145720000,2026-09-23T06:42:00+00:00,86541.2,86587.3,86541.2,86587.2,2.15861201,186866.628436145,1
1790145780000,2026-09-23T06:43:00+00:00,86587.1,86587.2,86555.5,86555.6,1.07539393,93099.881070024,1
1790145840000,2026-09-23T06:44:00+00:00,86555.5,86579.5,86555.5,86579.4,0.58274217,50444.573685542,1
1790145900000,2026-09-23T06:45:00+00:00,86579.4,86579.4,86547.4,86549.1,0.97286505,84211.936829654,1
1790145960000,2026-09-23T06:46:00+00:00,86549,86549,86516.8,86527.4,1.21887333,105466.976446879,1
1790146020000,2026-09-23T06:47:00+00:00,86521.4,86558,86514.5,86514.5,0.78522356,67949.758533893,1
1790146080000,2026-09-23T06:48:00+00:00,86514.5,86514.5,86497.3,86497.3,0.39433834,34113.967867429,1
1790146140000,2026-09-23T06:49:00+00:00,86497.3,86497.3,86464.8,86477.3,0.42192039,36485.798617493,1
1790146200000,2026-09-23T06:50:00+00:00,86477.4,86516.6,86460.6,86488.1,2.23879132,193616.292555851,1
1790146260000,2026-09-23T06:51:00+00:00,86488.2,86516.6,86488.2,86509.7,0.55837989,48302.374652198,1
1790146320000,2026-09-23T06:52:00+00:00,86509.8,86509.8,86471.9,86490.6,2.81583903,243533.616530268,1
1790146380000,2026-09-23T06:53:00+00:00,86482,86505.2,86462,86490.5,5.84723803,505705.496940411,1
1790146440000,2026-09-23T06:54:00+00:00,86490.5,86513.9,86450.1,86450.2,7.00542069,605815.290785153,1
1790146500000,2026-09-23T06:55:00+00:00,86450.1,86484.3,86449,86484.2,3.77398114,326340.766367343,1
1790146560000,2026-09-23T06:56:00+00:00,86484.2,86484.2,86464.9,86467.1,5.19029312,448798.965200812,1
1790146620000,2026-09-23T06:57:00+00:00,86472.2,86484.3,86467.1,86484.3,0.33653851,29103.098513754,1
1790146680000,2026-09-23T06:58:00+00:00,86484.2,86514,86484.2,86513.9,1.79103932,154919.830919145,1
1790146740000,2026-09-23T06:59:00+00:00,86513.9,86513.9,86473.4,86474.5,1.24668368,107834.290240203,1
1790146800000,2026-09-23T07:00:00+00:00,86477.3,86477.3,86430.3,86446.2,12.10700069,1046711.689520602,1
1790146860000,2026-09-23T07:01:00+00:00,86446.1,86446.1,86410,86410,2.49618503,215727.888018965,1
1790146920000,2026-09-23T07:02:00+00:00,86408.5,86408.6,86324,86376.1,7.71440718,666202.078541585,1
1790146980000,2026-09-23T07:03:00+00:00,86376,86477.3,86366,86477.3,3.94908156,341246.237419814,1
1790147040000,2026-09-23T07:04:00+00:00,86475.3,86477.3,86430,86438.6,3.04899462,263610.919301701,1
1790147100000,2026-09-23T07:05:00+00:00,86438.6,86439.4,86370.1,86370.1,0.54425583,47026.740635142,1
1790147160000,2026-09-23T07:06:00+00:00,86370.1,86370.1,86323.3,86326.8,0.66865123,57738.565120315,1
1790147220000,2026-09-23T07:07:00+00:00,86329.5,86389.7,86324.2,86382,2.02760826,175082.494045378,1
1790147280000,2026-09-23T07:08:00+00:00,86382.1,86461.2,86382.1,86432.6,1.24224337,107372.103904484,1
1790147340000,2026-09-23T07:09:00+00:00,86436.6,86436.6,86393.9,86393.9,0.64174382,55456.936217984,1
1790147400000,2026-09-23T07:10:00+00:00,86393.8,86419.6,86393.2,86401.5,2.85989569,247105.617967565,1
1790147460000,2026-09-23T07:11:00+00:00,86401.5,86434.5,86401.3,86428.6,1.27961317,110584.549073853,1
1790147520000,2026-09-23T07:12:00+00:00,86428.5,86456.8,86416.5,86456.8,0.52158723,45081.014991222,1
1790147580000,2026-09-23T07:13:00+00:00,86456.7,86456.7,86391.7,86397.4,5.85881145,506424.629287003,1
1790147640000,2026-09-23T07:14:00+00:00,86397.3,86397.4,86365.1,86371.7,0.41804436,36107.622214909,1
1790147700000,2026-09-23T07:15:00+00:00,86371.7,86416.1,86371.7,86402.7,1.01900044,88038.574708392,1
1790147760000,2026-09-23T07:16:00+00:00,86402.1,86451.7,86373.7,86434.4,4.36997349,377597.906256332,1
1790147820000,2026-09-23T07:17:00+00:00,86434.4,86440.9,86405.8,86440.8,1.37809461,119104.714006338,1
1790147880000,2026-09-23T07:18:00+00:00,86440.8,86440.9,86426.5,86440.9,2.07976951,179767.605808244,1
1790147940000,2026-09-23T07:19:00+00:00,86440.8,86452.6,86370.2,86388.5,6.18035712,534106.713737705,1
1790148000000,2026-09-23T07:20:00+00:00,86388.5,86446.7,86388.5,86441.8,0.69031711,59664.267348967,1
1790148060000,2026-09-23T07:21:00+00:00,86441.8,86441.8,86412.9,86438.5,2.55042858,220418.239363255,1
1790148120000,2026-09-23T07:22:00+00:00,86438.4,86438.4,86418.6,86421.9,1.53676362,132808.504924603,1
1790148180000,2026-09-23T07:23:00+00:00,86421.5,86421.5,86365.1,86365.1,0.72061575,62252.930250287,1
1790148240000,2026-09-23T07:24:00+00:00,86365.2,86388.6,86360.8,86360.9,1.58830553,137187.966843081,1
1790148300000,2026-09-23T07:25:00+00:00,86360.8,86360.8,86342.2,86342.3,0.62155017,53670.982474725,1
1790148360000,2026-09-23T07:26:00+00:00,86342.2,86342.3,86314.3,86316.4,3.86145335,333314.387632324,1
1790148420000,2026-09-23T07:27:00+00:00,86316.4,86343.2,86316.4,86343.2,1.1227824,96923.249503811,1
1790148480000,2026-09-23T07:28:00+00:00,86343.2,86393,86343.2,86393,1.62768747,140587.629647115,1
1790148540000,2026-09-23T07:29:00+00:00,86393,86425.8,86389.6,86416.6,2.91355757,251745.129856609,1
1790148600000,2026-09-23T07:30:00+00:00,86426.9,86429.8,86391,86391,4.6311294,400140.82956505,1
1790148660000,2026-09-23T07:31:00+00:00,86391.1,86420,86356.7,86356.8,4.89445048,422823.84199529,1
1790148720000,2026-09-23T07:32:00+00:00,86356.7,86356.7,86312.6,86339.7,6.31453059,545161.620386045,1
1790148780000,2026-09-23T07:33:00+00:00,86339.7,86339.7,86291.2,86291.2,6.27005615,541157.072873886,1
1790148840000,2026-09-23T07:34:00+00:00,86291.2,86291.3,86267.1,86267.1,7.47652865,645096.001007673,1
1790148900000,2026-09-23T07:35:00+00:00,86266.7,86266.7,86190,86193.1,11.91941693,1027762.511918643,1
1790148960000,2026-09-23T07:36:00+00:00,86193,86270,86160.1,86223.8,11.17875435,963647.481089006,1
1790149020000,2026-09-23T07:37:00+00:00,86223.8,86305.6,86202,86278.4,7.01183752,604798.898845953,1
1790149080000,2026-09-23T07:38:00+00:00,86282,86282,86206.9,86206.9,15.88776762,1370274.894620458,1
1790149140000,2026-09-23T07:39:00+00:00,86204.4,86218.7,86168.9,86168.9,5.49388004,473573.66611039,1
1790149200000,2026-09-23T07:40:00+00:00,86169,86244.3,86169,86240.9,5.04113089,434624.02146751,1
1790149260000,2026-09-23T07:41:00+00:00,86240.9,86241.1,86203.5,86232.1,6.48877749,559481.677169924,1
1790149320000,2026-09-23T07:42:00+00:00,86232.8,86232.8,86204.4,86204.4,5.55126245,478637.869611041,1
1790149380000,2026-09-23T07:43:00+00:00,86204.4,86218.7,86181.9,86181.9,4.71427548,406325.556761921,1
1790149440000,2026-09-23T07:44:00+00:00,86180,86180,86000.5,86068.1,25.43663833,2189168.470653655,1
1790149500000,2026-09-23T07:45:00+00:00,86070.4,86157,86051.7,86150.8,9.94853397,856584.219084103,1
1790149560000,2026-09-23T07:46:00+00:00,86150.9,86157,86100.4,86146.4,11.11505584,957488.034876755,1
1790149620000,2026-09-23T07:47:00+00:00,86146.4,86146.4,86092,86092,5.84448421,503218.44893484,1
1790149680000,2026-09-23T07:48:00+00:00,86092,86149.8,86051.8,86141.6,8.74264031,752726.655677779,1
1790149740000,2026-09-23T07:49:00+00:00,86149.8,86176.1,86100,86132.8,7.90229098,680667.896045155,1
1790149800000,2026-09-23T07:50:00+00:00,86132.8,86172.2,86132.7,86167.9,4.93893166,425526.336004025,1
1790149860000,2026-09-23T07:51:00+00:00,86166.4,86221.3,86158,86216.9,7.93697127,684028.66649349,1
1790149920000,2026-09-23T07:52:00+00:00,86216.9,86230.9,86205.4,86227.2,6.77322325,583959.861493898,1
1790149980000,2026-09-23T07:53:00+00:00,86227.2,86231.2,86150,86172.8,10.28547105,886542.74576291,1
1790150040000,2026-09-23T07:54:00+00:00,86172.8,86215,86172,86202.8,8.25159652,711223.590272744,1
1790150100000,2026-09-23T07:55:00+00:00,86202.8,86216.3,86185.8,86195.2,7.53348626,649388.591469103,1
1790150160000,2026-09-23T07:56:00+00:00,86195.1,86209.6,86156.7,86156.7,9.61924766,829035.77168811,1
1790150220000,2026-09-23T07:57:00+00:00,86156.7,86176.1,86128.1,86162,5.72378756,493125.983218485,1
1790150280000,2026-09-23T07:58:00+00:00,86162.2,86186.8,86146.1,86165.9,6.43450756,554422.15965565,1
1790150340000,2026-09-23T07:59:00+00:00,86166,86166,86113.2,86133.3,4.68447283,403473.599230766,1
1790150400000,2026-09-23T08:00:00+00:00,86133.5,86223.7,86133.5,86200,10.02601298,863937.663918818,1
1790150460000,2026-09-23T08:01:00+00:00,86199.8,86249.9,86199.8,86241.2,1.98924281,171519.659901381,1
1790150520000,2026-09-23T08:02:00+00:00,86241.3,86257.7,86226,86226,2.9452283,254023.871512741,1
1790150580000,2026-09-23T08:03:00+00:00,86226,86232.9,86173.9,86173.9,0.5665626,48848.478367436,1
1790150640000,2026-09-23T08:04:00+00:00,86174,86189.5,86139.1,86149.2,3.95292167,340550.015653841,1
1790150700000,2026-09-23T08:05:00+00:00,86149.1,86149.1,86117.6,86122,1.34179397,115578.209026399,1
1790150760000,2026-09-23T08:06:00+00:00,86122.7,86139,86093,86100,2.2405285,192929.331642131,1
1790150820000,2026-09-23T08:07:00+00:00,86099.9,86153.8,86097.4,86147.5,4.22713994,364084.721472062,1
1790150880000,2026-09-23T08:08:00+00:00,86147.5,86190.8,86139.6,86187,2.18079858,187912.596627887,1
1790150940000,2026-09-23T08:09:00+00:00,86187,86215.6,86187,86200.1,2.41735993,208379.810403567,1
1790151000000,2026-09-23T08:10:00+00:00,86200.1,86213.7,86197.9,86213.6,1.5372267,132512.0556731,1
1790151060000,2026-09-23T08:11:00+00:00,86213.6,86229.7,86197.1,86217.3,1.33104056,114764.901182495,1
1790151120000,2026-09-23T08:12:00+00:00,86217.3,86230.8,86196.5,86196.5,1.86818503,161051.588258491,1
1790151180000,2026-09-23T08:13:00+00:00,86196.6,86225.9,86196.6,86197.6,1.71425624,147782.908847395,1
1790151240000,2026-09-23T08:14:00+00:00,86197.5,86197.6,86150,86191.2,2.40921984,207610.95487364,1
1790151300000,2026-09-23T08:15:00+00:00,86191.2,86261.2,86191.2,86260.5,2.84272337,245118.289411377,1
1790151360000,2026-09-23T08:16:00+00:00,86260.5,86264.4,86237.5,86254,4.83940804,417415.38438262,1
1790151420000,2026-09-23T08:17:00+00:00,86254,86261.4,86241.9,86259.1,1.31948401,113806.461275642,1
1790151480000,2026-09-23T08:18:00+00:00,86259.2,86269.9,86242.7,86253.9,4.05675344,349907.368675781,1
1790151540000,2026-09-23T08:19:00+00:00,86253.9,86279.2,86253.9,86277.9,1.99563847,172170.59300936,1
1790151600000,2026-09-23T08:20:00+00:00,86276.9,86277.8,86254,86256.5,1.41367048,121946.516755074,1
1790151660000,2026-09-23T08:21:00+00:00,86257.8,86279.9,86247.5,86247.5,4.22130918,364151.566051123,1
1790151720000,2026-09-23T08:22:00+00:00,86245.3,86266.6,86234.2,86252.9,2.42923939,209540.020498582,1
1790151780000,2026-09-23T08:23:00+00:00,86252,86252,86220.5,86235.5,2.06651976,178203.821531633,1
1790151840000,2026-09-23T08:24:00+00:00,86235.5,86253.9,86204.7,86217.3,2.93715175,253270.768784202,1
1790151900000,2026-09-23T08:25:00+00:00,86217.3,86271.2,86217.3,86243.6,0.98898733,85301.885932456,1
1790151960000,2026-09-23T08:26:00+00:00,86243.6,86251.5,86219.8,86230.6,1.21644432,104906.002980094,1
1790152020000,2026-09-23T08:27:00+00:00,86230.6,86230.6,86160,86170.4,3.61221553,311322.175510784,1
1790152080000,2026-09-23T08:28:00+00:00,86170.3,86197.1,86152.4,86192.5,2.68920918,231768.675082297,1
1790152140000,2026-09-23T08:29:00+00:00,86184.6,86184.6,86152.5,86164.4,1.01355479,87327.132992433,1
1790152200000,2026-09-23T08:30:00+00:00,86164.4,86218.2,86154.6,86200.9,1.96856355,169674.236302867,1
1790152260000,2026-09-23T08:31:00+00:00,86192.4,86211.7,86161,86161.1,0.92563797,79767.51969042,1
1790152320000,2026-09-23T08:32:00+00:00,86161.1,86182.5,86158.1,86171.5,0.39110327,33699.705866615,1
1790152380000,2026-09-23T08:33:00+00:00,86171.6,86204,86171.5,86171.6,2.21951603,191281.893228424,1
1790152440000,2026-09-23T08:34:00+00:00,86171.6,86180.3,86160.8,86163,0.45909322,39559.796152039,1
1790152500000,2026-09-23T08:35:00+00:00,86163,86175.7,86150,86150,0.20196044,17400.008739573,1
1790152560000,2026-09-23T08:36:00+00:00,86150,86184.6,86150,86184.6,0.35610062,30680.056387366,1
1790152620000,2026-09-23T08:37:00+00:00,86184.6,86219.4,86184.6,86219.4,1.18008352,101736.297279719,1
1790152680000,2026-09-23T08:38:00+00:00,86219.3,86219.3,86181.2,86184.7,2.79521492,240958.248082918,1
1790152740000,2026-09-23T08:39:00+00:00,86184.6,86228.5,86178.3,86217.6,3.31368651,285604.969759607,1
1790152800000,2026-09-23T08:40:00+00:00,86217.6,86217.6,86195.8,86195.9,0.72848606,62798.825599349,1
1790152860000,2026-09-23T08:41:00+00:00,86195.9,86215,86183.3,86183.3,0.28750859,24783.395156944,1
1790152920000,2026-09-23T08:42:00+00:00,86183.1,86185.5,86173.9,86173.9,0.28355161,24437.057900138,1
1790152980000,2026-09-23T08:43:00+00:00,86173,86173,86103.3,86103.4,42.6632316,3675014.431419303,1
1790153040000,2026-09-23T08:44:00+00:00,86104.6,86104.6,86084.4,86100,2.8747304,247497.270124155,1
1790153100000,2026-09-23T08:45:00+00:00,86100,86100.1,86061.5,86061.6,0.89929948,77415.694710856,1
1790153160000,2026-09-23T08:46:00+00:00,86061.6,86089.2,86048.4,86051.7,2.99558526,257808.669458377,1
1790153220000,2026-09-23T08:47:00+00:00,86051.7,86051.7,85907.9,85946.9,88.46636249,7606613.632665176,1
1790153280000,2026-09-23T08:48:00+00:00,85944.1,86009.8,85944.1,85989.6,1.90004337,163365.048823239,1
1790153340000,2026-09-23T08:49:00+00:00,85992.1,85992.1,85812.5,85815.2,22.80151014,1957877.024109251,1
1790153400000,2026-09-23T08:50:00+00:00,85813,85894.9,85756,85783.8,17.2336401,1478962.411407854,1
1790153460000,2026-09-23T08:51:00+00:00,85783.7,85812.8,85743.5,85743.5,7.20089563,617583.766780377,1
1790153520000,2026-09-23T08:52:00+00:00,85743.6,85789.3,85700,85719,13.53130014,1160086.113985739,1
1790153580000,2026-09-23T08:53:00+00:00,85718.9,85806,85714.6,85762.2,3.62181258,310652.139576526,1
1790153640000,2026-09-23T08:54:00+00:00,85758.2,85795.5,85718.9,85733.7,3.14434319,269612.126715568,1
1790153700000,2026-09-23T08:55:00+00:00,85733.7,85811.4,85714.7,85793.8,2.8728056,246368.992751976,1
1790153760000,2026-09-23T08:56:00+00:00,85800.6,85868.6,85788,85868.6,4.05285657,347856.535285374,1
1790153820000,2026-09-23T08:57:00+00:00,85869.4,85904.8,85869.4,85904.8,5.2546678,451378.295337404,1
1790153880000,2026-09-23T08:58:00+00:00,85904.7,85925.5,85904.3,85920.2,10.16027882,872865.914759534,1
1790153940000,2026-09-23T08:59:00+00:00,85920.2,85922,85885.8,85912.7,1.16496551,100083.8446147,1
1790154000000,2026-09-23T09:00:00+00:00,85912.7,85949.8,85912.6,85922.4,2.55565985,219587.994733876,1
1790154060000,2026-09-23T09:01:00+00:00,85924,85936.4,85901.8,85924.9,1.00630839,86455.070425382,1
1790154120000,2026-09-23T09:02:00+00:00,85924.9,85956.8,85918.2,85956.8,5.06874327,435629.497171167,1
1790154180000,2026-09-23T09:03:00+00:00,85956.7,85956.7,85934.1,85950.5,0.86413346,74272.038654818,1
1790154240000,2026-09-23T09:04:00+00:00,85950.5,85954.1,85925.2,85925.2,1.67432389,143903.515192421,1
1790154300000,2026-09-23T09:05:00+00:00,85925.1,85925.2,85882.9,85915.3,4.20888646,361580.512628342,1
1790154360000,2026-09-23T09:06:00+00:00,85915.2,85954,85915.2,85953.3,5.81838376,500051.646028745,1
1790154420000,2026-09-23T09:07:00+00:00,85954,86004.2,85954,86000,6.88568514,592118.400304847,1
1790154480000,2026-09-23T09:08:00+00:00,85999.9,86017.1,85996.6,85996.7,1.9167461,164845.805917323,1
1790154540000,2026-09-23T09:09:00+00:00,85996.7,86020,85996.7,86012.9,1.5239991,131084.311044326,1
1790154600000,2026-09-23T09:10:00+00:00,86012.8,86012.9,86009.2,86009.3,0.80931611,69609.025356461,1
1790154660000,2026-09-23T09:11:00+00:00,86009.3,86009.3,85982.7,85989.8,4.87599075,419290.898744348,1
1790154720000,2026-09-23T09:12:00+00:00,85992.4,86008.5,85989.8,86007.8,1.59742885,137371.862628334,1
1790154780000,2026-09-23T09:13:00+00:00,86007.8,86007.8,85944,85944,1.59361727,136994.596713306,1
1790154840000,2026-09-23T09:14:00+00:00,85944,85959.5,85939.8,85954.6,0.61808226,53124.670706596,1
1790154900000,2026-09-23T09:15:00+00:00,85954.6,85982,85946.1,85964.3,6.55161873,563210.084410567,1
1790154960000,2026-09-23T09:16:00+00:00,85962.3,85973.9,85952.7,85971.6,0.96076982,82586.534624841,1
1790155020000,2026-09-23T09:17:00+00:00,85971.7,85999.9,85939.7,85939.8,5.57358504,479203.784832685,1
1790155080000,2026-09-23T09:18:00+00:00,85939.7,85939.8,85922.1,85926.3,1.41542131,121625.740669372,1
1790155140000,2026-09-23T09:19:00+00:00,85926.3,85926.3,85915.9,85922.1,0.90380129,77654.628085605,1
1790155200000,2026-09-23T09:20:00+00:00,85922,85938.5,85919.5,85919.6,0.4241296,36443.093662427,1
1790155260000,2026-09-23T09:21:00+00:00,85919.7,85973.2,85861.6,85964.3,9.62075127,826434.105474137,1
1790155320000,2026-09-23T09:22:00+00:00,85964.4,85973.7,85944,85973,1.79932153,154676.179339105,1
1790155380000,2026-09-23T09:23:00+00:00,85973,85985.9,85973,85976.6,1.92228544,165273.961697593,1
1790155440000,2026-09-23T09:24:00+00:00,85976.7,86000,85971.7,86000,1.57756776,135650.881640875,1
1790155500000,2026-09-23T09:25:00+00:00,86000,86038.6,85996.2,85997,4.90097659,421528.92906768,1
1790155560000,2026-09-23T09:26:00+00:00,85996.9,86000.8,85978.2,85992.9,1.25121014,107593.331206569,1
1790155620000,2026-09-23T09:27:00+00:00,85992.9,86007.3,85983.6,85983.6,0.84876461,72986.980104394,1
1790155680000,2026-09-23T09:28:00+00:00,85979.7,85979.7,85886.6,85909.4,12.260512,1053659.264285922,1
1790155740000,2026-09-23T09:29:00+00:00,85910.1,85910.1,85875.7,85903,2.36046956,202742.32470825,1
1790155800000,2026-09-23T09:30:00+00:00,85903.1,85946.3,85903.1,85936.9,0.86692735,74498.407099418,1
1790155860000,2026-09-23T09:31:00+00:00,85936.8,85936.8,85887.9,85900,1.12953639,97027.881659299,1
1790155920000,2026-09-23T09:32:00+00:00,85900,85900,85870,85881.2,0.49097557,42163.07717763,1
1790155980000,2026-09-23T09:33:00+00:00,85881.2,85881.2,85856.7,85861.9,1.09370454,93915.314996289,1
1790156040000,2026-09-23T09:34:00+00:00,85860.8,85860.8,85805.4,85833.8,2.98342079,256077.220049533,1
1790156100000,2026-09-23T09:35:00+00:00,85833.8,85862.2,85818.4,85824.1,2.10441408,180633.425073934,1
1790156160000,2026-09-23T09:36:00+00:00,85823.8,85823.9,85805.4,85823.8,1.05908049,90878.318849514,1
1790156220000,2026-09-23T09:37:00+00:00,85823.9,85840.6,85822.1,85823.1,0.98663784,84681.809171256,1
1790156280000,2026-09-23T09:38:00+00:00,85823,85857.8,85823,85852.5,0.30914984,26540.038943609,1
1790156340000,2026-09-23T09:39:00+00:00,85852.5,85852.5,85813.6,85813.6,2.70799287,232420.704432127,1
1790156400000,2026-09-23T09:40:00+00:00,85813.7,85817.8,85803.2,85805.1,1.51985844,130418.130138298,1
1790156460000,2026-09-23T09:41:00+00:00,85805,85820.2,85796.7,85798.5,0.78346278,67227.703076246,1
1790156520000,2026-09-23T09:42:00+00:00,85798.5,85820.9,85798.5,85818.4,2.50665849,215091.901238154,1
1790156580000,2026-09-23T09:43:00+00:00,85818.6,85821.6,85802.9,85807.5,1.72128132,147713.421485921,1
1790156640000,2026-09-23T09:44:00+00:00,85807.4,85814,85802.7,85806.7,0.84021137,72096.833387787,1
1790156700000,2026-09-23T09:45:00+00:00,85805.6,85848.1,85805.5,85837.7,2.23528706,191854.946509799,1
1790156760000,2026-09-23T09:46:00+00:00,85835.2,85835.2,85816.6,85817.3,0.88420751,75886.627349915,1
1790156820000,2026-09-23T09:47:00+00:00,85817.3,85820.8,85802.7,85819.4,3.66808494,314774.66544656,1
1790156880000,2026-09-23T09:48:00+00:00,85819.3,85828.7,85805.9,85806,1.46210737,125475.795336653,1
1790156940000,2026-09-23T09:49:00+00:00,85806,85850.7,85805.9,85850.7,3.93959149,338119.930188393,1
1790157000000,2026-09-23T09:50:00+00:00,85850.6,85870,85802.7,85809.9,5.20207911,446483.704790467,1
1790157060000,2026-09-23T09:51:00+00:00,85812.5,85822.5,85802.7,85802.8,1.86765583,160272.73067847,1
1790157120000,2026-09-23T09:52:00+00:00,85802.8,85812.5,85789,85812.5,1.17987481,101226.829973428,1
1790157180000,2026-09-23T09:53:00+00:00,85812.6,85812.6,85760,85760,1.82863904,156857.540521218,1
1790157240000,2026-09-23T09:54:00+00:00,85760.1,85813.7,85740.7,85813.6,5.32580181,456775.517097673,1
1790157300000,2026-09-23T09:55:00+00:00,85813.7,85855.6,85812.9,85855.5,0.84399301,72431.896318966,1
1790157360000,2026-09-23T09:56:00+00:00,85855.5,85927.1,85855.5,85900.5,3.45659322,296881.767024382,1
1790157420000,2026-09-23T09:57:00+00:00,85900.5,85930.1,85843.7,85846.7,9.85696172,846530.340791292,1
1790157480000,2026-09-23T09:58:00+00:00,85846.7,85865.4,85822.7,85822.7,3.21064132,275631.694281187,1
1790157540000,2026-09-23T09:59:00+00:00,85822.7,85868.9,85822.7,85861.7,1.43781614,123438.194571551,1
1790157600000,2026-09-23T10:00:00+00:00,85861.8,85937.9,85835.9,85909.4,9.80733406,842419.811364014,1
1790157660000,2026-09-23T10:01:00+00:00,85909.5,85909.5,85822.6,85861.5,0.86389585,74182.89445904,1
1790157720000,2026-09-23T10:02:00+00:00,85858.8,85888.1,85835.8,85888.1,0.93470971,80264.47743068,1
1790157780000,2026-09-23T10:03:00+00:00,85888.7,85891.1,85869.6,85880.2,0.30775623,26430.088550265,1
1790157840000,2026-09-23T10:04:00+00:00,85880.3,85906.2,85880.3,85882.5,0.63446576,54499.001759044,1
1790157900000,2026-09-23T10:05:00+00:00,85880.9,85884.7,85874.7,85874.8,0.41513528,35651.553748471,1
1790157960000,2026-09-23T10:06:00+00:00,85874.7,85874.7,85848.9,85865.5,0.61946882,53184.858356283,1
1790158020000,2026-09-23T10:07:00+00:00,85865.6,85865.6,85835.9,85835.9,1.2712659,109140.576218641,1
1790158080000,2026-09-23T10:08:00+00:00,85831.7,85851.2,85827.4,85851.2,1.75539149,150681.632629021,1
1790158140000,2026-09-23T10:09:00+00:00,85851.1,85864.4,85851.1,85855.7,0.22052763,18934.497387455,1
1790158200000,2026-09-23T10:10:00+00:00,85855.6,85855.7,85826.9,85826.9,1.02604138,88076.05985011,1
1790158260000,2026-09-23T10:11:00+00:00,85827,85859.9,85826.9,85859.9,1.11950408,96106.964920078,1
1790158320000,2026-09-23T10:12:00+00:00,85859.8,85889.7,85840.2,85840.3,1.07461872,92275.736856244,1
1790158380000,2026-09-23T10:13:00+00:00,85841,85866.5,85835.9,85835.9,0.60851155,52242.541176274,1
1790158440000,2026-09-23T10:14:00+00:00,85835.9,85889,85829.1,85855.8,2.58442586,221896.322849136,1
1790158500000,2026-09-23T10:15:00+00:00,85855.5,85855.5,85817.8,85845.9,0.50291386,43166.177943245,1
1790158560000,2026-09-23T10:16:00+00:00,85845.9,85848,85819.5,85824.1,6.29789031,540649.17124683,1
1790158620000,2026-09-23T10:17:00+00:00,85825.4,85844,85825.4,85841.8,0.6020942,51681.973573843,1
1790158680000,2026-09-23T10:18:00+00:00,85841.8,85844,85800,85817.7,1.9595616,168156.82974594,1
1790158740000,2026-09-23T10:19:00+00:00,85817.7,85844,85817.7,85836.3,0.47826525,41054.281374718,1
1790158800000,2026-09-23T10:20:00+00:00,85836.3,85843.9,85791.9,85792,0.69734502,59842.823325319,1
1790158860000,2026-09-23T10:21:00+00:00,85792.7,85807.1,85761.4,85785.1,0.76633504,65734.679886551,1
1790158920000,2026-09-23T10:22:00+00:00,85787.4,85787.6,85750.4,85754.6,4.44199527,380968.772087599,1
1790158980000,2026-09-23T10:23:00+00:00,85754.7,85754.7,85670.2,85706.4,51.20241344,4389949.258261641,1
1790159040000,2026-09-23T10:24:00+00:00,85707.1,85717.8,85674.3,85676,2.01546414,172736.044461426,1
1790159100000,2026-09-23T10:25:00+00:00,85676,85695.5,85656.6,85673.5,2.4109348,206544.985743121,1
1790159160000,2026-09-23T10:26:00+00:00,85673.6,85688,85661.6,85688,6.63836292,568744.708162819,1
1790159220000,2026-09-23T10:27:00+00:00,85687.9,85791.5,85687.9,85757.1,3.33323651,285804.863112167,1
1790159280000,2026-09-23T10:28:00+00:00,85757.1,85787.8,85744.3,85762.3,3.23758742,277641.822066164,1
1790159340000,2026-09-23T10:29:00+00:00,85762.2,85800,85762.2,85799.9,1.77010396,151842.263803564,1
1790159400000,2026-09-23T10:30:00+00:00,85800,85880.2,85799.9,85809.9,11.32995551,972415.068091808,1
1790159460000,2026-09-23T10:31:00+00:00,85810,85810,85774.9,85774.9,6.4825478,556106.152205643,1
1790159520000,2026-09-23T10:32:00+00:00,85775,85793.2,85762,85764.3,1.4275034,122447.028637618,1
1790159580000,2026-09-23T10:33:00+00:00,85767.8,85782.7,85749.1,85749.2,1.07075763,91840.342730597,1
1790159640000,2026-09-23T10:34:00+00:00,85749.1,85840.5,85740.2,85814.1,6.71837888,576258.63480845,1
1790159700000,2026-09-23T10:35:00+00:00,85814,85814,85779.2,85779.3,0.5028489,43142.021899697,1
1790159760000,2026-09-23T10:36:00+00:00,85779.2,85850,85778.4,85850,1.02565235,88039.810508392,1
1790159820000,2026-09-23T10:37:00+00:00,85849.9,85869.9,85849.9,85866.1,1.51215273,129826.393857403,1
1790159880000,2026-09-23T10:38:00+00:00,85866.1,85872.6,85837.9,85837.9,2.42264018,208018.274423552,1
1790159940000,2026-09-23T10:39:00+00:00,85838,85879.9,85838,85879.9,0.6049078,51937.687971004,1
1790160000000,2026-09-23T10:40:00+00:00,85879.8,85880,85875.1,85875.2,2.41474001,207376.065085766,1
1790160060000,2026-09-23T10:41:00+00:00,85875.2,85878.2,85851.5,85851.5,2.45702472,210968.498789494,1
1790160120000,2026-09-23T10:42:00+00:00,85851.6,85876.7,85834.4,85862.7,1.29775367,111423.068110247,1
1790160180000,2026-09-23T10:43:00+00:00,85863.2,85863.4,85855.8,85862,3.21489003,276035.924337655,1
1790160240000,2026-09-23T10:44:00+00:00,85862,85884.2,85855.9,85881.8,3.89745088,334682.89691643,1
1790160300000,2026-09-23T10:45:00+00:00,85881.7,85909.6,85880.8,85885,2.08019797,178673.695296608,1
1790160360000,2026-09-23T10:46:00+00:00,85884.9,85896.8,85884.9,85894.9,5.21216397,447693.310088923,1
1790160420000,2026-09-23T10:47:00+00:00,85894.8,85895.4,85875,85875,0.87900458,75493.72582933,1
1790160480000,2026-09-23T10:48:00+00:00,85875,85875,85859.1,85874.2,1.03477214,88852.038439376,1
1790160540000,2026-09-23T10:49:00+00:00,85874.1,85874.2,85874.1,85874.2,0.26122004,22432.036895505,1
1790160600000,2026-09-23T10:50:00+00:00,85874.2,85904,85855.8,85855.8,1.22159705,104899.825801573,1
1790160660000,2026-09-23T10:51:00+00:00,85853.7,85855.8,85830.4,85847.8,10.16330356,872403.415145949,1
1790160720000,2026-09-23T10:52:00+00:00,85847.9,85851.3,85828.8,85851.3,1.04864208,90012.523427205,1
1790160780000,2026-09-23T10:53:00+00:00,85851.3,85851.3,85832.6,85832.7,0.75001774,64381.334113091,1
1790160840000,2026-09-23T10:54:00+00:00,85832.7,85832.7,85832.6,85832.6,1.2794803,109821.12175705,1
1790160900000,2026-09-23T10:55:00+00:00,85832.7,85862.7,85832.7,85862.7,1.90151877,163243.331503376,1
1790160960000,2026-09-23T10:56:00+00:00,85862.6,85906.6,85862.6,85863.1,4.7567596,408545.69258865,1
1790161020000,2026-09-23T10:57:00+00:00,85863.1,85889.1,85857.3,85867.1,1.39977706,120197.76667935,1
1790161080000,2026-09-23T10:58:00+00:00,85866,85923.7,85866,85914.9,1.18730893,101987.157877576,1
1790161140000,2026-09-23T10:59:00+00:00,85908.4,85931.5,85908.3,85924,2.41206182,207241.303950842,1
1790161200000,2026-09-23T11:00:00+00:00,85926.7,85951.8,85918.3,85950.6,3.3317102,286319.115350725,1
1790161260000,2026-09-23T11:01:00+00:00,85951.7,85979.9,85875.1,85875.1,8.20385276,705022.117292229,1
1790161320000,2026-09-23T11:02:00+00:00,85875,85882.6,85844.5,85845,1.3681817,117468.513335855,1
1790161380000,2026-09-23T11:03:00+00:00,85845,85856.7,85834.5,85834.6,1.34181757,115187.823248597,1
1790161440000,2026-09-23T11:04:00+00:00,85834.6,85900.5,85834.5,85883.7,5.66761836,486677.949360926,1
1790161500000,2026-09-23T11:05:00+00:00,85883.8,85896.5,85855.1,85855.1,1.13006299,97055.940168276,1
1790161560000,2026-09-23T11:06:00+00:00,85853.6,85853.6,85839.6,85840,0.95410107,81908.99752474,1
1790161620000,2026-09-23T11:07:00+00:00,85840,85870.3,85840,85868.1,0.90765271,77926.601102878,1
1790161680000,2026-09-23T11:08:00+00:00,85868.2,85892.5,85845.2,85845.2,1.06313159,91295.267423428,1
1790161740000,2026-09-23T11:09:00+00:00,85845.2,85860.1,85839.5,85860.1,1.23569464,106077.848783335,1
1790161800000,2026-09-23T11:10:00+00:00,85860.1,85860.1,85740.4,85742.5,10.97597482,941874.922957873,1
1790161860000,2026-09-23T11:11:00+00:00,85742.5,85766.6,85740.5,85766.6,1.60909356,137989.200790895,1
1790161920000,2026-09-23T11:12:00+00:00,85766.7,85766.7,85733.3,85733.5,0.82427434,70682.743712429,1
1790161980000,2026-09-23T11:13:00+00:00,85733.3,85749.7,85703.1,85749.6,3.89331968,333714.151984331,1
1790162040000,2026-09-23T11:14:00+00:00,85749.7,85759.1,85745,85755.6,6.83910013,586439.173432434,1
1790162100000,2026-09-23T11:15:00+00:00,85755.7,85763.1,85749.1,85750.9,2.155294,184824.518866267,1
1790162160000,2026-09-23T11:16:00+00:00,85750.8,85750.8,85735.8,85740.1,1.78918052,153402.904545271,1
1790162220000,2026-09-23T11:17:00+00:00,85740.2,85740.2,85717.6,85717.6,4.59958678,394323.732343523,1
1790162280000,2026-09-23T11:18:00+00:00,85717.5,85718.6,85701.5,85701.5,0.40699203,34881.766248571,1
1790162340000,2026-09-23T11:19:00+00:00,85701.5,85701.5,85700,85700,0.2449342,20990.885347102,1
1790162400000,2026-09-23T11:20:00+00:00,85700,85700.1,85632.3,85640,9.11903982,781341.545081267,1
1790162460000,2026-09-23T11:21:00+00:00,85640.1,85644.7,85600,85608,4.54864645,389477.58666341,1
1790162520000,2026-09-23T11:22:00+00:00,85608,85608.1,85574.5,85599.5,5.91091066,505899.061850276,1
1790162580000,2026-09-23T11:23:00+00:00,85597.2,85636.2,85591.9,85619,3.67841373,314906.147350827,1
1790162640000,2026-09-23T11:24:00+00:00,85619,85619.1,85575.5,85577,0.97264545,83243.023444065,1
1790162700000,2026-09-23T11:25:00+00:00,85577.1,85636.3,85551,85555,4.73163517,404978.673629397,1
1790162760000,2026-09-23T11:26:00+00:00,85555.8,85575.5,85539,85548.8,4.27080389,365415.302239331,1
1790162820000,2026-09-23T11:27:00+00:00,85548.9,85561.3,85548.2,85550,0.96736529,82761.80885469,1
1790162880000,2026-09-23T11:28:00+00:00,85550,85568.2,85515,85556.3,3.88397467,332237.834118032,1
1790162940000,2026-09-23T11:29:00+00:00,85556.3,85556.3,85440.8,85510.5,12.09586646,1034120.410307628,1
1790163000000,2026-09-23T11:30:00+00:00,85514.5,85540,85510.5,85540,1.2722771,108804.052946532,1
1790163060000,2026-09-23T11:31:00+00:00,85540,85597,85540,85578.1,1.84299948,157684.243015649,1
1790163120000,2026-09-23T11:32:00+00:00,85578.2,85612.9,85523.2,85565,2.78321657,238151.074100665,1
1790163180000,2026-09-23T11:33:00+00:00,85573.6,85598.6,85532.1,85543.5,1.80081957,154068.026180011,1
1790163240000,2026-09-23T11:34:00+00:00,85543.5,85560.4,85488.8,85523.1,1.97942899,169253.273605886,1
1790163300000,2026-09-23T11:35:00+00:00,85523.1,85560,85504,85508.5,0.55249932,47250.361569644,1
1790163360000,2026-09-23T11:36:00+00:00,85511.9,85523.1,85503.9,85509.5,1.50624675,128806.088030299,1
1790163420000,2026-09-23T11:37:00+00:00,85508.8,85518,85477.6,85488.4,1.80990209,154737.241359461,1
1790163480000,2026-09-23T11:38:00+00:00,85488.5,85502,85488.4,85488.4,6.56775943,561514.77866572,1
1790163540000,2026-09-23T11:39:00+00:00,85488.5,85498.2,85458.2,85491.7,5.13644394,439021.631463623,1
1790163600000,2026-09-23T11:40:00+00:00,85486.7,85502.5,85467.9,85467.9,0.74843568,63983.254333168,1
1790163660000,2026-09-23T11:41:00+00:00,85466.9,85512.1,85449.6,85494.1,2.41734043,206646.770604917,1
1790163720000,2026-09-23T11:42:00+00:00,85494,85508.1,85475.4,85505.1,1.61498384,138067.429283349,1
1790163780000,2026-09-23T11:43:00+00:00,85505,85505,85481.4,85488.8,0.49325593,42168.556884418,1
1790163840000,2026-09-23T11:44:00+00:00,85488.9,85522.6,85483.4,85522.5,1.12799406,96448.875917582,1
1790163900000,2026-09-23T11:45:00+00:00,85522.6,85571,85514.5,85567.4,4.31529054,369126.03057059,1
1790163960000,2026-09-23T11:46:00+00:00,85567.4,85608.9,85567.3,85608.9,2.879269,246434.219988406,1
1790164020000,2026-09-23T11:47:00+00:00,85608.9,85630.3,85608.9,85620.4,3.28522766,281273.474834763,1
1790164080000,2026-09-23T11:48:00+00:00,85620.5,85659.9,85585.6,85631.8,2.4959766,213750.480142374,1
1790164140000,2026-09-23T11:49:00+00:00,85631.8,85666.3,85631.8,85653.3,2.5947408,222244.821661305,1
1790164200000,2026-09-23T11:50:00+00:00,85653.3,85657.5,85627.5,85657,1.18003624,101059.858181127,1
1790164260000,2026-09-23T11:51:00+00:00,85656.9,85675.6,85642.4,85654.8,3.86315006,330913.475085452,1
1790164320000,2026-09-23T11:52:00+00:00,85650.7,85685,85650.7,85668.2,2.24482963,192312.697921318,1
1790164380000,2026-09-23T11:53:00+00:00,85668.2,85684.2,85647.9,85648,0.78215043,67006.815063069,1
1790164440000,2026-09-23T11:54:00+00:00,85648,85662,85647.2,85662,0.82104755,70321.361814369,1
1790164500000,2026-09-23T11:55:00+00:00,85661.9,85674.1,85660.2,85668.7,5.9361166,508506.553585361,1
1790164560000,2026-09-23T11:56:00+00:00,85670.4,85673.8,85669.5,85673.1,1.43129114,122622.619445871,1
1790164620000,2026-09-23T11:57:00+00:00,85673.1,85673.1,85662.4,85662.5,0.66462916,56936.778936362,1
1790164680000,2026-09-23T11:58:00+00:00,85662.4,85662.5,85655.5,85655.6,0.87064226,74577.085907395,1
1790164740000,2026-09-23T11:59:00+00:00,85655.6,85658.7,85644.8,85658.7,1.51583688,129838.100909678,1
1790164800000,2026-09-23T12:00:00+00:00,85658.7,85685.3,85649.1,85665.6,1.74172787,149217.114464347,1
1790164860000,2026-09-23T12:01:00+00:00,85670.2,85670.3,85605.6,85628,6.97839863,597565.497590635,1
1790164920000,2026-09-23T12:02:00+00:00,85628.1,85628.1,85601.3,85609.8,1.54532495,132289.554992358,1
1790164980000,2026-09-23T12:03:00+00:00,85609.8,85609.9,85489.9,85506.8,31.30028484,2676297.714567854,1
1790165040000,2026-09-23T12:04:00+00:00,85506.9,85533,85480.1,85484.8,1.83424702,156817.408907737,1
1790165100000,2026-09-23T12:05:00+00:00,85481.6,85551.4,85479.2,85516.6,10.44706643,893341.016744857,1
1790165160000,2026-09-23T12:06:00+00:00,85520.5,85552.1,85465.7,85470.1,2.79326118,238858.592797055,1
1790165220000,2026-09-23T12:07:00+00:00,85470.1,85531.1,85470,85530.8,2.88609028,246740.600273335,1
1790165280000,2026-09-23T12:08:00+00:00,85531.2,85552.1,85529.4,85552.1,2.20841371,188894.735488349,1
1790165340000,2026-09-23T12:09:00+00:00,85552.1,85574,85550,85570,2.12709955,182000.458270194,1
1790165400000,2026-09-23T12:10:00+00:00,85570.1,85570.1,85536.6,85554.8,3.68471414,315211.935932706,1
1790165460000,2026-09-23T12:11:00+00:00,85554.8,85554.8,85518.1,85532.6,5.68943349,486696.051608062,1
1790165520000,2026-09-23T12:12:00+00:00,85535.3,85547.8,85501.7,85501.8,4.94127679,422628.717018667,1
1790165580000,2026-09-23T12:13:00+00:00,85501.8,85504.2,85474.5,85474.5,21.44578215,1833489.92160836,1
1790165640000,2026-09-23T12:14:00+00:00,85471.1,85479.7,85471.1,85479.6,1.63924902,140116.678847094,1
1790165700000,2026-09-23T12:15:00+00:00,85479.7,85516.6,85455.7,85488.3,6.34419022,542322.701449538,1
1790165760000,2026-09-23T12:16:00+00:00,85488.3,85500.4,85471.3,85471.3,0.49765625,42542.80496273,1
1790165820000,2026-09-23T12:17:00+00:00,85471.2,85471.2,85334.9,85396.9,53.38747148,4559184.328364232,1
1790165880000,2026-09-23T12:18:00+00:00,85389,85403.9,85323.8,85329.3,9.50390268,811242.443108628,1
1790165940000,2026-09-23T12:19:00+00:00,85329.3,85378.6,85273.4,85291.7,12.15414196,1036840.951814479,1
1790166000000,2026-09-23T12:20:00+00:00,85291.7,85350.7,85289,85350.6,2.58881422,220897.654213511,1
1790166060000,2026-09-23T12:21:00+00:00,85350.7,85385.2,85350.7,85374.5,4.05015283,345770.681920113,1
1790166120000,2026-09-23T12:22:00+00:00,85375.4,85442,85375.4,85426.8,7.13355334,609317.83066752,1
1790166180000,2026-09-23T12:23:00+00:00,85433,85473.2,85433,85451.1,4.7707615,407680.449841596,1
1790166240000,2026-09-23T12:24:00+00:00,85451.1,85509.5,85451.1,85509.5,1.04648289,89459.350488964,1
1790166300000,2026-09-23T12:25:00+00:00,85509.5,85534,85501.6,85501.6,4.00516389,342505.048704445,1
1790166360000,2026-09-23T12:26:00+00:00,85501.6,85516.7,85485.7,85485.7,2.78263056,237906.831156747,1
1790166420000,2026-09-23T12:27:00+00:00,85485.8,85485.8,85449.7,85449.7,0.96633216,82587.704391437,1
1790166480000,2026-09-23T12:28:00+00:00,85449.7,85489.9,85449.7,85489.9,1.64025178,140185.868872459,1
1790166540000,2026-09-23T12:29:00+00:00,85489.8,85494.4,85480.1,85493,2.59210653,221584.793093275,1
1790166600000,2026-09-23T12:30:00+00:00,85492.9,85552.1,85492.9,85533.5,3.15458682,269789.929092963,1
1790166660000,2026-09-23T12:31:00+00:00,85534.3,85548.4,85518.8,85548.4,4.23150844,361909.530129742,1
1790166720000,2026-09-23T12:32:00+00:00,85548.4,85581.9,85547.5,85581.9,3.18913929,272860.7440402,1
1790166780000,2026-09-23T12:33:00+00:00,85581.9,85586.1,85517.6,85531.2,6.39852207,547477.562628169,1
1790166840000,2026-09-23T12:34:00+00:00,85535.9,85536,85501.7,85518.9,0.57220744,48936.478519734,1
1790166900000,2026-09-23T12:35:00+00:00,85518.9,85523.1,85485.7,85485.7,1.29760362,110950.352980261,1
1790166960000,2026-09-23T12:36:00+00:00,85485.8,85529.1,85485.8,85500,8.27178919,707219.593914952,1
1790167020000,2026-09-23T12:37:00+00:00,85500,85531.4,85500,85531.4,7.57435844,647653.04234327,1
1790167080000,2026-09-23T12:38:00+00:00,85531.4,85548.5,85514.4,85514.4,12.4601818,1065699.256731241,1
1790167140000,2026-09-23T12:39:00+00:00,85514.2,85530.7,85505,85505,0.54147468,46306.911653684,1
1790167200000,2026-09-23T12:40:00+00:00,85505.1,85534.7,85500,85502,7.58689155,648801.621338798,1
1790167260000,2026-09-23T12:41:00+00:00,85502.1,85504.7,85488.8,85488.8,23.65807115,2022810.695466132,1
1790167320000,2026-09-23T12:42:00+00:00,85488.7,85488.9,85475.4,85479,4.48148425,383064.915675823,1
1790167380000,2026-09-23T12:43:00+00:00,85478.9,85497.4,85466.9,85478.6,3.24983006,277816.296717579,1
1790167440000,2026-09-23T12:44:00+00:00,85478.6,85482.5,85465.3,85465.4,11.54958388,987241.251181777,1
1790167500000,2026-09-23T12:45:00+00:00,85465.4,85500,85465.3,85499.9,0.97816213,83615.228960884,1
1790167560000,2026-09-23T12:46:00+00:00,85500,85520.5,85500,85500.8,1.89829361,162315.017094721,1
1790167620000,2026-09-23T12:47:00+00:00,85503.2,85514.3,85501.6,85508,0.67913292,58070.706897239,1
1790167680000,2026-09-23T12:48:00+00:00,85508,85560,85508,85559.7,1.64119319,140399.595576766,1
1790167740000,2026-09-23T12:49:00+00:00,85559.6,85559.6,85487.8,85487.8,4.86444656,415955.580512542,1
1790167800000,2026-09-23T12:50:00+00:00,85487.8,85494.8,85467.9,85467.9,0.91051267,77835.857755215,1
1790167860000,2026-09-23T12:51:00+00:00,85466.9,85466.9,85414.9,85420.5,2.55697008,218458.637811659,1
1790167920000,2026-09-23T12:52:00+00:00,85423.9,85436.2,85404.6,85432,1.56299228,133514.734885555,1
1790167980000,2026-09-23T12:53:00+00:00,85432,85473.2,85420,85473.2,0.55134098,47107.827905377,1
1790168040000,2026-09-23T12:54:00+00:00,85473.2,85503.8,85471.1,85480.1,1.53881903,131549.437643727,1
1790168100000,2026-09-23T12:55:00+00:00,85480.1,85481.5,85441.8,85480.6,0.73129193,62501.513918494,1
1790168160000,2026-09-23T12:56:00+00:00,85479.2,85480.5,85449.7,85479.6,0.90046392,76965.87908192,1
1790168220000,2026-09-23T12:57:00+00:00,85479.7,85499,85462.7,85472.7,2.56663804,219393.718554998,1
1790168280000,2026-09-23T12:58:00+00:00,85472.6,85491.5,85464.6,85488.3,0.63763053,54501.329466,1
1790168340000,2026-09-23T12:59:00+00:00,85488.3,85516.6,85488.3,85506,2.551907,218190.310961702,1
1790168400000,2026-09-23T13:00:00+00:00,85505.7,85529.4,85466.8,85466.8,1.6848755,144075.1036968,1
1790168460000,2026-09-23T13:01:00+00:00,85466.9,85479.6,85445.4,85470.9,2.36777804,202363.567095089,1
1790168520000,2026-09-23T13:02:00+00:00,85470.9,85470.9,85445.2,85454,4.69110124,400871.388462853,1
1790168580000,2026-09-23T13:03:00+00:00,85452.1,85452.1,85415,85415,1.13737709,97170.731939162,1
1790168640000,2026-09-23T13:04:00+00:00,85415,85415,85383.3,85397.3,1.79485201,153285.463301721,1
1790168700000,2026-09-23T13:05:00+00:00,85397.4,85397.4,85359.8,85382.9,7.55530641,645048.103528218,1
1790168760000,2026-09-23T13:06:00+00:00,85382.8,85388.9,85365.5,85388.9,1.9168498,163655.897498584,1
1790168820000,2026-09-23T13:07:00+00:00,85389,85414.9,85338.3,85342.5,4.79569846,409422.661185444,1
1790168880000,2026-09-23T13:08:00+00:00,85340.9,85340.9,85300,85326.7,5.63436904,480702.770829332,1
1790168940000,2026-09-23T13:09:00+00:00,85326.7,85347.5,85289.2,85340.4,22.02539956,1879190.965155302,1
1790169000000,2026-09-23T13:10:00+00:00,85340.4,85457.7,85326.6,85379.5,10.54356302,900387.009185716,1
1790169060000,2026-09-23T13:11:00+00:00,85379.5,85416.3,85340.4,85412.1,2.93749106,250791.027025086,1
1790169120000,2026-09-23T13:12:00+00:00,85407.9,85424.9,85397.5,85405.3,0.45444252,38809.730509238,1
1790169180000,2026-09-23T13:13:00+00:00,85405.3,85420,85346.4,85378.8,2.76812194,236348.456526109,1
1790169240000,2026-09-23T13:14:00+00:00,85378.8,85381.6,85346.8,85370.5,1.49029661,127207.959414399,1
1790169300000,2026-09-23T13:15:00+00:00,85370.5,85425.8,85370.5,85424.9,1.51825222,129662.071407499,1
1790169360000,2026-09-23T13:16:00+00:00,85426.3,85473.2,85426.3,85473.2,1.12463794,96110.430635946,1
1790169420000,2026-09-23T13:17:00+00:00,85473.1,85495.3,85473.1,85495.3,2.39586549,204798.084774678,1
1790169480000,2026-09-23T13:18:00+00:00,85495.3,85495.3,85414.8,85414.9,2.32831841,198979.937331357,1
1790169540000,2026-09-23T13:19:00+00:00,85414.9,85459.2,85409.8,85455.3,3.44958964,294660.153923363,1
1790169600000,2026-09-23T13:20:00+00:00,85455.3,85500,85455.3,85497.7,2.49790118,213552.00412541,1
1790169660000,2026-09-23T13:21:00+00:00,85496.8,85499.9,85446.9,85470.8,1.02559427,87654.182460374,1
1790169720000,2026-09-23T13:22:00+00:00,85470.8,85490.8,85461.5,85465.7,1.02091812,87263.00859558,1
1790169780000,2026-09-23T13:23:00+00:00,85465.7,85473.7,85454.4,85473,1.6848839,143998.713066088,1
1790169840000,2026-09-23T13:24:00+00:00,85473,85516.6,85467.9,85467.9,1.79846843,153754.324319118,1
1790169900000,2026-09-23T13:25:00+00:00,85468,85494.6,85429.4,85494.6,8.08298844,690814.163617605,1
1790169960000,2026-09-23T13:26:00+00:00,85497.4,85552.7,85494.6,85519.5,4.21350724,360403.922858421,1
1790170020000,2026-09-23T13:27:00+00:00,85519.4,85564.2,85508,85564.1,9.52779821,815055.722040022,1
1790170080000,2026-09-23T13:28:00+00:00,85564.1,85597,85556.3,85570,2.2686943,194148.381737219,1
1790170140000,2026-09-23T13:29:00+00:00,85570,85570,85540.7,85557.3,2.45504344,210048.414995442,1
1790170200000,2026-09-23T13:30:00+00:00,85557.3,85628.4,85527.9,85573.7,9.34789084,800074.780141994,1
1790170260000,2026-09-23T13:31:00+00:00,85564.2,85607.6,85540.3,85599,2.49369401,213380.5699336,1
1790170320000,2026-09-23T13:32:00+00:00,85591.9,85692.6,85574.8,85689.8,4.52204892,387259.878845799,1
1790170380000,2026-09-23T13:33:00+00:00,85692,85721.4,85600,85677.4,14.57117787,1248471.01970763,1
1790170440000,2026-09-23T13:34:00+00:00,85677.4,85677.4,85600,85600,13.57361658,1162452.648336409,1
1790170500000,2026-09-23T13:35:00+00:00,85600,85616.4,85550.9,85550.9,7.73196269,661693.975912487,1
1790170560000,2026-09-23T13:36:00+00:00,85550.9,85677.9,85533.7,85610.2,9.86467267,844651.099921447,1
1790170620000,2026-09-23T13:37:00+00:00,85610.3,85789.7,85605.6,85789.7,17.7078221,1517862.507368282,1
1790170680000,2026-09-23T13:38:00+00:00,85789.9,85846,85779.3,85786.9,6.3711629,546701.447333206,1
1790170740000,2026-09-23T13:39:00+00:00,85786.9,85820.4,85748.1,85748.2,4.57448475,392348.866698199,1
1790170800000,2026-09-23T13:40:00+00:00,85748.2,85855,85736,85854.9,3.79649419,325786.791231205,1
1790170860000,2026-09-23T13:41:00+00:00,85855,85887.8,85809,85823.7,12.21787695,1048949.004649678,1
1790170920000,2026-09-23T13:42:00+00:00,85823.6,85887.8,85757.8,85757.8,6.09614696,523306.491407227,1
1790170980000,2026-09-23T13:43:00+00:00,85757.8,85853.1,85757.8,85828.9,4.05749156,348190.793314787,1
1790171040000,2026-09-23T13:44:00+00:00,85828.9,85870.4,85822.6,85837.9,2.76549235,237412.709215783,1
1790171100000,2026-09-23T13:45:00+00:00,85837.4,85849.5,85692.6,85707.8,6.29830403,540359.325233412,1
1790171160000,2026-09-23T13:46:00+00:00,85715,85773.2,85648.4,85720.2,10.46270978,896932.036849471,1
1790171220000,2026-09-23T13:47:00+00:00,85720.2,85759,85676.7,85713.7,5.94824171,509973.525621024,1
1790171280000,2026-09-23T13:48:00+00:00,85713.8,85761.2,85634.5,85671.6,2.95264914,253025.676420996,1
1790171340000,2026-09-23T13:49:00+00:00,85670,85708.1,85624.7,85686.5,6.6469664,569490.343872665,1
1790171400000,2026-09-23T13:50:00+00:00,85686.5,85749.9,85621.8,85637.7,3.72896922,319551.271668019,1
1790171460000,2026-09-23T13:51:00+00:00,85636.1,85658.8,85561.5,85620.3,4.61486059,394999.314432677,1
1790171520000,2026-09-23T13:52:00+00:00,85619.7,85730.7,85603.3,85699,3.77088537,323061.538549684,1
1790171580000,2026-09-23T13:53:00+00:00,85693.8,85730.7,85663.9,85666.8,3.17878378,272442.759080588,1
1790171640000,2026-09-23T13:54:00+00:00,85666.8,85710,85607.1,85707.9,3.98178417,340957.266935005,1
1790171700000,2026-09-23T13:55:00+00:00,85704.1,85730.7,85680.1,85704,4.61287181,395381.254947963,1
1790171760000,2026-09-23T13:56:00+00:00,85705.3,85720,85667.2,85720,5.2509229,449977.92145346,1
1790171820000,2026-09-23T13:57:00+00:00,85720,85830.9,85720,85830.9,11.83151559,1014953.072160993,1
1790171880000,2026-09-23T13:58:00+00:00,85830.8,85830.8,85772.2,85778,2.15738746,185071.740837141,1
1790171940000,2026-09-23T13:59:00+00:00,85778,85800,85776.5,85798,3.38853791,290701.111847724,1
1790172000000,2026-09-23T14:00:00+00:00,85798,85869.1,85776.4,85869.1,8.74774901,750772.950742568,1
1790172060000,2026-09-23T14:01:00+00:00,85869.1,85944.2,85869.1,85919.8,12.27232807,1054364.377005444,1
1790172120000,2026-09-23T14:02:00+00:00,85919.9,85945.6,85814.1,85820.3,9.57542253,822476.119883327,1
1790172180000,2026-09-23T14:03:00+00:00,85816.2,85822.4,85721.5,85739,7.02755745,602769.278492244,1
1790172240000,2026-09-23T14:04:00+00:00,85739.1,85776.8,85715.7,85767.3,2.83152849,242823.660650864,1
1790172300000,2026-09-23T14:05:00+00:00,85767.4,85820.4,85722.9,85723,2.23487907,191701.805487768,1
1790172360000,2026-09-23T14:06:00+00:00,85723,85723,85625.9,85660.9,4.24547619,363716.482965708,1
1790172420000,2026-09-23T14:07:00+00:00,85659.8,85659.8,85556.3,85556.3,8.86843817,759127.343015073,1
1790172480000,2026-09-23T14:08:00+00:00,85555.7,85555.8,85417.8,85440.8,17.06312827,1458727.385602732,1
1790172540000,2026-09-23T14:09:00+00:00,85440.8,85440.8,85333.3,85333.4,27.63825488,2359370.857115871,1
1790172600000,2026-09-23T14:10:00+00:00,85333.4,85353,84933,85152,122.89409795,10456248.872615988,1
1790172660000,2026-09-23T14:11:00+00:00,85152,85152,84926.2,84996.5,32.72689685,2781407.482510706,1
1790172720000,2026-09-23T14:12:00+00:00,85003.4,85075.6,84790.6,84790.6,78.01756891,6622328.942089415,1
1790172780000,2026-09-23T14:13:00+00:00,84790.4,84804.3,84550.9,84718.4,115.52029771,9780153.066855818,1
1790172840000,2026-09-23T14:14:00+00:00,84718.3,84904.9,84718.3,84879.9,56.00474097,4749103.005714345,1
1790172900000,2026-09-23T14:15:00+00:00,84879.8,84884.5,84757.9,84796.8,28.40852376,2409722.97046627,1
1790172960000,2026-09-23T14:16:00+00:00,84794.9,84794.9,84609.5,84609.6,26.27728089,2224739.580185636,1
1790173020000,2026-09-23T14:17:00+00:00,84609.5,84609.5,84443.2,84529.9,124.5381236,10526748.052541893,1
1790173080000,2026-09-23T14:18:00+00:00,84534.1,84613,84433.1,84467.7,30.76351106,2599760.246673496,1
1790173140000,2026-09-23T14:19:00+00:00,84466.4,84499,84356.4,84356.4,28.30525145,2389914.611380946,1
1790173200000,2026-09-23T14:20:00+00:00,84356.5,84506.2,84260,84498.6,47.81132772,4033247.83397855,1
1790173260000,2026-09-23T14:21:00+00:00,84495,84544.2,84391.8,84412.9,24.07210457,2034144.479854741,1
1790173320000,2026-09-23T14:22:00+00:00,84412.9,84412.9,84200,84220.1,45.43483482,3827972.000254872,1
1790173380000,2026-09-23T14:23:00+00:00,84220,84249.1,84068.1,84118.7,197.47899196,16611314.948347457,1
1790173440000,2026-09-23T14:24:00+00:00,84118.7,84225.7,84072.4,84218.4,37.14668068,3125914.684562259,1
1790173500000,2026-09-23T14:25:00+00:00,84218.5,84395.6,84198.2,84305.3,74.42720758,6276017.344086446,1
1790173560000,2026-09-23T14:26:00+00:00,84305.2,84305.2,84144.6,84160.3,38.13079202,3212176.325972253,1
1790173620000,2026-09-23T14:27:00+00:00,84160.3,84184.4,84107.3,84136.5,14.05449852,1182480.766243234,1
1790173680000,2026-09-23T14:28:00+00:00,84136.5,84181.8,84107.3,84131.1,15.63462374,1315447.147850672,1
1790173740000,2026-09-23T14:29:00+00:00,84131,84184.4,83938.1,84045.5,106.15730126,8918627.084212824,1
1790173800000,2026-09-23T14:30:00+00:00,84039.3,84125.7,83957.4,83957.4,24.69012242,2075107.222068739,1
1790173860000,2026-09-23T14:31:00+00:00,83957.3,84050.6,83856.4,84036,50.31379625,4222493.936004258,1
1790173920000,2026-09-23T14:32:00+00:00,84035.1,84225.8,84008.1,84220.6,36.24449944,3050391.146702697,1
